[
    {
        "threadID": "6328370547184627",
        "shortcuts": [
            {
                "id": "Jtnr8CAnKY.mp4",
                "output": "Okokok",
                "uri": {},
                "input_type": "tag",
                "tag_id": "100068096370437"
            }
        ]
    },
    {
        "threadID": "6368402966620903",
        "shortcuts": []
    },
    {
        "threadID": "7143320082372879",
        "shortcuts": []
    },
    {
        "threadID": "7254331177990167",
        "shortcuts": [
            {
                "id": "zzuKromBrr.png",
                "input": "Iaia",
                "output": "Aooaoa"
            },
            {
                "id": "8rmomoC4vp.mp4",
                "output": "Âjab",
                "input_type": "tag",
                "tag_id": "100050999371837"
            }
        ]
    }
]