{
    "boxname": [
        {
            "threadID": "6786489904717480",
            "name": "Support • 24/24🗂️🖥️"
        },
        {
            "threadID": "9661830823887032",
            "name": "❌Box Tệ Nạn❌"
        },
        {
            "threadID": "6470367219696862",
            "name": "Minebruh10.aternos.me:56739"
        },
        {
            "threadID": "5855642881210699",
            "name": "Ổ Sình Teyvat ✨"
        },
        {
            "threadID": "5556442971082682",
            "name": "Niio-team 🐧🤌🏻 (Test)"
        },
        {
            "threadID": "6708144355908309",
            "name": "cfc"
        },
        {
            "threadID": "9924645424277399",
            "name": "Em Phi Mặt Lồn Nhà Nghèo Dái"
        },
        {
            "threadID": "24008226332124588",
            "name": "Quân Đoàn C93 FF🌸( 21-10-2021)"
        },
        {
            "threadID": "24264077596524264",
            "name": "đừng cap ăn hôi nho"
        },
        {
            "threadID": "10040350249340130",
            "name": "𝗕𝗼𝘅 𝗖𝗵𝗮𝘁 𝗕𝗼𝘁"
        },
        {
            "threadID": "7699372706755994",
            "name": "𝙎𝙪𝙥𝙥𝙤𝙧𝙩 • 𝘽𝙤𝙩 ( Newbie )"
        },
        {
            "threadID": "4726928920750816",
            "name": "#𝗮𝗲𝗲𝗱𝗶𝘁𝗹𝗼𝗱 (𝟯𝟬/𝟯/𝟮𝟬𝟮𝟮) ( Không tag All, 18+ = Kick)"
        },
        {
            "threadID": "5676201835814113",
            "name": "#AEFIGHTING⚡️( 0 war+leak+18+)(16-7-2022)"
        },
        {
            "threadID": "6678929005501991",
            "name": "🥹"
        },
        {
            "threadID": "6804616456270022",
            "name": "Support - BotMess"
        },
        {
            "threadID": "5632581580196662",
            "name": "✨ACE• Ba Miền✨"
        },
        {
            "threadID": "6863434487085563",
            "name": "AOV•Blaze Warriors🫰🍀"
        },
        {
            "threadID": "6895645853823585",
            "name": "🐧King and God (KOG•)🐧"
        },
        {
            "threadID": "6450671431679087",
            "name": "NT ┊ⓃⓄ┊ⓁⓄⓋⒺ(box Riêng Mink Tui)"
        },
        {
            "threadID": "3300764126651666",
            "name": "Box•aic_9/3/2022"
        },
        {
            "threadID": "6318550908164044",
            "name": "NH• 𝑫𝒊𝒗𝒊𝒏𝒆 𝑨𝒏𝒈𝒆𝒍𝒔♡ NT"
        },
        {
            "threadID": "5699790863414069",
            "name": "NC .Frankie"
        },
        {
            "threadID": "6595128843946427",
            "name": "𝕘𝕣𝕠𝕦𝕡 𝕓𝕒̂́𝕥 𝕙𝕒̣𝕟𝕙❀"
        },
        {
            "threadID": "24765509619729686",
            "name": "Đáy Xã Hội"
        },
        {
            "threadID": "6428712760499625",
            "name": "Băng Rồng Xanh 🐉🐉"
        },
        {
            "threadID": "6667999786660909",
            "name": "Light Angel👑"
        },
        {
            "threadID": "6935121499888018",
            "name": "🔥Báo Thủ AOV🔥"
        },
        {
            "threadID": "6896537173756952",
            "name": "CHƠI GAME ZUI ZẺ"
        },
        {
            "threadID": "24395386273440442",
            "name": "Thế Hệ Mới 4.0 🔥"
        },
        {
            "threadID": "7761374460544139",
            "name": "Nch Vv Hoặc Chửi nhau"
        },
        {
            "threadID": "6848022901978235",
            "name": "Hội Bàn Tròn                                                1/1/2024"
        },
        {
            "threadID": "7156002087746056",
            "name": "🌠 ๖ۣۜF𝓾𝓵𝓵  ๖ۣۜM𝓸𝓸𝓷 ๖ۣۜN𝓲𝓰𝓱𝓽♕✨| 17/10/2023|✨𝙳𝚎𝚋𝚞𝚝 𝟷𝟹/𝟷𝟸/𝟸𝟶𝟸𝟹⭐️"
        },
        {
            "threadID": "6283719165058940",
            "name": "『 𝚅𝚎 𝙳𝚊𝚢 𝙰𝚗 𝚃𝚎𝚝 』#𝚌𝚍_𝚝𝚎𝚊𝚖🌷 | 𝟷𝟻.𝟶𝟼.𝟸𝟶𝟸𝟹 |"
        },
        {
            "threadID": "7043812862350250",
            "name": "𝘽𝙊𝙓🔥𝘼𝙀𝙍𝙀𝘼𝙇𝙎𝙀𝙍  (𝙡𝙚𝙖𝙠=𝙘𝙪́𝙩)  (𝙧𝙚𝙖𝙡) ( 𝟐𝟎/𝟎𝟕/𝟐𝟎𝟐𝟑 )"
        },
        {
            "threadID": "6608205805968505",
            "name": "𝐕𝐈𝐏🔥𝐔𝐍𝐈𝐓𝐄𝐃"
        },
        {
            "threadID": "3197047277048796",
            "name": "👑 𝕬𝖉 𝕿𝖊𝖆𝖒 👑"
        },
        {
            "threadID": "24328973006701323",
            "name": "『𝙅𝙭𝙐』𝙅𝙪𝙥𝙞𝙩𝙚𝙧 𝙭 𝙐𝙧𝙖𝙣𝙪𝙨 💫 3/8/2023"
        },
        {
            "threadID": "7052988111461311",
            "name": "NH•𝑫𝒊𝒗𝒊𝒏𝒆 𝑨𝒏𝒈𝒆𝒍𝒔♡[1]"
        },
        {
            "threadID": "7431368566894890",
            "name": "⚠︎𝚃𝚘𝚙_𝚖𝚘𝚍𝚎𝚕_𝚅𝚒𝚎𝚝𝚗𝚊𝚖𝚎𝚜𝚎☣︎☠︎ TMV🃁"
        },
        {
            "threadID": "6984345548309579",
            "name": "Chuyên Cho Mượn Bot Free ( Ko Lấy Phí )"
        },
        {
            "threadID": "7751578644858545",
            "name": "Hội Nhà Báo 🌚"
        },
        {
            "threadID": "7018423248179540",
            "name": "«\"land of moon\"» 9/11/2023"
        },
        {
            "threadID": "9019364888135369",
            "name": "『 𝐻𝐷 』• 𝐼𝑛𝑣𝑖𝑠𝑖𝑏𝑙𝑒"
        },
        {
            "threadID": "6590445907733407",
            "name": "𝐓𝐢𝐞𝐟𝐞 𝐃𝐮𝐧𝐤𝐞𝐥𝐡𝐞𝐢𝐭💫🕳️| TxD🧑‍🦽🧑‍🦽"
        },
        {
            "threadID": "6211448838955462",
            "name": "𝐍𝐄 𝐁𝐎𝐗 𝐋𝐐"
        },
        {
            "threadID": "7640287275986358",
            "name": "ifox/6/1/2024"
        },
        {
            "threadID": "4765774120165207",
            "name": "『 ℙ𝕙𝕦𝕠𝕟𝕘 ℕ𝕘𝕦𝕪𝕖𝕥 』Ᵽɳ₉₂"
        },
        {
            "threadID": "24080717458209182",
            "name": "ᴀɴɢᴇʟᥫ᭡Liên Quân✨"
        },
        {
            "threadID": "6368402966620903",
            "name": ""
        },
        {
            "threadID": "6347296942039443",
            "name": "「Động Liên Quân ✿ 」 Nhánh 2"
        }
    ],
    "boximage": [
        {
            "threadID": "6786489904717480",
            "url": "https://i.imgur.com/QSGUg7T.jpg"
        },
        {
            "threadID": "9661830823887032",
            "url": "https://i.imgur.com/K2rjFov.jpg"
        },
        {
            "threadID": "6470367219696862",
            "url": "https://i.imgur.com/o1JFZpi.jpg"
        },
        {
            "threadID": "5556442971082682",
            "url": "https://i.imgur.com/cxznWhc.jpg"
        },
        {
            "threadID": "6708144355908309",
            "url": "https://i.imgur.com/yYB7DB0.jpg"
        },
        {
            "threadID": "24008226332124588",
            "url": "https://i.imgur.com/fNZovxa.jpg"
        },
        {
            "threadID": "6328370547184627",
            "url": "https://i.imgur.com/GnU4wDg.jpg"
        },
        {
            "threadID": "10040350249340130",
            "url": "https://i.imgur.com/jaTnLHK.jpg"
        },
        {
            "threadID": "7699372706755994",
            "url": "https://i.imgur.com/VwoUZtN.jpg"
        },
        {
            "threadID": "4726928920750816",
            "url": "https://i.imgur.com/6jXX3SU.jpg"
        },
        {
            "threadID": "6678929005501991",
            "url": "https://i.imgur.com/OHSGZLa.jpg"
        },
        {
            "threadID": "5632581580196662",
            "url": "https://i.imgur.com/pXLdnbb.jpg"
        },
        {
            "threadID": "6895645853823585",
            "url": "https://i.imgur.com/CZiupSi.jpg"
        },
        {
            "threadID": "6450671431679087",
            "url": "https://i.imgur.com/tm9H1Vg.jpg"
        },
        {
            "threadID": "5349359428493130",
            "url": "https://i.imgur.com/fywVajH.jpg"
        },
        {
            "threadID": "6318550908164044",
            "url": "https://i.imgur.com/bFu8vnp.jpg"
        },
        {
            "threadID": "5699790863414069",
            "url": "https://i.imgur.com/EQKwGrz.jpg"
        },
        {
            "threadID": "6595128843946427",
            "url": "https://i.imgur.com/3fFBvA3.jpg"
        },
        {
            "threadID": "24395386273440442",
            "url": "https://i.imgur.com/CXilHk2.jpg"
        },
        {
            "threadID": "24765509619729686",
            "url": "https://i.imgur.com/bZ8jSlC.jpg"
        },
        {
            "threadID": "6428712760499625",
            "url": "https://i.imgur.com/KZd1NSw.jpg"
        },
        {
            "threadID": "6667999786660909",
            "url": "https://i.imgur.com/vcrq0S5.jpg"
        },
        {
            "threadID": "6935121499888018",
            "url": "https://i.imgur.com/8PkzKyt.jpg"
        },
        {
            "threadID": "6896537173756952",
            "url": "https://i.imgur.com/xYLgh7F.jpg"
        },
        {
            "threadID": "7761374460544139",
            "url": "https://i.imgur.com/8e2KvIE.jpg"
        },
        {
            "threadID": "6848022901978235",
            "url": "https://i.imgur.com/XbCYBS5.jpg"
        },
        {
            "threadID": "7156002087746056",
            "url": "https://i.imgur.com/TjCLmo5.jpg"
        },
        {
            "threadID": "6283719165058940",
            "url": "https://i.imgur.com/gY9qLwX.jpg"
        },
        {
            "threadID": "7043812862350250",
            "url": "https://i.imgur.com/RH3Skcj.jpg"
        },
        {
            "threadID": "3197047277048796",
            "url": "https://i.imgur.com/2Vkfa8f.jpg"
        },
        {
            "threadID": "24328973006701323",
            "url": "https://i.imgur.com/VhIPqwM.jpg"
        },
        {
            "threadID": "7052988111461311",
            "url": "https://i.imgur.com/WBmv8O5.jpg"
        },
        {
            "threadID": "6984345548309579",
            "url": "https://i.imgur.com/yjGbNAB.jpg"
        },
        {
            "threadID": "7751578644858545",
            "url": "https://i.imgur.com/USuDdlv.jpg"
        },
        {
            "threadID": "7018423248179540",
            "url": "https://i.imgur.com/7gC5gnd.jpg"
        },
        {
            "threadID": "9019364888135369",
            "url": "https://i.imgur.com/BEo1iZL.jpg"
        },
        {
            "threadID": "6590445907733407",
            "url": "https://i.imgur.com/i8o4FFF.jpg"
        },
        {
            "threadID": "7431368566894890",
            "url": "https://i.imgur.com/UQLKsm8.jpg"
        },
        {
            "threadID": "7640287275986358",
            "url": "https://i.imgur.com/3UVsSlP.jpg"
        },
        {
            "threadID": "4765774120165207",
            "url": "https://i.imgur.com/SNi9mTH.jpg"
        },
        {
            "threadID": "6211448838955462",
            "url": "https://i.imgur.com/SeOL9E9.jpg"
        },
        {
            "threadID": "24080717458209182",
            "url": "https://i.imgur.com/0M0T6W5.jpg"
        },
        {
            "threadID": "6368402966620903",
            "url": {}
        }
    ],
    "antiout": {
        "6786489904717480": false,
        "5855642881210699": false,
        "6299344303460908": false,
        "5338986912893212": false,
        "5349359428493130": false,
        "4726928920750816": false,
        "5676201835814113": false,
        "6678929005501991": false,
        "5699790863414069": true,
        "3197047277048796": false,
        "6960476780696412": true,
        "5632581580196662": true,
        "6863434487085563": true,
        "6895645853823585": false,
        "6803896236384910": true,
        "6080529302056264": true,
        "3300764126651666": true,
        "6937954292893900": false,
        "6401346673319688": true,
        "6318550908164044": true,
        "6667999786660909": true,
        "6595128843946427": true,
        "6211448838955462": true,
        "7640287275986358": true,
        "6935121499888018": false,
        "24395386273440442": true,
        "24765509619729686": true,
        "6428712760499625": true,
        "6984345548309579": true,
        "6419104948190582": true,
        "6896537173756952": true,
        "6751549688286693": true,
        "7761374460544139": true,
        "6848022901978235": true,
        "7156002087746056": true,
        "7043812862350250": true,
        "7121867137859724": true,
        "24328973006701323": true,
        "7052988111461311": true,
        "7431368566894890": true,
        "24080717458209182": true,
        "7751578644858545": true,
        "7018423248179540": true,
        "6890708714338468": false,
        "9019364888135369": true,
        "6283719165058940": true,
        "7050523298374455": true,
        "6590445907733407": true,
        "6327233423981468": true,
        "4765774120165207": true,
        "6347296942039443": true,
        "25129606789986332": true
    },
    "antiNickname": [
        {
            "threadID": "6786489904717480",
            "data": {
                "585885531": "Thập Thủ Lệnh",
                "100019112371277": "CrazySquadGM",
                "100027105523677": "ZLPAY.RUN x CLMM.LU",
                "100038974699547": "『ᴇмʙéԍᴀмιɴԍ』",
                "100043044991011": "",
                "100044096243187": "tester xinh gái",
                "100046822702715": "Box Tệ Nạn (LP)",
                "100049356916902": "BinBin (907891 + đổi biệt danh)",
                "100051169840435": "×͜×ʀạᴘxιếcʟιQι",
                "100051488951087": "quó ai nì",
                "100057523457442": "𝓑𝓵𝓪𝓬𝓴 𝓟𝓪𝓷𝓽𝓱𝓮𝓻𝓼 𝓣𝓮𝓪𝓶",
                "100071731943609": "[ / ] • Tobi",
                "100072325904649": "Ổ Sình Teyvat ✨",
                "100073889114412": "hi",
                "100077323474027": "Box Thanh Tùng",
                "100078067479751": "» ! « → Bot Siu Cấp Vip Pờ Rồ",
                "100080878860665": "ㅤYour Name ㅤᥫᩣ",
                "100084868117065": "[ - ] • Niiozic",
                "100085412780938": "🏆Leo Pards Gaming🏆",
                "100087652159146": "[ - ] • Niiozic",
                "100090522207138": "Admin support",
                "100092742547112": "[ . ] • Bot Siu Cấp Vip Pờ Rồ",
                "100093515102658": "𝓑𝓵𝓪𝓬𝓴 𝓟𝓪𝓷𝓽𝓱𝓮𝓻𝓼 𝓣𝓮𝓪𝓶",
                "100094168903558": "[ / ] • Niiozic"
            }
        },
        {
            "threadID": "9661830823887032",
            "data": {
                "100009817113552": "sống chết với xỉu",
                "100015903480573": "Đang dỗi=> Neo Đơn",
                "100025076589634": "Ng Nghiện 0$ 😈😈",
                "100037945820436": "Tiền Vợ Cho Đánh Không Lo",
                "100046054395502": "cube mà đòi sánh vai với anh",
                "100046822702715": "Có tất cả nhưng thiếu anhs....",
                "100055771578926": "Thật là ba chấm🤨",
                "100065334340811": "Fan Gái Xinh",
                "100066540439580": "Kẹo dễ thương 🍔",
                "100069206345956": "anh có tài nhưng không có được em",
                "100069769320095": "Hịpp [con nghiện của clan]🤣",
                "100071385112787": "Dỗn Nhà Cái Đến Từ Châu Phi",
                "100071687271084": "kkk",
                "100077180882683": "Hải Quay Đầu Là Bờ",
                "100077797934826": "Ngân Não Ngắn",
                "100078067479751": "» ! « → Bot Siu Cấp Vip Pờ Rồ",
                "100081108391114": "Túuuuuu🥹",
                "100083181721308": "Nhân Lax all in tất cả vào tình iu",
                "100084868117065": "[ - ] • Niiozic",
                "100087652159146": "[ - ] • Bot Niiozic v3",
                "100092389653543": "Hấp đi xin mon",
                "100073889114412": "Admin bot",
                "100085130240990": "[ - ] • Bot Niiozic v3"
            }
        },
        {
            "threadID": "6470367219696862",
            "data": {
                "100000154104641": "Hbaodz",
                "100063621799670": "DrThanh",
                "100068244386161": "duongthedai(depchai)",
                "100070612081060": "Oggylaotoet",
                "100073889114412": "Admin bot",
                "100075550730885": "lengocduy",
                "100076755558392": "NoodNo",
                "100079492153938": "xCamenRaider",
                "100084868117065": "[ - ] • Niiozic",
                "100087652159146": "[ - ] • Niiozic",
                "100088031629966": "ED_quoc",
                "100090973027688": "chupchip",
                "100093978460042": "DuaHauKoHat_VN"
            }
        },
        {
            "threadID": "24008226332124588",
            "data": {
                "406322": "Hoàng Trung Thành ✅",
                "1501441": "Nguyễn Ngọc Nam ✅",
                "2203655": "Lại Văn Sĩ ✓⃝",
                "3405579": "Nam đờ zai 123",
                "12708642": "Nguyễn Văn Khôi ✅ đã xoá bạn khỏi nhóm",
                "19901352": "Nguyen Thi Phuong Anh",
                "22004532": "",
                "23504073": "Cao Ngọc Hải Đăng ✅",
                "33602266": "Nguyễn Văn Khôi ✅",
                "71303923": "Dương Thế Nhất ✅",
                "73800066": "",
                "602671339": "Ng Minh Chiến✅✅✅✅✅✅",
                "628210485": "Bế Đức Chính ✅✅✅✅✅✅✅✅✅✅✅✅✅✅✅✅✅✅✅✅✅✅✅✅✅✅✅✅✅✅✅✅✅✅✅✅✅",
                "750216591": "Phạm Anh Hào✅",
                "1208570064": "Pham Huu Luan ✅",
                "100000242583925": "Nguyen Van Tặc",
                "100001097362949": "Công An Quảng Bình✅",
                "100002175222327": "Trần Tiến Đăng✅",
                "100003216061122": "Nguyễn Thành Long ✅",
                "100004350284248": "Luke Glanton dep trai cu bu(white)",
                "100016017812480": "Chiến Thần Hà Nội ✅",
                "100024552401810": "Đoàn Tuấn ✅✅",
                "100025052231627": "Chienn Thangg ✅",
                "100028181173202": "Nguyễn Văn Bình✅",
                "100032002988883": "Phanh đã thêm trai đẹp vào nhóm",
                "100047219119871": "Nguyễn Thế Đăng ✅",
                "100047746514725": "Đỗ Hồ Khoa ✅",
                "100051719143084": "Nguyễn Hải Bình ✅",
                "100052816803473": "𝑽𝒖 𝑽𝒂𝒏 𝑻𝒖𝒏𝒈❎️❎️❎️❎️✅️✅️✅️✅️",
                "100054672072499": "Nguyễn Chiến✅",
                "100064571081659": "",
                "100072700060518": "",
                "100073693883744": "Fan Cứng IShowSpeed",
                "100077481925065": "AD 130 CheckScam GDTG - Ex FREE",
                "100078287033190": "Huỳnh Thanh Kiệt ✅",
                "100080376977704": "Trùm Box",
                "100083301813761": "Ninh Tích ☑",
                "100085130240990": "[ - ] • Bot Niiozic v3.6",
                "100085323085655": "Hồ Trọng Nghĩa",
                "100087652159146": "[ - ] • Bot Niiozic v3.6",
                "100093117511803": "Trần Bá Thái ✅",
                "61550967456136": "Hung✅",
                "100073889114412": "Admin bot",
                "100082438886626": ""
            }
        },
        {
            "threadID": "10040350249340130",
            "data": {
                "100000394956680": "[  ! ] • 𝐌𝐢𝐧𝐡𝐓𝐢̣𝐧𝐡𝐁𝐨𝐭",
                "100001837873386": "〖 / 〗• 𝐇𝐚𝐫𝐮𝐤𝐚-𝐯𝟐.𝟖",
                "100001838241327": "〖 / 〗• 𝐇𝐚𝐫𝐮𝐤𝐚-𝐯𝟐.𝟖",
                "100001941475254": "[ ? ] • 𝗜𝗠𝗭✅",
                "100009193419033": "『 . 』• 𝐁𝐨𝐭 𝐙𝐮𝐫𝐢 𝐯𝟐.𝟓🧸",
                "100094629826721": "[  . ] • 𝐙𝐮𝐫𝐢🧸",
                "61550738390142": "『 / 』 ⪼ ^.^",
                "61550858278020": "[ ? ] • [𝐁𝐨𝐭 𝐂𝐮𝐚 𝐄𝐦𝐢𝐥𝐲 🌷]",
                "61552574541200": "『 . 』• 𝐁𝐨𝐭 𝐙𝐮𝐫𝐢 𝐯𝟐.𝟓🧸",
                "61553100564258": "〖 / 〗• 𝐇𝐚𝐫𝐮𝐤𝐚-𝐯𝟐.𝟖"
            }
        },
        {
            "threadID": "6895645853823585",
            "data": {
                "100001837873386": "『 / 』 ⪼ 𝙱𝙾𝚃 𝙳𝚘𝚗𝚐𝙳𝚎𝚟👾",
                "100027877533411": "lính nhỏ 🐧",
                "100037815592727": "🐧 KOG•T.Bìnhh",
                "100055278532130": "🐧 KOG• bongbet 2k3",
                "100068207464529": "🐧 KOG•Quaan",
                "100069128480949": "KOG•Thịnh08🐧",
                "100072696640094": "KOG•tâm04",
                "100075183980954": "🐧 KOG• Kian",
                "100075900311325": "🐧 KOG• Vk Hoàng=)))",
                "100082603264104": "🐧 KOG• ghuy",
                "100085540247411": "🐧 KOG•Hui",
                "100088879443839": "KOG •🐧 tuân2k",
                "100089071332692": "Xoài đẹp choaiiiiiiii 🐧 KOG•",
                "100091336290445": "KOG•zyhuyn",
                "100092480303029": "🐧 KOG• Lynk k5",
                "100093649326277": "🐧 KOG•Thanh k7",
                "100093708194408": "🐧 KOG• Acc cl của Xoài 🫶",
                "100094617931490": "KOG •🐧Ngọc Anh08",
                "100095058826316": "KOG•duy🌚",
                "61553229820925": "Osin của Xoài đẹp zai",
                "61554356604330": "KOG•",
                "61554578990660": "KOG •🐧Kiệt 97",
                "100068096370437": "Admin Bot 🔐",
                "100041858782759": "KOG• Chíp x2🐥 ",
                "100082580102694": "",
                "100001838241327": "『 / 』 ⪼ 𝙱𝙾𝚃 𝙳𝚘𝚗𝚐𝙳𝚎𝚟👾"
            }
        },
        {
            "threadID": "7761374460544139",
            "data": {
                "100001837873386": "『 / 』 ⪼ 𝙱𝙾𝚃 𝙳𝚘𝚗𝚐𝙳𝚎𝚟👾",
                "61550013122232": "[ ' ] •  𝐭𝐡𝐢𝐬𝐳𝐲𝐨",
                "61553353496743": "[ / ] • 𝑫𝒐𝒓𝒂𝒂-𝑪𝒉𝒂𝒏 ❤",
                "61551362195356": ""
            }
        },
        {
            "threadID": "6283719165058940",
            "data": {
                "100001837873386": "『 / 』 ⪼ 𝙱𝙾𝚃 𝙳𝚘𝚗𝚐𝙳𝚎𝚟👾",
                "100001838241327": "『 / 』 ⪼ 𝙱𝙾𝚃 𝙳𝚘𝚗𝚐𝙳𝚎𝚟👾",
                "100005598915220": "🏵️ Trần My 🏵️",
                "100011194960572": "duy đú war hot war 2023 mà🤣🤣☄️",
                "100022088747959": "βơ •|ʕっ•ᴥ•ʔっ",
                "100024808777175": "đất t việc t,yk cc",
                "100033452541374": "duy đú war hot war 2023 mà🤣🤣☄️",
                "100041255741816": "Zợ của M.Tuan",
                "100045778295307": "Mây•| _bemayluoi_2104",
                "100046041760191": "Ng.Hà •|nghaa_21.09| pboss2",
                "100046574239639": "con ng có tềnh eoo 💞💤",
                "100050903049649": "đã bay ra zũ trụ •|loan.rosy_911|",
                "100056041291504": "yêu tất cả các cậu =))))",
                "100058199297396": "duy đú war hot war 2023 mà🤣🤣☄️",
                "100065397998449": "🌷Tam Hoàng Tử (Trào Phong)🌷",
                "100066676479084": "Tiểu Muội chx bồ :<<",
                "100070257131446": "duy đú war hot war 2023 mà🤣🤣☄️",
                "100070270132751": "15.06.2024 tớ sẽ quay lạiii 👽",
                "100071489084321": "vanhđangỉa",
                "100071729701689": "Cân cả box Ez:)🗿",
                "100072224787071": "minhhungdepzai",
                "100074300838256": "con nui của mẻ bboss🐯",
                "100074595677009": "Én1,5tủi cần người nhận nuôi",
                "100075231042512": "Tớ yeuu Ngtrdungs1tg hok yêu ai khác🫶🏻🧸",
                "100075360646981": "Đàn em Tang Tửu🏵️🌷",
                "100075833024004": "Nt🎭",
                "100076167784340": "Gie [tieuy_gieanglusi]",
                "100076412091110": "mỏ hỗn mãi mãi ko chữa đc;)😋🙈😈",
                "100076673134252": "𝐇𝐦𝐢𝐧𝐡𝐡 - Noel thật tuyệt khi cos anh",
                "100076820865144": "duy đú war hot war 2023 mà🤣🤣☄️",
                "100077444283148": "anhduongchuche😙",
                "100079093486062": "T _Hien trầm tính   [ t_hien_umecirs]",
                "100079246842995": "Thái Tử 🌷",
                "100080017793890": "duy đú war hot war 2023 mà🤣🤣☄️",
                "100080456683796": "duy đú war hot war 2023 mà🤣🤣☄️",
                "100080701698523": "duy đú war hot war 2023 mà🤣🤣☄️",
                "100080888798422": "🏵️Em rễ của Như Ang🏵️",
                "100081211974369": "người mù hay tia trai 😇",
                "100081310391522": "chó vô danh lên xin lỗi đeee",
                "100081383646313": "duy đú war hot war 2023 mà🤣🤣☄️",
                "100081647133516": "cac-))",
                "100082071523380": "",
                "100083053899387": "😒Bà nội ít tt🙃",
                "100083889729798": "PhuongAnh [ _.panhh._ ]",
                "100084203931732": "trái thanh long có trong mì tôm🍜 •| 𝑩𝒃𝒐𝒔𝒔¹",
                "100084489707020": "duy đú war hot war 2023 mà🤣🤣☄️",
                "100084684257242": "cutii ✨",
                "100085107139643": "duy đú war hot war 2023 mà🤣🤣☄️",
                "100085108005793": "T.NGÂN K12",
                "100085995206148": "duy đú war hot war 2023 mà🤣🤣☄️",
                "100086486375457": "Ác quỷ Mỏ Hỗn hồi chinh chém gió🖕",
                "100087265565787": "Hkim •|hunk_1910205",
                "100087534826443": "Tzyy🍒 |bachmongnghien",
                "100088295564527": "Tlon mê HL and A ni sì me 🧚‍♂️🌷",
                "100088383528916": "duy đú war hot war 2023 mà🤣🤣☄️",
                "100088481978877": "hphongdeptry",
                "100089031259508": "ت",
                "100089171206095": "范氏庄 •|phamtrang_yunlu",
                "100089469446649": "Tnhi (chuyên ttv) 🌷",
                "100089692804435": "duy đú war hot war 2023 mà🤣🤣☄️",
                "100090158026285": "nhìn gì trời🤡🤦 •| _trannguyetkhanh_",
                "100090206645874": "BChauu•|",
                "100090452064237": "t đập chetme m giờ=))?《xmj_04》",
                "100090466384679": "ACC PHỤ CỦA CỦA•|Hunk_1910205",
                "100090966493663": "đi ngủ đây tạm biệt mn😴😴",
                "100091035472034": "Umeeee Laa Vânnn Hiiii👉👈😍😍😍",
                "100091612803271": "hanie ngủ đông dậy r•| 2007",
                "100091857301985": "duy đú war hot war 2023 mà🤣🤣☄️",
                "100092224604682": "duy đú war hot war 2023 mà🤣🤣☄️",
                "100092265335016": "duy đú war hot war 2023 mà🤣🤣☄️",
                "100092547074921": "💮Mị là gấu🧸💮",
                "100092606979715": "em yeeu hnhan rất nhiều ❤️‍🩹",
                "100092957025629": "Thập công chúa🌷 ( Giang Ly)",
                "100093063092903": "bhy chó ngoan bngoc nhe☺️💞",
                "100093136263583": "Sạt girl ỉa chảy2k13•|trannie🥀👻",
                "100093483349850": "Bha 016",
                "100094529378878": "The Gooddess ❤️‍🔥❤️‍🔥❤️‍🔥•|fan.alexa.bliss.5",
                "100094884761715": "『 ! 』• 𝐖𝐃𝐮𝐲𝐲",
                "100094950183902": "cục cít đáy giếng😀💨",
                "100095190257324": "Zhy lười suy nghĩ 🧹✨ [ zhy_2k2bjmatacc] ☃️❄️",
                "100095327058879": "Hoàng Quý Phê:)💢",
                "100095389894672": "Zk Lou YunXi🥝🐥",
                "100095865630396": "💮Boss 1💮AnhhLyye💮chờ chế Yêu Qlai chọc chế típ☺",
                "61550012085584": "coan ma ăn ròi báo😗🐆",
                "61550034424554": "Ngủ sớm mai 2h đi hc 😁",
                "61550039015491": "Ly cute đéo có ni ế sấp mặt🥕🐰",
                "61550064346935": "duy đú war hot war 2023 mà🤣🤣☄️",
                "61550066105055": "🏵️ộp🏵️",
                "61550081393906": "Uyển Vãn•| Kimcheang208",
                "61550097300112": "chẳng có gì để đặt 😞",
                "61550221461318": "🌷🍯u mê shn 🍯🌷",
                "61550277134802": " mama tha lỗi cho con",
                "61550476597343": "nhìn cc",
                "61550485691358": "🤢 oẹ oẹ•| Bboss³",
                "61550600006551": "luỵ ngta",
                "61550911400167": "NI🥀LU🌷",
                "61551003793174": "Anti bít bọt Cd😔[LâmPhAnh k10]",
                "61551014971959": "hộp sữa bà thọ^^",
                "61551584181201": "nhỏ này ume pl🧸•|tuithichcauay",
                "61551770691967": "duy đú war hot war 2023 mà🤣🤣☄️",
                "61551774032249": "400 củ",
                "61551776023441": "ncc",
                "61551868528657": "Ê! Ăn thanh long chộn chubin ko🥰[lanz_ank_06]",
                "61551928542498": "𝑻𝒉𝒊𝒆𝒏 𝑫𝒖𝒂𝒕 👾 •| 𝑷𝒃𝒐𝒔𝒔²",
                "61552075907925": "Athu •| van_ky_otp",
                "61552094086199": "🫶🏻",
                "61552190638458": "nhúc nhích nhồi thịt",
                "61552204375432": "『. 』 Xie",
                "61552550615779": "Phan Vân Anh •| khthuz",
                "61552662998134": "con đú đòi dồn Nghuyen á? dồn thử mẹ m xem 😭😭",
                "61552738854270": "@Minhh Anhh bay acc",
                "61552857590247": "Hoàng Long •| 200?",
                "61554118670596": "[ ! ] ➺ 𝑺𝒉𝒊𝒏",
                "61554120907985": "duy đú war hot war 2023 mà🤣🤣☄️",
                "61554259011517": "『 . 』 ltt",
                "61554264763889": "Mun._.",
                "61554386517748": ".",
                "61554420851984": "sẹc xy boi 👽",
                "61554444004763": "😇",
                "61554687241887": "sạt boy hai mái,đi ẻ nhớ em vcl=))🐸",
                "61554770922041": "cuti thân thiện với all mem trừ trúc lồn 👽",
                "61554885502982": "『 . 』 lthithuy",
                "61555216348065": "Bố Là Minh Hùng",
                "100079339675014": "Nắng.đẹp.zai",
                "61555000295123": "",
                "61551869192959": ""
            }
        },
        {
            "threadID": "7751578644858545",
            "data": {
                "100001837873386": "bot ngu ",
                "100001838241327": "cc",
                "100048012427276": "Chồng em",
                "100052806816514": "Crep 2k1",
                "100070695052190": "t sẽ ko tt với box nữa🙂",
                "100071489084321": "vanhngungo05",
                "100073601648491": "Anh Ba qui fai🫥",
                "100073624489154": "còn độc thân",
                "100075540766153": "trai đẹp ff",
                "100077751467965": "im lặng cùng anhthuw🫰",
                "100077977819588": "Cậu Út Báo",
                "100078908717144": "ng đẹpp 💋",
                "100081896473465": "con căc anh cỡ nào?",
                "100083693677696": "dợ iu cuaa baoo anhh💤 ( tịnh tâm )",
                "100090087370029": "🌚",
                "61551340980673": "🐥",
                "61552360372838": "[ / ] •  𝐙𝐲𝐨",
                "61553675263160": "[  - ] • Linh Đan",
                "61553677683861": "Nấm m⁵",
                "61555000295123": "『 . 』 bot",
                "100009193419033": "『 / 』 ⪼ 𝙱𝙾𝚃 𝙳𝚘𝚗𝚐𝙳𝚎𝚟👾"
            }
        },
        {
            "threadID": "6848022901978235",
            "data": {
                "100001837873386": "『 / 』 ⪼ 𝙱𝙾𝚃 𝙳𝚘𝚗𝚐𝙳𝚎𝚟👾",
                "100001838241327": "『 / 』 ⪼ 𝙱𝙾𝚃 𝙳𝚘𝚗𝚐𝙳𝚎𝚟👾",
                "100019135025722": "《 Yuii 》♤- ql _Red balck casino and fate♧",
                "100023663749188": "RURI - BOSS _\"«LAND MOON»\"",
                "100026657051649": "Yumii-BBOSS1_✦Ｒαɪɴβσω∾ᗯɪтch",
                "100052329488948": "Tsuki - Bboss _𝕬𝖓𝖌𝖑𝖊 𝕴𝖓 𝕳𝖊𝖑𝖑",
                "100054645674856": "TOKO - BBOSS _\"«LAND MOON»\"",
                "100060418757426": "TDung-B.Boss _𝑊𝑖𝑏𝑢 𝑅𝑢𝑙𝑒 𝑇ℎ𝑒 𝑊𝑜𝑟𝑙𝑑🥀",
                "100068890873414": "Stella-Pboss_𝙅𝙪𝙥𝙞𝙩𝙚𝙧 𝙭 𝙐𝙧𝙖𝙣𝙪𝙨💫",
                "100069477799746": "Kòy_Boss/𝔹𝕦𝕟𝕟𝕚𝕖𝕤 𝕝𝕠𝕧𝕖 𝕥𝕠 𝕤𝕝𝕖𝕖𝕡💤",
                "100070948448314": "Yuri-ʙoss1_𝕴𝖓𝖋𝖎𝖓𝖎𝖙𝖞 𝕾𝖙𝖆𝖗𝖘",
                "100073864847068": "Kẹo kem bơ-p.ʙoss2_𝕴𝖓𝖋𝖎𝖓𝖎𝖙𝖞 𝕾𝖙𝖆𝖗𝖘",
                "100073968765385": "mary - Bboss _🌙Moon and sun☀",
                "100074084177097": "Yumii-BBOSS1_✦Ｒαɪɴβσω∾ᗯɪтch",
                "100074116166844": "Coffee-B.Boss_『Bright Star Village✨🎭』",
                "100075139867000": "《toan 》♤- Pboss _Red balck casino and fate♧",
                "100075235530704": "Li - QTV _\"«LAND MOON»\"",
                "100076857443737": "MDuy - P.Bboss _🌙Moon and sun☀",
                "100077039465058": "𝔍𝔈𝔜 - bboss _꧁•٭BŁλZE₩λƦƦłØƦ٭•꧂",
                "100077271425439": "Skye - Boss _ ✦𝙋𝙚𝙖𝙧𝙡 𝙤𝙛 𝙚𝙩𝙚𝙧𝙣𝙞𝙩𝙮",
                "100077477172073": "Paow - Boss _𝑊𝑖𝑏𝑢 𝑅𝑢𝑙𝑒 𝑇ℎ𝑒 𝑊𝑜𝑟𝑙𝑑🥀",
                "100079080954870": "《kai》♤- boss _Red balck casino and fate♧",
                "100079752715217": "Izyt-ᴘ.ʙᴏss²_ 𝕴𝖓𝖋𝖎𝖓𝖎𝖙𝖞 𝕾𝖙𝖆𝖗𝖘",
                "100079779792746": "CÁO - THƯ KÍ_\"«LAND MOON»\"",
                "100080221784718": "《Duy 》♤- Bboss _Red balck casino and fate♧",
                "100080751393899": "Lỏn-pboss_𝔹𝕦𝕟𝕟𝕚𝕖𝕤 𝕝𝕠𝕧𝕖 𝕥𝕠 𝕤𝕝𝕖𝕖𝕡",
                "100081144169143": "dQyh-P.boss_ミ★ʙʟuᴇsнʀιмᴘ★彡",
                "100082008573605": "𝐏𝐮𝐦𝐢𝐧-ʙ.ʙoss_𝕴𝖓𝖋𝖎𝖓𝖎𝖙𝖞 𝕾𝖙𝖆𝖗𝖘",
                "100082494909484": "Hthien-Qtv_𝙅𝙪𝙥𝙞𝙩𝙚𝙧 𝙭 𝙐𝙧𝙖𝙣𝙪𝙨💫",
                "100083384798094": "ZinC-ʙoss2_𝕴𝖓𝖋𝖎𝖓𝖎𝖙𝖞 𝕾𝖙𝖆𝖗𝖘",
                "100083492817512": "Ren-Qtv_𝙅𝙪𝙥𝙞𝙩𝙚𝙧 𝙭 𝙐𝙧𝙖𝙣𝙪𝙨💫",
                "100084588554709": "HẬU - QTV _\"«LAND MOON»\"",
                "100084639131710": "Dmeo - Pboss _ ✦𝙋𝙚𝙖𝙧𝙡 𝙤𝙛 𝙚𝙩𝙚𝙧𝙣𝙞𝙩𝙮",
                "100086407606548": "《Raphael》♤- p.boss_Red balck casino and fate♧",
                "100086555360195": "《bang》♤- pboss _Red balck casino and fate♧",
                "100087587076482": "Kar_Thư Ký_ ๖ۣۜF𝓾𝓵𝓵  ๖ۣۜM𝓸𝓸𝓷 ๖ۣۜN𝓲𝓰𝓱𝓽",
                "100087971714714": "Tôm-B.boss_ミ★ʙʟuᴇsнʀιмᴘ★彡",
                "100087999831732": "Yoon-Bboss_₊˚ପ ☁️𝙏𝙝𝙚ㅤ 𝘾𝙡𝙤𝙪𝙙𝙮ㅤ 𝘾𝙖𝙩 🐾 ✩‧₊˚",
                "100088666685511": "Nguyệt Nhã-Tky_₊˚ପ ☁️𝙏𝙝𝙚ㅤ 𝘾𝙡𝙤𝙪𝙙𝙮ㅤ 𝘾𝙖𝙩 🐾 ✩‧₊˚",
                "100088689916127": "Tero-P.Boss _𝑊𝑖𝑏𝑢 𝑅𝑢𝑙𝑒 𝑇ℎ𝑒 𝑊𝑜𝑟𝑙𝑑🥀",
                "100088776789603": "Hydro acid - Thư ký _The night in the Ocean",
                "100089185625174": "Nasa -B.boss _๖ۣۜF𝓾𝓵𝓵  ๖ۣۜM𝓸𝓸𝓷 ๖ۣۜN𝓲𝓰𝓱𝓽",
                "100089774384058": "《ines》♤- Tk _Red balck casino and fate♧",
                "100090562700474": "『 ! 』 ⪼  𝑴𝒂𝒓𝒊𝒔 🍓",
                "100090627063667": "Khờ - P.Boss _𝑊𝑖𝑏𝑢 𝑅𝑢𝑙𝑒 𝑇ℎ𝑒 𝑊𝑜𝑟𝑙𝑑🥀",
                "100090904561760": "《jisii》♤- boss _Red balck casino and fate♧",
                "100091800114265": "Layla-ʙ.ʙoss_𝕴𝖓𝖋𝖎𝖓𝖎𝖙𝖞 𝕾𝖙𝖆𝖗𝖘",
                "100092313305193": "《Nvuxx》♤- ql _Red balck casino and fate♧",
                "100092464891438": "𝙠𝙖𝙧𝙞 - 𝙗𝙗𝙤𝙨𝙨 _Ꮺ𝙢𝙮 familyꔛ",
                "100092536126081": "Qea - Boss¹ _𝕬𝖓𝖌𝖑𝖊 𝕴𝖓 𝕳𝖊𝖑𝖑",
                "100092665225989": "Bún riêu - Pboss1 _The night in the Ocean",
                "100092759227417": "[ / ] •  𝐙𝐲𝐨",
                "100093170118324": "Rinn-Pboss_₊˚ପ ☁️𝙏𝙝𝙚ㅤ 𝘾𝙡𝙤𝙪𝙙𝙮ㅤ 𝘾𝙖𝙩 🐾 ✩",
                "100093566296197": "Jesse-Qtv_𝙅𝙪𝙥𝙞𝙩𝙚𝙧 𝙭 𝙐𝙧𝙖𝙣𝙪𝙨 💫",
                "100094283730121": "Nylk - Qtv _ ✦𝙋𝙚𝙖𝙧𝙡 𝙤𝙛 𝙚𝙩𝙚𝙧𝙣𝙞𝙩𝙮",
                "100094304764085": "Kaytlyn-Bboss_𝙅𝙪𝙥𝙞𝙩𝙚𝙧 𝙭 𝙐𝙧𝙖𝙣𝙪𝙨💫",
                "100094327673908": "Ciara-Pboss_𝙅𝙪𝙥𝙞𝙩𝙚𝙧 𝙭 𝙐𝙧𝙖𝙣𝙪𝙨💫",
                "100094357748752": "Denggo - Bbos _ ✦𝙋𝙚𝙖𝙧𝙡 𝙤𝙛 𝙚𝙩𝙚𝙧𝙣𝙞𝙩𝙮",
                "100094668255563": "Donike-Tky_ミ★ʙʟuᴇsнʀιмᴘ★彡",
                "100094798934763": "Kanji_QTV_ ๖ۣۜF𝓾𝓵𝓵  ๖ۣۜM𝓸𝓸𝓷 ๖ۣۜN𝓲𝓰𝓱𝓽",
                "61550210441215": "Kiren_P.boss_ ๖ۣۜF𝓾𝓵𝓵  ๖ۣۜM𝓸𝓸𝓷 ๖ۣۜN𝓲𝓰𝓱𝓽",
                "61550361710369": "Hez-Pboss_𝙅𝙪𝙥𝙞𝙩𝙚𝙧 𝙭 𝙐𝙧𝙖𝙣𝙪𝙨💫",
                "61550512658242": "Yoii-Tky_𝙅𝙪𝙥𝙞𝙩𝙚𝙧 𝙭 𝙐𝙧𝙖𝙣𝙪𝙨💫",
                "61550602937898": "cánh cụt - Bboss _☀️MOON AND SUN🌙",
                "61550822815922": "pơ - P.boss_ ミ★ʙʟuᴇsнʀιмᴘ★彡",
                "61550969383973": "Ka - P.boss_�Red black casino and Fate�💭RBCxF💥",
                "61551336522352": "Kel Kel - Boss² _𝕬𝖓𝖌𝖑𝖊 𝕴𝖓 𝕳𝖊𝖑𝖑",
                "61551362195356": "Loui - Boss Tổng _ Hội Bàn Tròn",
                "61551464443086": "kai_BBOSS_𝔹𝕦𝕟𝕟𝕚𝕖𝕤 𝕝𝕠𝕧𝕖 𝕥𝕠 𝕤𝕝𝕖𝕖𝕡",
                "61551628457505": "Sun - Pboss¹ _𝕬𝖓𝖌𝖑𝖊 𝕴𝖓 𝕳𝖊𝖑𝖑",
                "61551898767661": "Bắp-BOSS1_✦Ｒαɪɴβσω∾ᗯɪтch",
                "61552152192736": "shi - QTV_🌙Moon and sun☀",
                "61552306403289": "Đen-Bboss_🌙Moon Ocean Lan🌙",
                "61552577980844": "Keito-Boss_₊˚ପ ☁️𝙏𝙝𝙚ㅤ 𝘾𝙡𝙤𝙪𝙙𝙮ㅤ 𝘾𝙖𝙩 🐾 ✩‧₊˚",
                "61553001640195": "Lucar- Thư kí _The night in the Ocean",
                "61553041104861": "missuniverse2018-qtv_𝕴𝖓𝖋𝖎𝖓𝖎𝖙𝖞 𝕾𝖙𝖆𝖗𝖘",
                "61553206161574": "Akasy-Pboss_₊˚ପ ☁️𝙏𝙝𝙚ㅤ 𝘾𝙡𝙤𝙪𝙙𝙮ㅤ 𝘾𝙖𝙩 🐾 ✩‧₊˚",
                "61553274522375": "Yuri-Tky_𝙅𝙪𝙥𝙞𝙩𝙚𝙧 𝙭 𝙐𝙧𝙖𝙣𝙪𝙨💫",
                "61553296585334": "Nasa - B.boss _๖ۣۜF𝓾𝓵𝓵  ๖ۣۜM𝓸𝓸𝓷 ๖ۣۜN𝓲𝓰𝓱𝓽",
                "61553303802001": "ᴀ ɴ ɢ ᴜ s - Qtv¹ _𝕬𝖓𝖌𝖑𝖊 𝕴𝖓 𝕳𝖊𝖑𝖑",
                "61553936125395": "Hirn-Bboss2_₊˚ପ ☁️𝙏𝙝𝙚ㅤ 𝘾𝙡𝙤𝙪𝙙𝙮ㅤ 𝘾𝙖𝙩 🐾 ✩‧₊˚",
                "61554506978013": "Su-p.ʙoss3_𝕴𝖓𝖋𝖎𝖓𝖎𝖙𝖞 𝕾𝖙𝖆𝖗𝖘",
                "61554669474944": "akasy - Qtv_The night in the Ocean",
                "61554796647466": "Shi - P.Boss _☀️MOON AND SUN🌙",
                "61554953187592": "Haru - Bboss _The Night in the Ocean",
                "61555139091818": "ixi - thư ký _🌙Moon and sun☀",
                "61555169031460": "Ngminh-Boss_𝙅𝙪𝙥𝙞𝙩𝙚𝙧 𝙭 𝙐𝙧𝙖𝙣𝙪𝙨💫",
                "61555293027182": "Ran - Bboss _☀️MOON AND SUN🌙"
            }
        },
        {
            "threadID": "7640287275986358",
            "data": {
                "100001837873386": "bot cute",
                "100001838241327": "bot đệ vanh",
                "100009193419033": "『 / 』 ⪼ 𝙱𝙾𝚃 𝙳𝚘𝚗𝚐𝙳𝚎𝚟👾",
                "100049867818618": "cụt trùm box🐧✨",
                "100051776895798": "Bắpp xàoo",
                "100056286832597": "Đáng=))",
                "100059505000463": "Peg deep tri 👉🤓",
                "100063648333441": "👾sa👾 vanh đepzai 🐧",
                "100065472155730": "☘️",
                "100067058481686": "ng dp 1m💤",
                "100069913640136": "#KemKem0¹²",
                "100071489084321": "vịt ",
                "100071983180427": "khtuu",
                "100072600038758": "gojo satoru (chồng quốc dân)",
                "100073288342840": "vanh đại ka",
                "100075505346056": "ai ma biet",
                "100076631764428": "HoÀi đẹpzai 06",
                "100077199175875": ".",
                "100077285575793": "Duy06",
                "100078026742744": "hăn",
                "100079664291837": "mhanhw",
                "100082816693015": "Hải 🤗",
                "100083042832826": ".",
                "100083269298223": "7 loli dưới hầm😈👿",
                "100084509434997": "...",
                "100084772960131": "Thịnh",
                "100086553547084": "hồng_cuti 💅",
                "100087676184207": "plinh 08",
                "100088231428966": "🫧海灵 🫧",
                "100089414142431": "Rabbit Color Senven",
                "100090086314632": "Tóc dài thì đổi tên:))",
                "100090299344088": "bel?",
                "100090807396078": "đell tin vào tyeu",
                "100092447707696": "ctakhongnenchoicungcontraineuchoicungsebisida!08",
                "100092462667492": "docthan ib❤️",
                "100092664505559": "helo các e🧸🫰",
                "100094950306549": "🖕🏿",
                "61550011123578": "Tổng tài bá đạo lạnh lùng",
                "61550550253201": "ck cac vk",
                "61550922875611": "Nq",
                "61551614859992": "pc",
                "61552531536563": "👾yukii 👾",
                "61552764266624": "cá voi 🐳hướng nội",
                "61553182778873": "cua",
                "61553348061280": "dit nham chong ban",
                "61553687882672": "tinh tế✨🥇💶👑",
                "61553805170027": "md011",
                "61554357113107": "rồng=>never die 06",
                "61554866642697": "nah",
                "61555000295123": "『 # 』 bot",
                "61555206212380": "『 . 』 • vanh đẹp zai lắm👽",
                "100000588170515": "anhh nùn nhất nhóm "
            }
        }
    ]
}