[
	{
		"key": "datr",
		"value": "S62aZQVS2U5UXMJxytJn2KVy",
		"domain": "facebook.com",
		"path": "/",
		"hostOnly": false,
		"creation": "2024-01-10T03:22:44.041Z",
		"lastAccessed": "2024-01-10T03:22:47.957Z"
	},
	{
		"key": "locale",
		"value": "vi_VN",
		"domain": "facebook.com",
		"path": "/",
		"hostOnly": false,
		"creation": "2024-01-10T03:22:44.095Z",
		"lastAccessed": "2024-01-10T03:22:47.957Z"
	},
	{
		"key": "sb",
		"value": "Na6aZZnAR-9IGoF8tPVlFhBV",
		"domain": "facebook.com",
		"path": "/",
		"hostOnly": false,
		"creation": "2024-01-10T03:22:44.098Z",
		"lastAccessed": "2024-01-10T03:22:47.957Z"
	},
	{
		"key": "m_ls",
		"value": "%7B%22c%22%3A%7B%221%22%3A%22HCwRAAAWkikW0K7jyQoTBRb20_G___4bAA%22%2C%222%22%3A%22GSwVQBxMAAAWARbyudXZDBYAABV-HEwAABYAFvK51dkMFgAAFigA%22%2C%2295%22%3A%22HCwAABYMFuqY9NYOEwUW9tPxv__-GwA%22%7D%2C%22d%22%3A%221af801a4-3b3c-4185-bbd2-8a08bfdc4ea1%22%2C%22s%22%3A%220%22%2C%22u%22%3A%22u0ujlz%22%7D",
		"domain": "facebook.com",
		"path": "/",
		"hostOnly": false,
		"creation": "2024-01-10T03:22:44.100Z",
		"lastAccessed": "2024-01-10T03:22:47.957Z"
	},
	{
		"key": "c_user",
		"value": "100001305769791",
		"domain": "facebook.com",
		"path": "/",
		"hostOnly": false,
		"creation": "2024-01-10T03:22:44.103Z",
		"lastAccessed": "2024-01-10T03:22:47.957Z"
	},
	{
		"key": "xs",
		"value": "33%3Ay3oX4Ks4MiVhdQ%3A2%3A1704845859%3A-1%3A16246%3A%3AAcWkKmyHKmHGY86CeEaab0afFtHpuTH9Qw6AcgygvQ",
		"domain": "facebook.com",
		"path": "/",
		"hostOnly": false,
		"creation": "2024-01-10T03:22:44.105Z",
		"lastAccessed": "2024-01-10T03:22:47.957Z"
	},
	{
		"key": "wd",
		"value": "600x1169",
		"domain": "facebook.com",
		"path": "/",
		"hostOnly": false,
		"creation": "2024-01-10T03:22:44.108Z",
		"lastAccessed": "2024-01-10T03:22:47.957Z"
	},
	{
		"key": "fr",
		"value": "1Cw9kAqXuaUIIQ4nw.AWWuJ2uPJYnxijNPWYW-GAbD7kI.BlneeC.Ha.AAA.0.0.Blnen7.AWVL52fv7D8",
		"domain": "facebook.com",
		"path": "/",
		"hostOnly": false,
		"creation": "2024-01-10T03:22:44.110Z",
		"lastAccessed": "2024-01-10T03:22:47.957Z"
	},
	{
		"key": "m_page_voice",
		"value": "100001305769791",
		"domain": "facebook.com",
		"path": "/",
		"hostOnly": false,
		"creation": "2024-01-10T03:22:44.113Z",
		"lastAccessed": "2024-01-10T03:22:47.957Z"
	},
	{
		"key": "datr",
		"value": "S62aZQVS2U5UXMJxytJn2KVy",
		"domain": "facebook.com",
		"path": "/",
		"hostOnly": false,
		"creation": "2024-01-10T03:22:44.041Z",
		"lastAccessed": "2024-01-10T03:22:47.957Z"
	},
	{
		"key": "locale",
		"value": "vi_VN",
		"domain": "facebook.com",
		"path": "/",
		"hostOnly": false,
		"creation": "2024-01-10T03:22:44.095Z",
		"lastAccessed": "2024-01-10T03:22:47.957Z"
	},
	{
		"key": "sb",
		"value": "Na6aZZnAR-9IGoF8tPVlFhBV",
		"domain": "facebook.com",
		"path": "/",
		"hostOnly": false,
		"creation": "2024-01-10T03:22:44.098Z",
		"lastAccessed": "2024-01-10T03:22:47.957Z"
	},
	{
		"key": "m_ls",
		"value": "%7B%22c%22%3A%7B%221%22%3A%22HCwRAAAWkikW0K7jyQoTBRb20_G___4bAA%22%2C%222%22%3A%22GSwVQBxMAAAWARbyudXZDBYAABV-HEwAABYAFvK51dkMFgAAFigA%22%2C%2295%22%3A%22HCwAABYMFuqY9NYOEwUW9tPxv__-GwA%22%7D%2C%22d%22%3A%221af801a4-3b3c-4185-bbd2-8a08bfdc4ea1%22%2C%22s%22%3A%220%22%2C%22u%22%3A%22u0ujlz%22%7D",
		"domain": "facebook.com",
		"path": "/",
		"hostOnly": false,
		"creation": "2024-01-10T03:22:44.100Z",
		"lastAccessed": "2024-01-10T03:22:47.957Z"
	},
	{
		"key": "c_user",
		"value": "100001305769791",
		"domain": "facebook.com",
		"path": "/",
		"hostOnly": false,
		"creation": "2024-01-10T03:22:44.103Z",
		"lastAccessed": "2024-01-10T03:22:47.957Z"
	},
	{
		"key": "xs",
		"value": "33%3Ay3oX4Ks4MiVhdQ%3A2%3A1704845859%3A-1%3A16246%3A%3AAcWkKmyHKmHGY86CeEaab0afFtHpuTH9Qw6AcgygvQ",
		"domain": "facebook.com",
		"path": "/",
		"hostOnly": false,
		"creation": "2024-01-10T03:22:44.105Z",
		"lastAccessed": "2024-01-10T03:22:47.957Z"
	},
	{
		"key": "wd",
		"value": "600x1169",
		"domain": "facebook.com",
		"path": "/",
		"hostOnly": false,
		"creation": "2024-01-10T03:22:44.108Z",
		"lastAccessed": "2024-01-10T03:22:47.957Z"
	},
	{
		"key": "fr",
		"value": "1Cw9kAqXuaUIIQ4nw.AWWuJ2uPJYnxijNPWYW-GAbD7kI.BlneeC.Ha.AAA.0.0.Blnen7.AWVL52fv7D8",
		"domain": "facebook.com",
		"path": "/",
		"hostOnly": false,
		"creation": "2024-01-10T03:22:44.110Z",
		"lastAccessed": "2024-01-10T03:22:47.957Z"
	},
	{
		"key": "m_page_voice",
		"value": "100001305769791",
		"domain": "facebook.com",
		"path": "/",
		"hostOnly": false,
		"creation": "2024-01-10T03:22:44.113Z",
		"lastAccessed": "2024-01-10T03:22:47.957Z"
	},
	{
		"key": "m_page_voice",
		"value": "100001305769791",
		"domain": "messenger.com",
		"path": "/",
		"hostOnly": false,
		"creation": "2024-01-10T03:22:44.138Z",
		"lastAccessed": "2024-01-10T03:22:47.963Z"
	}
]