{
    "total": [
        {
            "id": "100050999371837",
            "count": 0
        },
        {
            "id": "100075216610999",
            "count": 1
        },
        {
            "id": "61550190401046",
            "count": 0
        },
        {
            "id": "61553918841153",
            "count": 0
        },
        {
            "id": "100072238385916",
            "count": 0
        }
    ],
    "week": [
        {
            "id": "100050999371837",
            "count": 0,
            "name": "Tiến Nguyễn"
        },
        {
            "id": "100075216610999",
            "count": 0,
            "name": "Hyouka Granger"
        },
        {
            "id": "61550190401046",
            "count": 0,
            "name": "Hoàng Ng"
        },
        {
            "id": "61553918841153",
            "count": 0,
            "name": "Người dùng facebook"
        },
        {
            "id": "100072238385916",
            "count": 0,
            "name": "Người dùng facebook"
        }
    ],
    "day": [
        {
            "id": "100050999371837",
            "count": 0,
            "name": "Tiến Nguyễn"
        },
        {
            "id": "100075216610999",
            "count": 0,
            "name": "Hyouka Granger"
        },
        {
            "id": "61550190401046",
            "count": 0,
            "name": "Người dùng facebook"
        },
        {
            "id": "61553918841153",
            "count": 0,
            "name": "Người dùng facebook"
        },
        {
            "id": "100072238385916",
            "count": 0,
            "name": "Người dùng facebook"
        }
    ],
    "time": 5,
    "last": {
        "time": 4,
        "day": [
            {
                "id": "100050999371837",
                "count": 0
            },
            {
                "id": "100075216610999",
                "count": 0
            },
            {
                "id": "61550190401046",
                "count": 0
            },
            {
                "id": "61553918841153",
                "count": 0
            },
            {
                "id": "100072238385916",
                "count": 0
            }
        ],
        "week": [
            {
                "id": "100050999371837",
                "count": 0
            },
            {
                "id": "100075216610999",
                "count": 0
            },
            {
                "id": "61550190401046",
                "count": 0
            },
            {
                "id": "61553918841153",
                "count": 0
            },
            {
                "id": "100072238385916",
                "count": 0
            }
        ]
    }
}