{
    "total": [
        {
            "id": "61555694213960",
            "count": 6
        },
        {
            "id": "100061145172707",
            "count": 193
        },
        {
            "id": "100072747877928",
            "count": 259
        },
        {
            "id": "100072136131577",
            "count": 2
        },
        {
            "id": "100090131767760",
            "count": 10
        },
        {
            "id": "100074304572419",
            "count": 44
        },
        {
            "id": "100076826063421",
            "count": 27
        },
        {
            "id": "61553237617602",
            "count": 0
        },
        {
            "id": "100065251907349",
            "count": 0
        },
        {
            "id": "100054055892412",
            "count": 5
        },
        {
            "id": "100080301887642",
            "count": 47
        },
        {
            "id": "61550716336128",
            "count": 45
        },
        {
            "id": "100083824748855",
            "count": 0
        },
        {
            "id": "100090596936524",
            "count": 3
        },
        {
            "id": "100066804994441",
            "count": 0
        },
        {
            "id": "100056115607494",
            "count": 1
        },
        {
            "id": "100065273724406",
            "count": 0
        },
        {
            "id": "100041079390776",
            "count": 91
        },
        {
            "id": "100075216610999",
            "count": 18
        }
    ],
    "week": [
        {
            "id": "61555694213960",
            "count": 6,
            "name": "Quỳnh Như"
        },
        {
            "id": "100061145172707",
            "count": 193,
            "name": "Phan Tuệ Mai"
        },
        {
            "id": "100072747877928",
            "count": 255,
            "name": "𝑳𝒆̂ 𝑵𝒈𝒐̣𝒄 𝑴𝒊𝒏𝒉 𓅂 :) !!"
        },
        {
            "id": "100072136131577",
            "count": 2,
            "name": "Ng Quynh Anh"
        },
        {
            "id": "100090131767760",
            "count": 10,
            "name": "Kiyoshi Apvir"
        },
        {
            "id": "100074304572419",
            "count": 44,
            "name": "Lam Thanh Le"
        },
        {
            "id": "100076826063421",
            "count": 27,
            "name": "Minhh Quangg"
        },
        {
            "id": "61553237617602",
            "count": 0,
            "name": "Shizu Khong Yeuu"
        },
        {
            "id": "100065251907349",
            "count": 0,
            "name": "Bùi Thịnh"
        },
        {
            "id": "100054055892412",
            "count": 5,
            "name": "Đoàn Chung"
        },
        {
            "id": "100080301887642",
            "count": 47,
            "name": "Giangg Luu"
        },
        {
            "id": "61550716336128",
            "count": 45,
            "name": "Trần Ngọc Quỳnh"
        },
        {
            "id": "100083824748855",
            "count": 0,
            "name": "Thuỳ Trang"
        },
        {
            "id": "100090596936524",
            "count": 3,
            "name": "Nguyễn Nam Nhật"
        },
        {
            "id": "100066804994441",
            "count": 0,
            "name": "Nguyễn Vy"
        },
        {
            "id": "100056115607494",
            "count": 1,
            "name": "Mai Ph Thuy"
        },
        {
            "id": "100065273724406",
            "count": 0,
            "name": "Bạch Uyển Đình"
        },
        {
            "id": "100041079390776",
            "count": 89,
            "name": "Chương Thái"
        },
        {
            "id": "100075216610999",
            "count": 13,
            "name": "Hyouka Granger"
        }
    ],
    "day": [
        {
            "id": "61555694213960",
            "count": 0,
            "name": "Quỳnh Như"
        },
        {
            "id": "100061145172707",
            "count": 0,
            "name": "Phan Tuệ Mai"
        },
        {
            "id": "100072747877928",
            "count": 0,
            "name": "𝑳𝒆̂ 𝑵𝒈𝒐̣𝒄 𝑴𝒊𝒏𝒉 𓅂 :) !!"
        },
        {
            "id": "100072136131577",
            "count": 0,
            "name": "Ng Quynh Anh"
        },
        {
            "id": "100090131767760",
            "count": 0,
            "name": "Kiyoshi Apvir"
        },
        {
            "id": "100074304572419",
            "count": 0,
            "name": "Lam Thanh Le"
        },
        {
            "id": "100076826063421",
            "count": 0,
            "name": "Minhh Quangg"
        },
        {
            "id": "61553237617602",
            "count": 0,
            "name": "Shizu Khong Yeuu"
        },
        {
            "id": "100065251907349",
            "count": 0,
            "name": "Bùi Thịnh"
        },
        {
            "id": "100054055892412",
            "count": 0,
            "name": "Đoàn Chung"
        },
        {
            "id": "100080301887642",
            "count": 0,
            "name": "Giangg Luu"
        },
        {
            "id": "61550716336128",
            "count": 0,
            "name": "Trần Ngọc Quỳnh"
        },
        {
            "id": "100083824748855",
            "count": 0,
            "name": "Thuỳ Trang"
        },
        {
            "id": "100090596936524",
            "count": 0,
            "name": "Nguyễn Nam Nhật"
        },
        {
            "id": "100066804994441",
            "count": 0,
            "name": "Nguyễn Vy"
        },
        {
            "id": "100056115607494",
            "count": 0,
            "name": "Mai Ph Thuy"
        },
        {
            "id": "100065273724406",
            "count": 0,
            "name": "Bạch Uyển Đình"
        },
        {
            "id": "100041079390776",
            "count": 0,
            "name": "Chương Thái"
        },
        {
            "id": "100075216610999",
            "count": 0,
            "name": "Hyouka Granger"
        }
    ],
    "time": 5,
    "last": {
        "time": 0,
        "day": [
            {
                "id": "61555694213960",
                "count": 0
            },
            {
                "id": "100061145172707",
                "count": 0
            },
            {
                "id": "100072747877928",
                "count": 0
            },
            {
                "id": "100072136131577",
                "count": 0
            },
            {
                "id": "100090131767760",
                "count": 0
            },
            {
                "id": "100074304572419",
                "count": 0
            },
            {
                "id": "100076826063421",
                "count": 0
            },
            {
                "id": "61553237617602",
                "count": 0
            },
            {
                "id": "100065251907349",
                "count": 0
            },
            {
                "id": "100054055892412",
                "count": 0
            },
            {
                "id": "100080301887642",
                "count": 0
            },
            {
                "id": "61550716336128",
                "count": 0
            },
            {
                "id": "100083824748855",
                "count": 0
            },
            {
                "id": "100090596936524",
                "count": 0
            },
            {
                "id": "100066804994441",
                "count": 0
            },
            {
                "id": "100056115607494",
                "count": 0
            },
            {
                "id": "100065273724406",
                "count": 0
            },
            {
                "id": "100041079390776",
                "count": 0
            },
            {
                "id": "100025796922843",
                "count": 0
            },
            {
                "id": "100075216610999",
                "count": 0
            }
        ],
        "week": [
            {
                "id": "61555694213960",
                "count": 0
            },
            {
                "id": "100061145172707",
                "count": 0
            },
            {
                "id": "100072747877928",
                "count": 0
            },
            {
                "id": "100072136131577",
                "count": 0
            },
            {
                "id": "100090131767760",
                "count": 0
            },
            {
                "id": "100074304572419",
                "count": 0
            },
            {
                "id": "100076826063421",
                "count": 0
            },
            {
                "id": "61553237617602",
                "count": 0
            },
            {
                "id": "100065251907349",
                "count": 0
            },
            {
                "id": "100054055892412",
                "count": 0
            },
            {
                "id": "100080301887642",
                "count": 0
            },
            {
                "id": "61550716336128",
                "count": 0
            },
            {
                "id": "100083824748855",
                "count": 0
            },
            {
                "id": "100090596936524",
                "count": 0
            },
            {
                "id": "100066804994441",
                "count": 0
            },
            {
                "id": "100056115607494",
                "count": 0
            },
            {
                "id": "100065273724406",
                "count": 0
            },
            {
                "id": "100041079390776",
                "count": 0
            },
            {
                "id": "100025796922843",
                "count": 0
            },
            {
                "id": "100075216610999",
                "count": 0
            }
        ]
    }
}