{
    "total": [
        {
            "id": "61554837713549",
            "count": 68
        },
        {
            "id": "100053821115690",
            "count": 157
        },
        {
            "id": "61550083523276",
            "count": 222
        },
        {
            "id": "100046296541508",
            "count": 0
        },
        {
            "id": "61550044078913",
            "count": 0
        },
        {
            "id": "100072185881876",
            "count": 0
        },
        {
            "id": "100077203973019",
            "count": 0
        },
        {
            "id": "61550693710580",
            "count": 0
        },
        {
            "id": "100080923910829",
            "count": 2
        },
        {
            "id": "100084691722022",
            "count": 73
        },
        {
            "id": "100092635693143",
            "count": 308
        },
        {
            "id": "100092573320601",
            "count": 5
        },
        {
            "id": "100081864805842",
            "count": 50
        },
        {
            "id": "100077347611032",
            "count": 0
        },
        {
            "id": "100094445057949",
            "count": 1
        },
        {
            "id": "100072303747212",
            "count": 0
        },
        {
            "id": "100074583795843",
            "count": 0
        },
        {
            "id": "100027591377959",
            "count": 116
        },
        {
            "id": "100092353756112",
            "count": 0
        },
        {
            "id": "100032462468846",
            "count": 1
        },
        {
            "id": "100089134280246",
            "count": 1
        },
        {
            "id": "100040464345248",
            "count": 189
        },
        {
            "id": "100081559865817",
            "count": 0
        },
        {
            "id": "100045571475901",
            "count": 0
        },
        {
            "id": "61556327937794",
            "count": 16
        },
        {
            "id": "100086055113700",
            "count": 11
        },
        {
            "id": "100093076413266",
            "count": 0
        },
        {
            "id": "100041781131265",
            "count": 5
        },
        {
            "id": "100068595556176",
            "count": 10
        },
        {
            "id": "100041919332930",
            "count": 15
        },
        {
            "id": "100078806928035",
            "count": 0
        },
        {
            "id": "100009801367183",
            "count": 1
        },
        {
            "id": "61553383523457",
            "count": 122
        },
        {
            "id": "61550666758392",
            "count": 54
        },
        {
            "id": "100079053075098",
            "count": 2
        },
        {
            "id": "61552509753947",
            "count": 23
        },
        {
            "id": "100079486754473",
            "count": 372
        },
        {
            "id": "100087373388717",
            "count": 51
        },
        {
            "id": "100071737850910",
            "count": 0
        },
        {
            "id": "61553598870543",
            "count": 1
        },
        {
            "id": "100095362701195",
            "count": 1
        },
        {
            "id": "100019408162783",
            "count": 83
        },
        {
            "id": "100073825968083",
            "count": 3
        },
        {
            "id": "100053379490714",
            "count": 0
        },
        {
            "id": "61556211415840",
            "count": 4
        },
        {
            "id": "100095133305529",
            "count": 123
        },
        {
            "id": "100070040388252",
            "count": 8
        },
        {
            "id": "100068856282475",
            "count": 0
        },
        {
            "id": "100089008120033",
            "count": 0
        },
        {
            "id": "100071050176656",
            "count": 3
        },
        {
            "id": "100090671250899",
            "count": 1
        },
        {
            "id": "61553603625611",
            "count": 0
        },
        {
            "id": "100094655349307",
            "count": 216
        },
        {
            "id": "100092246676774",
            "count": 21
        },
        {
            "id": "100065579700878",
            "count": 0
        },
        {
            "id": "100072499856422",
            "count": 94
        },
        {
            "id": "100066135503813",
            "count": 141
        },
        {
            "id": "100050090723404",
            "count": 56
        },
        {
            "id": "61556080779874",
            "count": 488
        },
        {
            "id": "100077766391769",
            "count": 0
        },
        {
            "id": "100055569773233",
            "count": 54
        },
        {
            "id": "61556067264982",
            "count": 9
        },
        {
            "id": "100060288785602",
            "count": 5
        },
        {
            "id": "61550120243636",
            "count": 0
        },
        {
            "id": "100077384177836",
            "count": 0
        },
        {
            "id": "100050999371837",
            "count": 1
        },
        {
            "id": "100075216610999",
            "count": 135
        },
        {
            "id": "61555069448629",
            "count": 5
        },
        {
            "id": "61557071857854",
            "count": 10
        },
        {
            "id": "61551023469947",
            "count": 192
        },
        {
            "id": "100092163694463",
            "count": 2
        },
        {
            "id": "100032791279161",
            "count": 8
        },
        {
            "id": "100090106811446",
            "count": 34
        },
        {
            "id": "100056926646222",
            "count": 15
        },
        {
            "id": "100082852472158",
            "count": 0
        },
        {
            "id": "100094199501318",
            "count": 15
        },
        {
            "id": "100041865284673",
            "count": 8
        },
        {
            "id": "100092179504754",
            "count": 68
        },
        {
            "id": "100074307296563",
            "count": 7
        },
        {
            "id": "100049309188107",
            "count": 5
        },
        {
            "id": "100080986764909",
            "count": 2
        },
        {
            "id": "100091373507850",
            "count": 0
        },
        {
            "id": "100080673546362",
            "count": 6
        },
        {
            "id": "100071950271132",
            "count": 1
        },
        {
            "id": "61556538850884",
            "count": 1
        },
        {
            "id": "61557690208615",
            "count": 0
        },
        {
            "id": "100073461156032",
            "count": 0
        }
    ],
    "week": [
        {
            "id": "61554837713549",
            "count": 0,
            "name": "Người dùng facebook"
        },
        {
            "id": "100053821115690",
            "count": 0,
            "name": "Người dùng facebook"
        },
        {
            "id": "61550083523276",
            "count": 0,
            "name": "Người dùng facebook"
        },
        {
            "id": "100046296541508",
            "count": 0,
            "name": "Người dùng facebook"
        },
        {
            "id": "61550044078913",
            "count": 0,
            "name": "Người dùng facebook"
        },
        {
            "id": "100072185881876",
            "count": 0,
            "name": "Người dùng facebook"
        },
        {
            "id": "100077203973019",
            "count": 0,
            "name": "Người dùng facebook"
        },
        {
            "id": "61550693710580",
            "count": 0,
            "name": "Người dùng facebook"
        },
        {
            "id": "100080923910829",
            "count": 0,
            "name": "Người dùng facebook"
        },
        {
            "id": "100084691722022",
            "count": 0,
            "name": "Người dùng facebook"
        },
        {
            "id": "100092635693143",
            "count": 0,
            "name": "Người dùng facebook"
        },
        {
            "id": "100092573320601",
            "count": 0,
            "name": "Người dùng facebook"
        },
        {
            "id": "100081864805842",
            "count": 0,
            "name": "Người dùng facebook"
        },
        {
            "id": "100077347611032",
            "count": 0,
            "name": "Người dùng facebook"
        },
        {
            "id": "100094445057949",
            "count": 0,
            "name": "Người dùng facebook"
        },
        {
            "id": "100072303747212",
            "count": 0,
            "name": "Người dùng facebook"
        },
        {
            "id": "100074583795843",
            "count": 0,
            "name": "Người dùng facebook"
        },
        {
            "id": "100027591377959",
            "count": 0,
            "name": "Người dùng facebook"
        },
        {
            "id": "100092353756112",
            "count": 0,
            "name": "Người dùng facebook"
        },
        {
            "id": "100032462468846",
            "count": 0,
            "name": "Người dùng facebook"
        },
        {
            "id": "100089134280246",
            "count": 0,
            "name": "Người dùng facebook"
        },
        {
            "id": "100040464345248",
            "count": 0,
            "name": "Người dùng facebook"
        },
        {
            "id": "100081559865817",
            "count": 0,
            "name": "Người dùng facebook"
        },
        {
            "id": "100045571475901",
            "count": 0,
            "name": "Người dùng facebook"
        },
        {
            "id": "61556327937794",
            "count": 0,
            "name": "Người dùng facebook"
        },
        {
            "id": "100086055113700",
            "count": 0,
            "name": "Người dùng facebook"
        },
        {
            "id": "100093076413266",
            "count": 0,
            "name": "Người dùng facebook"
        },
        {
            "id": "100041781131265",
            "count": 0,
            "name": "Người dùng facebook"
        },
        {
            "id": "100068595556176",
            "count": 0,
            "name": "Người dùng facebook"
        },
        {
            "id": "100041919332930",
            "count": 0,
            "name": "Người dùng facebook"
        },
        {
            "id": "100078806928035",
            "count": 0,
            "name": "Người dùng facebook"
        },
        {
            "id": "100009801367183",
            "count": 0,
            "name": "Người dùng facebook"
        },
        {
            "id": "61553383523457",
            "count": 0,
            "name": "Người dùng facebook"
        },
        {
            "id": "61550666758392",
            "count": 0,
            "name": "Người dùng facebook"
        },
        {
            "id": "100079053075098",
            "count": 0,
            "name": "Người dùng facebook"
        },
        {
            "id": "61552509753947",
            "count": 0,
            "name": "Người dùng facebook"
        },
        {
            "id": "100079486754473",
            "count": 0,
            "name": "Người dùng facebook"
        },
        {
            "id": "100087373388717",
            "count": 0,
            "name": "Người dùng facebook"
        },
        {
            "id": "100071737850910",
            "count": 0,
            "name": "Người dùng facebook"
        },
        {
            "id": "61553598870543",
            "count": 0,
            "name": "Người dùng facebook"
        },
        {
            "id": "100095362701195",
            "count": 0,
            "name": "Người dùng facebook"
        },
        {
            "id": "100019408162783",
            "count": 0,
            "name": "Người dùng facebook"
        },
        {
            "id": "100073825968083",
            "count": 0,
            "name": "Người dùng facebook"
        },
        {
            "id": "100053379490714",
            "count": 0,
            "name": "Người dùng facebook"
        },
        {
            "id": "61556211415840",
            "count": 0,
            "name": "Người dùng facebook"
        },
        {
            "id": "100095133305529",
            "count": 0,
            "name": "Người dùng facebook"
        },
        {
            "id": "100070040388252",
            "count": 0,
            "name": "Người dùng facebook"
        },
        {
            "id": "100068856282475",
            "count": 0,
            "name": "Người dùng facebook"
        },
        {
            "id": "100089008120033",
            "count": 0,
            "name": "Người dùng facebook"
        },
        {
            "id": "100071050176656",
            "count": 0,
            "name": "Người dùng facebook"
        },
        {
            "id": "100090671250899",
            "count": 0,
            "name": "Người dùng facebook"
        },
        {
            "id": "61553603625611",
            "count": 0,
            "name": "Người dùng facebook"
        },
        {
            "id": "100094655349307",
            "count": 0,
            "name": "Anh Là Sadboy"
        },
        {
            "id": "100092246676774",
            "count": 0,
            "name": "Người dùng facebook"
        },
        {
            "id": "100065579700878",
            "count": 0,
            "name": "Người dùng facebook"
        },
        {
            "id": "100072499856422",
            "count": 0,
            "name": "Người dùng facebook"
        },
        {
            "id": "100066135503813",
            "count": 0,
            "name": "Người dùng facebook"
        },
        {
            "id": "100050090723404",
            "count": 0,
            "name": "Người dùng facebook"
        },
        {
            "id": "61556080779874",
            "count": 0,
            "name": "Người dùng facebook"
        },
        {
            "id": "100077766391769",
            "count": 0,
            "name": "Nguyễn Mạnh"
        },
        {
            "id": "100055569773233",
            "count": 0,
            "name": "Người dùng facebook"
        },
        {
            "id": "61556067264982",
            "count": 0,
            "name": "Người dùng facebook"
        },
        {
            "id": "100060288785602",
            "count": 0,
            "name": "Người dùng facebook"
        },
        {
            "id": "61550120243636",
            "count": 0,
            "name": "Người dùng facebook"
        },
        {
            "id": "100077384177836",
            "count": 0,
            "name": "Người dùng facebook"
        },
        {
            "id": "100050999371837",
            "count": 0,
            "name": "Tiến Nguyễn"
        },
        {
            "id": "100075216610999",
            "count": 0,
            "name": "Hyouka Granger"
        },
        {
            "id": "61555069448629",
            "count": 0,
            "name": "Người dùng facebook"
        },
        {
            "id": "61557071857854",
            "count": 0,
            "name": "Người dùng facebook"
        },
        {
            "id": "61551023469947",
            "count": 0,
            "name": "Người dùng facebook"
        },
        {
            "id": "100092163694463",
            "count": 0,
            "name": "Người dùng facebook"
        },
        {
            "id": "100032791279161",
            "count": 0,
            "name": "Người dùng facebook"
        },
        {
            "id": "100090106811446",
            "count": 0,
            "name": "Người dùng facebook"
        },
        {
            "id": "100056926646222",
            "count": 0,
            "name": "Người dùng facebook"
        },
        {
            "id": "100082852472158",
            "count": 0,
            "name": "Người dùng facebook"
        },
        {
            "id": "100094199501318",
            "count": 0,
            "name": "Người dùng facebook"
        },
        {
            "id": "100041865284673",
            "count": 0,
            "name": "Người dùng facebook"
        },
        {
            "id": "100092179504754",
            "count": 0,
            "name": "Người dùng facebook"
        },
        {
            "id": "100074307296563",
            "count": 0,
            "name": "Người dùng facebook"
        },
        {
            "id": "100049309188107",
            "count": 0,
            "name": "Người dùng facebook"
        },
        {
            "id": "100080986764909",
            "count": 0,
            "name": "Người dùng facebook"
        },
        {
            "id": "100091373507850",
            "count": 0,
            "name": "Người dùng facebook"
        },
        {
            "id": "100080673546362",
            "count": 0,
            "name": "Người dùng facebook"
        },
        {
            "id": "100071950271132",
            "count": 0,
            "name": "Người dùng facebook"
        },
        {
            "id": "61556538850884",
            "count": 0,
            "name": "Người dùng facebook"
        },
        {
            "id": "61557690208615",
            "count": 0,
            "name": "Người dùng facebook"
        },
        {
            "id": "100073461156032",
            "count": 0,
            "name": "Người dùng facebook"
        }
    ],
    "day": [
        {
            "id": "61554837713549",
            "count": 0,
            "name": "Người dùng facebook"
        },
        {
            "id": "100053821115690",
            "count": 0,
            "name": "Người dùng facebook"
        },
        {
            "id": "61550083523276",
            "count": 0,
            "name": "Người dùng facebook"
        },
        {
            "id": "100046296541508",
            "count": 0,
            "name": "Người dùng facebook"
        },
        {
            "id": "61550044078913",
            "count": 0,
            "name": "Người dùng facebook"
        },
        {
            "id": "100072185881876",
            "count": 0,
            "name": "Người dùng facebook"
        },
        {
            "id": "100077203973019",
            "count": 0,
            "name": "Người dùng facebook"
        },
        {
            "id": "61550693710580",
            "count": 0,
            "name": "Người dùng facebook"
        },
        {
            "id": "100080923910829",
            "count": 0,
            "name": "Người dùng facebook"
        },
        {
            "id": "100084691722022",
            "count": 0,
            "name": "Người dùng facebook"
        },
        {
            "id": "100092635693143",
            "count": 0,
            "name": "Người dùng facebook"
        },
        {
            "id": "100092573320601",
            "count": 0,
            "name": "Người dùng facebook"
        },
        {
            "id": "100081864805842",
            "count": 0,
            "name": "Người dùng facebook"
        },
        {
            "id": "100077347611032",
            "count": 0,
            "name": "Người dùng facebook"
        },
        {
            "id": "100094445057949",
            "count": 0,
            "name": "Người dùng facebook"
        },
        {
            "id": "100072303747212",
            "count": 0,
            "name": "Người dùng facebook"
        },
        {
            "id": "100074583795843",
            "count": 0,
            "name": "Người dùng facebook"
        },
        {
            "id": "100027591377959",
            "count": 0,
            "name": "Người dùng facebook"
        },
        {
            "id": "100092353756112",
            "count": 0,
            "name": "Người dùng facebook"
        },
        {
            "id": "100032462468846",
            "count": 0,
            "name": "Người dùng facebook"
        },
        {
            "id": "100089134280246",
            "count": 0,
            "name": "Người dùng facebook"
        },
        {
            "id": "100040464345248",
            "count": 0,
            "name": "Người dùng facebook"
        },
        {
            "id": "100081559865817",
            "count": 0,
            "name": "Người dùng facebook"
        },
        {
            "id": "100045571475901",
            "count": 0,
            "name": "Người dùng facebook"
        },
        {
            "id": "61556327937794",
            "count": 0,
            "name": "Người dùng facebook"
        },
        {
            "id": "100086055113700",
            "count": 0,
            "name": "Người dùng facebook"
        },
        {
            "id": "100093076413266",
            "count": 0,
            "name": "Người dùng facebook"
        },
        {
            "id": "100041781131265",
            "count": 0,
            "name": "Người dùng facebook"
        },
        {
            "id": "100068595556176",
            "count": 0,
            "name": "Người dùng facebook"
        },
        {
            "id": "100041919332930",
            "count": 0,
            "name": "Người dùng facebook"
        },
        {
            "id": "100078806928035",
            "count": 0,
            "name": "Người dùng facebook"
        },
        {
            "id": "100009801367183",
            "count": 0,
            "name": "Người dùng facebook"
        },
        {
            "id": "61553383523457",
            "count": 0,
            "name": "Người dùng facebook"
        },
        {
            "id": "61550666758392",
            "count": 0,
            "name": "Người dùng facebook"
        },
        {
            "id": "100079053075098",
            "count": 0,
            "name": "Người dùng facebook"
        },
        {
            "id": "61552509753947",
            "count": 0,
            "name": "Người dùng facebook"
        },
        {
            "id": "100079486754473",
            "count": 0,
            "name": "Người dùng facebook"
        },
        {
            "id": "100087373388717",
            "count": 0,
            "name": "Người dùng facebook"
        },
        {
            "id": "100071737850910",
            "count": 0,
            "name": "Người dùng facebook"
        },
        {
            "id": "61553598870543",
            "count": 0,
            "name": "Người dùng facebook"
        },
        {
            "id": "100095362701195",
            "count": 0,
            "name": "Người dùng facebook"
        },
        {
            "id": "100019408162783",
            "count": 0,
            "name": "Người dùng facebook"
        },
        {
            "id": "100073825968083",
            "count": 0,
            "name": "Người dùng facebook"
        },
        {
            "id": "100053379490714",
            "count": 0,
            "name": "Người dùng facebook"
        },
        {
            "id": "61556211415840",
            "count": 0,
            "name": "Người dùng facebook"
        },
        {
            "id": "100095133305529",
            "count": 0,
            "name": "Người dùng facebook"
        },
        {
            "id": "100070040388252",
            "count": 0,
            "name": "Người dùng facebook"
        },
        {
            "id": "100068856282475",
            "count": 0,
            "name": "Người dùng facebook"
        },
        {
            "id": "100089008120033",
            "count": 0,
            "name": "Người dùng facebook"
        },
        {
            "id": "100071050176656",
            "count": 0,
            "name": "Người dùng facebook"
        },
        {
            "id": "100090671250899",
            "count": 0,
            "name": "Người dùng facebook"
        },
        {
            "id": "61553603625611",
            "count": 0,
            "name": "Người dùng facebook"
        },
        {
            "id": "100094655349307",
            "count": 0,
            "name": "Nguyễn Thương"
        },
        {
            "id": "100092246676774",
            "count": 0,
            "name": "Người dùng facebook"
        },
        {
            "id": "100065579700878",
            "count": 0,
            "name": "Người dùng facebook"
        },
        {
            "id": "100072499856422",
            "count": 0,
            "name": "Người dùng facebook"
        },
        {
            "id": "100066135503813",
            "count": 0,
            "name": "Người dùng facebook"
        },
        {
            "id": "100050090723404",
            "count": 0,
            "name": "Người dùng facebook"
        },
        {
            "id": "61556080779874",
            "count": 0,
            "name": "Người dùng facebook"
        },
        {
            "id": "100077766391769",
            "count": 0,
            "name": "Người dùng facebook"
        },
        {
            "id": "100055569773233",
            "count": 0,
            "name": "Người dùng facebook"
        },
        {
            "id": "61556067264982",
            "count": 0,
            "name": "Người dùng facebook"
        },
        {
            "id": "100060288785602",
            "count": 0,
            "name": "Người dùng facebook"
        },
        {
            "id": "61550120243636",
            "count": 0,
            "name": "Người dùng facebook"
        },
        {
            "id": "100077384177836",
            "count": 0,
            "name": "Người dùng facebook"
        },
        {
            "id": "100050999371837",
            "count": 0,
            "name": "Tiến Nguyễn"
        },
        {
            "id": "100075216610999",
            "count": 0,
            "name": "Hyouka Granger"
        },
        {
            "id": "61555069448629",
            "count": 0,
            "name": "Người dùng facebook"
        },
        {
            "id": "61557071857854",
            "count": 0,
            "name": "Người dùng facebook"
        },
        {
            "id": "61551023469947",
            "count": 0,
            "name": "Người dùng facebook"
        },
        {
            "id": "100092163694463",
            "count": 0,
            "name": "Người dùng facebook"
        },
        {
            "id": "100032791279161",
            "count": 0,
            "name": "Người dùng facebook"
        },
        {
            "id": "100090106811446",
            "count": 0,
            "name": "Người dùng facebook"
        },
        {
            "id": "100056926646222",
            "count": 0,
            "name": "Người dùng facebook"
        },
        {
            "id": "100082852472158",
            "count": 0,
            "name": "Người dùng facebook"
        },
        {
            "id": "100094199501318",
            "count": 0,
            "name": "Người dùng facebook"
        },
        {
            "id": "100041865284673",
            "count": 0,
            "name": "Người dùng facebook"
        },
        {
            "id": "100092179504754",
            "count": 0,
            "name": "Người dùng facebook"
        },
        {
            "id": "100074307296563",
            "count": 0,
            "name": "Người dùng facebook"
        },
        {
            "id": "100049309188107",
            "count": 0,
            "name": "Người dùng facebook"
        },
        {
            "id": "100080986764909",
            "count": 0,
            "name": "Người dùng facebook"
        },
        {
            "id": "100091373507850",
            "count": 0,
            "name": "Người dùng facebook"
        },
        {
            "id": "100080673546362",
            "count": 0,
            "name": "Người dùng facebook"
        },
        {
            "id": "100071950271132",
            "count": 0,
            "name": "Người dùng facebook"
        },
        {
            "id": "61556538850884",
            "count": 0,
            "name": "Người dùng facebook"
        },
        {
            "id": "61557690208615",
            "count": 0,
            "name": "Người dùng facebook"
        },
        {
            "id": "100073461156032",
            "count": 0,
            "name": "Người dùng facebook"
        }
    ],
    "time": 5,
    "last": {
        "time": 5,
        "day": [
            {
                "id": "61554837713549",
                "count": 0
            },
            {
                "id": "61554113665203",
                "count": 0
            },
            {
                "id": "100053821115690",
                "count": 0
            },
            {
                "id": "61550083523276",
                "count": 0
            },
            {
                "id": "100046296541508",
                "count": 0
            },
            {
                "id": "61550044078913",
                "count": 0
            },
            {
                "id": "100072185881876",
                "count": 0
            },
            {
                "id": "61552012977538",
                "count": 0
            },
            {
                "id": "100077203973019",
                "count": 0
            },
            {
                "id": "61550693710580",
                "count": 0
            },
            {
                "id": "100080923910829",
                "count": 0
            },
            {
                "id": "100084691722022",
                "count": 0
            },
            {
                "id": "100092635693143",
                "count": 0
            },
            {
                "id": "61551059668329",
                "count": 0
            },
            {
                "id": "100092573320601",
                "count": 0
            },
            {
                "id": "100081864805842",
                "count": 0
            },
            {
                "id": "100077347611032",
                "count": 0
            },
            {
                "id": "100088673286718",
                "count": 0
            },
            {
                "id": "100094445057949",
                "count": 0
            },
            {
                "id": "100072303747212",
                "count": 0
            },
            {
                "id": "100094093861361",
                "count": 0
            },
            {
                "id": "100074583795843",
                "count": 0
            },
            {
                "id": "100027591377959",
                "count": 0
            },
            {
                "id": "100092353756112",
                "count": 0
            },
            {
                "id": "100032462468846",
                "count": 0
            },
            {
                "id": "100089134280246",
                "count": 0
            },
            {
                "id": "100037875162449",
                "count": 0
            },
            {
                "id": "100040464345248",
                "count": 0
            },
            {
                "id": "100081559865817",
                "count": 0
            },
            {
                "id": "100045571475901",
                "count": 0
            },
            {
                "id": "61556327937794",
                "count": 0
            },
            {
                "id": "100086055113700",
                "count": 0
            },
            {
                "id": "100093076413266",
                "count": 0
            },
            {
                "id": "100041781131265",
                "count": 0
            },
            {
                "id": "100068595556176",
                "count": 0
            },
            {
                "id": "100041919332930",
                "count": 0
            },
            {
                "id": "100088533394125",
                "count": 0
            },
            {
                "id": "100078806928035",
                "count": 0
            },
            {
                "id": "100009801367183",
                "count": 0
            },
            {
                "id": "61552478796302",
                "count": 0
            },
            {
                "id": "100034993792801",
                "count": 0
            },
            {
                "id": "61553383523457",
                "count": 0
            },
            {
                "id": "61550666758392",
                "count": 0
            },
            {
                "id": "61555313752223",
                "count": 0
            },
            {
                "id": "100079053075098",
                "count": 0
            },
            {
                "id": "61550208590684",
                "count": 0
            },
            {
                "id": "100041666298574",
                "count": 0
            },
            {
                "id": "61552509753947",
                "count": 0
            },
            {
                "id": "100079486754473",
                "count": 0
            },
            {
                "id": "100087373388717",
                "count": 0
            },
            {
                "id": "100071737850910",
                "count": 0
            },
            {
                "id": "61553598870543",
                "count": 0
            },
            {
                "id": "100064907326525",
                "count": 0
            },
            {
                "id": "100095571060822",
                "count": 0
            },
            {
                "id": "100095362701195",
                "count": 0
            },
            {
                "id": "100019408162783",
                "count": 0
            },
            {
                "id": "100073825968083",
                "count": 0
            },
            {
                "id": "100053379490714",
                "count": 0
            },
            {
                "id": "61556211415840",
                "count": 0
            },
            {
                "id": "100095133305529",
                "count": 0
            },
            {
                "id": "100056385116028",
                "count": 0
            },
            {
                "id": "100070040388252",
                "count": 0
            },
            {
                "id": "100094610637398",
                "count": 0
            },
            {
                "id": "100068856282475",
                "count": 0
            },
            {
                "id": "100050733687073",
                "count": 0
            },
            {
                "id": "61557071857854",
                "count": 0
            },
            {
                "id": "100089008120033",
                "count": 0
            },
            {
                "id": "100071050176656",
                "count": 0
            },
            {
                "id": "100090970201458",
                "count": 0
            },
            {
                "id": "100090671250899",
                "count": 0
            },
            {
                "id": "100092378981783",
                "count": 0
            },
            {
                "id": "61553603625611",
                "count": 0
            },
            {
                "id": "100094655349307",
                "count": 0
            },
            {
                "id": "100092246676774",
                "count": 0
            },
            {
                "id": "100065579700878",
                "count": 0
            },
            {
                "id": "100072499856422",
                "count": 0
            },
            {
                "id": "100066135503813",
                "count": 0
            },
            {
                "id": "100050090723404",
                "count": 0
            },
            {
                "id": "61556080779874",
                "count": 0
            },
            {
                "id": "100067881580084",
                "count": 0
            },
            {
                "id": "100077766391769",
                "count": 0
            },
            {
                "id": "100087762024208",
                "count": 0
            },
            {
                "id": "100055569773233",
                "count": 0
            },
            {
                "id": "100060129836642",
                "count": 0
            },
            {
                "id": "61556067264982",
                "count": 0
            },
            {
                "id": "100060288785602",
                "count": 0
            },
            {
                "id": "61550120243636",
                "count": 0
            },
            {
                "id": "100077384177836",
                "count": 0
            },
            {
                "id": "100050999371837",
                "count": 0
            },
            {
                "id": "100081559570892",
                "count": 0
            },
            {
                "id": "100069831133027",
                "count": 0
            },
            {
                "id": "100075216610999",
                "count": 0
            },
            {
                "id": "61555069448629",
                "count": 0
            },
            {
                "id": "61551023469947",
                "count": 0
            },
            {
                "id": "100092163694463",
                "count": 0
            },
            {
                "id": "100032791279161",
                "count": 0
            },
            {
                "id": "100090106811446",
                "count": 0
            },
            {
                "id": "100060130132616",
                "count": 0
            },
            {
                "id": "100056926646222",
                "count": 0
            },
            {
                "id": "100082852472158",
                "count": 0
            },
            {
                "id": "100094199501318",
                "count": 0
            },
            {
                "id": "100041865284673",
                "count": 0
            },
            {
                "id": "100092179504754",
                "count": 0
            },
            {
                "id": "100074307296563",
                "count": 0
            },
            {
                "id": "100049309188107",
                "count": 0
            },
            {
                "id": "100080986764909",
                "count": 0
            },
            {
                "id": "100091373507850",
                "count": 0
            },
            {
                "id": "100080673546362",
                "count": 0
            },
            {
                "id": "100071950271132",
                "count": 0
            },
            {
                "id": "61556538850884",
                "count": 0
            },
            {
                "id": "61557690208615",
                "count": 0
            },
            {
                "id": "100073461156032",
                "count": 0
            }
        ],
        "week": [
            {
                "id": "61554837713549",
                "count": 0
            },
            {
                "id": "61554113665203",
                "count": 0
            },
            {
                "id": "100053821115690",
                "count": 0
            },
            {
                "id": "61550083523276",
                "count": 0
            },
            {
                "id": "100046296541508",
                "count": 0
            },
            {
                "id": "61550044078913",
                "count": 0
            },
            {
                "id": "100072185881876",
                "count": 0
            },
            {
                "id": "61552012977538",
                "count": 0
            },
            {
                "id": "100077203973019",
                "count": 0
            },
            {
                "id": "61550693710580",
                "count": 0
            },
            {
                "id": "100080923910829",
                "count": 0
            },
            {
                "id": "100084691722022",
                "count": 0
            },
            {
                "id": "100092635693143",
                "count": 0
            },
            {
                "id": "61551059668329",
                "count": 0
            },
            {
                "id": "100092573320601",
                "count": 0
            },
            {
                "id": "100081864805842",
                "count": 0
            },
            {
                "id": "100077347611032",
                "count": 0
            },
            {
                "id": "100088673286718",
                "count": 0
            },
            {
                "id": "100094445057949",
                "count": 0
            },
            {
                "id": "100072303747212",
                "count": 0
            },
            {
                "id": "100094093861361",
                "count": 0
            },
            {
                "id": "100074583795843",
                "count": 0
            },
            {
                "id": "100027591377959",
                "count": 0
            },
            {
                "id": "100092353756112",
                "count": 0
            },
            {
                "id": "100032462468846",
                "count": 0
            },
            {
                "id": "100089134280246",
                "count": 0
            },
            {
                "id": "100037875162449",
                "count": 0
            },
            {
                "id": "100040464345248",
                "count": 0
            },
            {
                "id": "100081559865817",
                "count": 0
            },
            {
                "id": "100045571475901",
                "count": 0
            },
            {
                "id": "61556327937794",
                "count": 0
            },
            {
                "id": "100086055113700",
                "count": 0
            },
            {
                "id": "100093076413266",
                "count": 0
            },
            {
                "id": "100041781131265",
                "count": 0
            },
            {
                "id": "100068595556176",
                "count": 0
            },
            {
                "id": "100041919332930",
                "count": 0
            },
            {
                "id": "100088533394125",
                "count": 0
            },
            {
                "id": "100078806928035",
                "count": 0
            },
            {
                "id": "100009801367183",
                "count": 0
            },
            {
                "id": "61552478796302",
                "count": 0
            },
            {
                "id": "100034993792801",
                "count": 0
            },
            {
                "id": "61553383523457",
                "count": 0
            },
            {
                "id": "61550666758392",
                "count": 0
            },
            {
                "id": "61555313752223",
                "count": 0
            },
            {
                "id": "100079053075098",
                "count": 0
            },
            {
                "id": "61550208590684",
                "count": 0
            },
            {
                "id": "100041666298574",
                "count": 0
            },
            {
                "id": "61552509753947",
                "count": 0
            },
            {
                "id": "100079486754473",
                "count": 0
            },
            {
                "id": "100087373388717",
                "count": 0
            },
            {
                "id": "100071737850910",
                "count": 0
            },
            {
                "id": "61553598870543",
                "count": 0
            },
            {
                "id": "100064907326525",
                "count": 0
            },
            {
                "id": "100095571060822",
                "count": 0
            },
            {
                "id": "100095362701195",
                "count": 0
            },
            {
                "id": "100019408162783",
                "count": 0
            },
            {
                "id": "100073825968083",
                "count": 0
            },
            {
                "id": "100053379490714",
                "count": 0
            },
            {
                "id": "61556211415840",
                "count": 0
            },
            {
                "id": "100095133305529",
                "count": 0
            },
            {
                "id": "100056385116028",
                "count": 0
            },
            {
                "id": "100070040388252",
                "count": 0
            },
            {
                "id": "100094610637398",
                "count": 0
            },
            {
                "id": "100068856282475",
                "count": 0
            },
            {
                "id": "100050733687073",
                "count": 0
            },
            {
                "id": "61557071857854",
                "count": 0
            },
            {
                "id": "100089008120033",
                "count": 0
            },
            {
                "id": "100071050176656",
                "count": 0
            },
            {
                "id": "100090970201458",
                "count": 0
            },
            {
                "id": "100090671250899",
                "count": 0
            },
            {
                "id": "100092378981783",
                "count": 0
            },
            {
                "id": "61553603625611",
                "count": 0
            },
            {
                "id": "100094655349307",
                "count": 0
            },
            {
                "id": "100092246676774",
                "count": 0
            },
            {
                "id": "100065579700878",
                "count": 0
            },
            {
                "id": "100072499856422",
                "count": 0
            },
            {
                "id": "100066135503813",
                "count": 0
            },
            {
                "id": "100050090723404",
                "count": 0
            },
            {
                "id": "61556080779874",
                "count": 0
            },
            {
                "id": "100067881580084",
                "count": 0
            },
            {
                "id": "100077766391769",
                "count": 0
            },
            {
                "id": "100087762024208",
                "count": 0
            },
            {
                "id": "100055569773233",
                "count": 0
            },
            {
                "id": "100060129836642",
                "count": 0
            },
            {
                "id": "61556067264982",
                "count": 0
            },
            {
                "id": "100060288785602",
                "count": 0
            },
            {
                "id": "61550120243636",
                "count": 0
            },
            {
                "id": "100077384177836",
                "count": 0
            },
            {
                "id": "100050999371837",
                "count": 0
            },
            {
                "id": "100081559570892",
                "count": 0
            },
            {
                "id": "100069831133027",
                "count": 0
            },
            {
                "id": "100075216610999",
                "count": 0
            },
            {
                "id": "61555069448629",
                "count": 0
            },
            {
                "id": "61551023469947",
                "count": 0
            },
            {
                "id": "100092163694463",
                "count": 0
            },
            {
                "id": "100032791279161",
                "count": 0
            },
            {
                "id": "100090106811446",
                "count": 0
            },
            {
                "id": "100060130132616",
                "count": 0
            },
            {
                "id": "100056926646222",
                "count": 0
            },
            {
                "id": "100082852472158",
                "count": 0
            },
            {
                "id": "100094199501318",
                "count": 0
            },
            {
                "id": "100041865284673",
                "count": 0
            },
            {
                "id": "100092179504754",
                "count": 0
            },
            {
                "id": "100074307296563",
                "count": 0
            },
            {
                "id": "100049309188107",
                "count": 0
            },
            {
                "id": "100080986764909",
                "count": 0
            },
            {
                "id": "100091373507850",
                "count": 0
            },
            {
                "id": "100080673546362",
                "count": 0
            },
            {
                "id": "100071950271132",
                "count": 0
            },
            {
                "id": "61556538850884",
                "count": 0
            },
            {
                "id": "61557690208615",
                "count": 0
            },
            {
                "id": "100073461156032",
                "count": 0
            }
        ]
    }
}