{
    "total": [
        {
            "id": "61557486623535",
            "count": 0
        },
        {
            "id": "100031520153095",
            "count": 12
        },
        {
            "id": "100035213481308",
            "count": 0
        },
        {
            "id": "61553468591318",
            "count": 0
        },
        {
            "id": "100072751938410",
            "count": 0
        },
        {
            "id": "100091732734699",
            "count": 0
        },
        {
            "id": "100071572783577",
            "count": 0
        },
        {
            "id": "61551039893796",
            "count": 0
        },
        {
            "id": "100048038116212",
            "count": 0
        },
        {
            "id": "100086288861899",
            "count": 0
        },
        {
            "id": "61553461556715",
            "count": 0
        },
        {
            "id": "61554657274633",
            "count": 4
        },
        {
            "id": "100084052884491",
            "count": 0
        },
        {
            "id": "100093342921288",
            "count": 0
        },
        {
            "id": "61552259997666",
            "count": 0
        },
        {
            "id": "61557244314786",
            "count": 0
        },
        {
            "id": "100073457942621",
            "count": 0
        },
        {
            "id": "100095190595598",
            "count": 0
        },
        {
            "id": "61550801706234",
            "count": 0
        },
        {
            "id": "100089350300868",
            "count": 0
        },
        {
            "id": "100085051355424",
            "count": 0
        },
        {
            "id": "100076354864839",
            "count": 0
        },
        {
            "id": "61556918250663",
            "count": 0
        },
        {
            "id": "100041766973429",
            "count": 0
        },
        {
            "id": "61556451868512",
            "count": 0
        },
        {
            "id": "61556611976305",
            "count": 0
        },
        {
            "id": "100090952296073",
            "count": 0
        },
        {
            "id": "61556338491474",
            "count": 0
        },
        {
            "id": "100092323393776",
            "count": 0
        },
        {
            "id": "100021882653840",
            "count": 0
        },
        {
            "id": "100085508247414",
            "count": 0
        },
        {
            "id": "100057791591113",
            "count": 0
        },
        {
            "id": "100067658151599",
            "count": 0
        },
        {
            "id": "100083971365477",
            "count": 0
        },
        {
            "id": "100059048051640",
            "count": 0
        },
        {
            "id": "100076633292701",
            "count": 0
        },
        {
            "id": "100045630993633",
            "count": 0
        },
        {
            "id": "61555389489625",
            "count": 0
        },
        {
            "id": "61554809185438",
            "count": 0
        },
        {
            "id": "61553488715648",
            "count": 0
        },
        {
            "id": "61553482570938",
            "count": 0
        },
        {
            "id": "100079511705647",
            "count": 0
        },
        {
            "id": "100046101672016",
            "count": 0
        },
        {
            "id": "61555462706217",
            "count": 0
        },
        {
            "id": "61553400298789",
            "count": 0
        },
        {
            "id": "61553969974913",
            "count": 0
        },
        {
            "id": "100003099250845",
            "count": 0
        },
        {
            "id": "61555386947029",
            "count": 0
        },
        {
            "id": "100089270477853",
            "count": 0
        },
        {
            "id": "61557168153547",
            "count": 0
        },
        {
            "id": "100074899872146",
            "count": 0
        },
        {
            "id": "61557701064366",
            "count": 0
        },
        {
            "id": "61552776217995",
            "count": 0
        },
        {
            "id": "100086114324659",
            "count": 0
        },
        {
            "id": "100085245836834",
            "count": 0
        },
        {
            "id": "61551319850852",
            "count": 0
        },
        {
            "id": "100089314483755",
            "count": 0
        },
        {
            "id": "100091526764710",
            "count": 0
        },
        {
            "id": "100057233081286",
            "count": 0
        },
        {
            "id": "100078198604934",
            "count": 0
        },
        {
            "id": "100095195392583",
            "count": 0
        },
        {
            "id": "100071827162290",
            "count": 0
        },
        {
            "id": "100006045484475",
            "count": 0
        },
        {
            "id": "100042852184964",
            "count": 0
        },
        {
            "id": "100025724296179",
            "count": 0
        },
        {
            "id": "100071427642909",
            "count": 0
        },
        {
            "id": "100086303992821",
            "count": 0
        },
        {
            "id": "61555717864729",
            "count": 0
        },
        {
            "id": "100015652900621",
            "count": 0
        },
        {
            "id": "100040800316037",
            "count": 0
        },
        {
            "id": "100004998459791",
            "count": 0
        },
        {
            "id": "61550673524076",
            "count": 0
        },
        {
            "id": "100077021568575",
            "count": 0
        },
        {
            "id": "100067043164623",
            "count": 0
        },
        {
            "id": "61553426627156",
            "count": 0
        },
        {
            "id": "61551760987582",
            "count": 0
        },
        {
            "id": "100067341444390",
            "count": 0
        },
        {
            "id": "100069488738562",
            "count": 0
        },
        {
            "id": "100092297888602",
            "count": 0
        },
        {
            "id": "100080199836015",
            "count": 0
        },
        {
            "id": "100037340204235",
            "count": 0
        },
        {
            "id": "100050388706395",
            "count": 0
        },
        {
            "id": "100079087864930",
            "count": 0
        },
        {
            "id": "61552945742713",
            "count": 0
        },
        {
            "id": "100072213306156",
            "count": 0
        },
        {
            "id": "100078770767786",
            "count": 0
        },
        {
            "id": "61553464323443",
            "count": 0
        },
        {
            "id": "61553380171388",
            "count": 0
        },
        {
            "id": "100088964254671",
            "count": 0
        },
        {
            "id": "100048249780399",
            "count": 0
        },
        {
            "id": "100095365895716",
            "count": 0
        },
        {
            "id": "100091277973674",
            "count": 0
        },
        {
            "id": "61550124384989",
            "count": 0
        },
        {
            "id": "100050999371837",
            "count": 2
        },
        {
            "id": "61554088231302",
            "count": 0
        },
        {
            "id": "100085607296472",
            "count": 0
        },
        {
            "id": "100075251716758",
            "count": 0
        },
        {
            "id": "100075216610999",
            "count": 22
        }
    ],
    "week": [
        {
            "id": "61557486623535",
            "count": 0,
            "name": "Người dùng facebook"
        },
        {
            "id": "100031520153095",
            "count": 0,
            "name": "Người dùng facebook"
        },
        {
            "id": "100035213481308",
            "count": 0,
            "name": "Người dùng facebook"
        },
        {
            "id": "61553468591318",
            "count": 0,
            "name": "Người dùng facebook"
        },
        {
            "id": "100072751938410",
            "count": 0,
            "name": "Người dùng facebook"
        },
        {
            "id": "100091732734699",
            "count": 0,
            "name": "Người dùng facebook"
        },
        {
            "id": "100071572783577",
            "count": 0,
            "name": "Người dùng facebook"
        },
        {
            "id": "61551039893796",
            "count": 0,
            "name": "Người dùng facebook"
        },
        {
            "id": "100048038116212",
            "count": 0,
            "name": "Người dùng facebook"
        },
        {
            "id": "100086288861899",
            "count": 0,
            "name": "Người dùng facebook"
        },
        {
            "id": "61553461556715",
            "count": 0,
            "name": "Người dùng facebook"
        },
        {
            "id": "61554657274633",
            "count": 0,
            "name": "Người dùng facebook"
        },
        {
            "id": "100084052884491",
            "count": 0,
            "name": "Người dùng facebook"
        },
        {
            "id": "100093342921288",
            "count": 0,
            "name": "Người dùng facebook"
        },
        {
            "id": "61552259997666",
            "count": 0,
            "name": "Người dùng facebook"
        },
        {
            "id": "61557244314786",
            "count": 0,
            "name": "Người dùng facebook"
        },
        {
            "id": "100073457942621",
            "count": 0,
            "name": "Người dùng facebook"
        },
        {
            "id": "100095190595598",
            "count": 0,
            "name": "Người dùng facebook"
        },
        {
            "id": "61550801706234",
            "count": 0,
            "name": "Người dùng facebook"
        },
        {
            "id": "100089350300868",
            "count": 0,
            "name": "Người dùng facebook"
        },
        {
            "id": "100085051355424",
            "count": 0,
            "name": "Người dùng facebook"
        },
        {
            "id": "100076354864839",
            "count": 0,
            "name": "Người dùng facebook"
        },
        {
            "id": "61556918250663",
            "count": 0,
            "name": "Người dùng facebook"
        },
        {
            "id": "100041766973429",
            "count": 0,
            "name": "Người dùng facebook"
        },
        {
            "id": "61556451868512",
            "count": 0,
            "name": "Người dùng facebook"
        },
        {
            "id": "61556611976305",
            "count": 0,
            "name": "Người dùng facebook"
        },
        {
            "id": "100090952296073",
            "count": 0,
            "name": "Người dùng facebook"
        },
        {
            "id": "61556338491474",
            "count": 0,
            "name": "Người dùng facebook"
        },
        {
            "id": "100092323393776",
            "count": 0,
            "name": "Người dùng facebook"
        },
        {
            "id": "100021882653840",
            "count": 0,
            "name": "Người dùng facebook"
        },
        {
            "id": "100085508247414",
            "count": 0,
            "name": "Người dùng facebook"
        },
        {
            "id": "100057791591113",
            "count": 0,
            "name": "Người dùng facebook"
        },
        {
            "id": "100067658151599",
            "count": 0,
            "name": "Người dùng facebook"
        },
        {
            "id": "100083971365477",
            "count": 0,
            "name": "Người dùng facebook"
        },
        {
            "id": "100059048051640",
            "count": 0,
            "name": "Người dùng facebook"
        },
        {
            "id": "100076633292701",
            "count": 0,
            "name": "Người dùng facebook"
        },
        {
            "id": "100045630993633",
            "count": 0,
            "name": "Người dùng facebook"
        },
        {
            "id": "61555389489625",
            "count": 0,
            "name": "Người dùng facebook"
        },
        {
            "id": "61554809185438",
            "count": 0,
            "name": "Người dùng facebook"
        },
        {
            "id": "61553488715648",
            "count": 0,
            "name": "Người dùng facebook"
        },
        {
            "id": "61553482570938",
            "count": 0,
            "name": "Người dùng facebook"
        },
        {
            "id": "100079511705647",
            "count": 0,
            "name": "Người dùng facebook"
        },
        {
            "id": "100046101672016",
            "count": 0,
            "name": "Người dùng facebook"
        },
        {
            "id": "61555462706217",
            "count": 0,
            "name": "Người dùng facebook"
        },
        {
            "id": "61553400298789",
            "count": 0,
            "name": "Người dùng facebook"
        },
        {
            "id": "61553969974913",
            "count": 0,
            "name": "Người dùng facebook"
        },
        {
            "id": "100003099250845",
            "count": 0,
            "name": "Người dùng facebook"
        },
        {
            "id": "61555386947029",
            "count": 0,
            "name": "Người dùng facebook"
        },
        {
            "id": "100089270477853",
            "count": 0,
            "name": "Người dùng facebook"
        },
        {
            "id": "61557168153547",
            "count": 0,
            "name": "Người dùng facebook"
        },
        {
            "id": "100074899872146",
            "count": 0,
            "name": "Người dùng facebook"
        },
        {
            "id": "61557701064366",
            "count": 0,
            "name": "Người dùng facebook"
        },
        {
            "id": "61552776217995",
            "count": 0,
            "name": "Người dùng facebook"
        },
        {
            "id": "100086114324659",
            "count": 0,
            "name": "Người dùng facebook"
        },
        {
            "id": "100085245836834",
            "count": 0,
            "name": "Người dùng facebook"
        },
        {
            "id": "61551319850852",
            "count": 0,
            "name": "Người dùng facebook"
        },
        {
            "id": "100089314483755",
            "count": 0,
            "name": "Người dùng facebook"
        },
        {
            "id": "100091526764710",
            "count": 0,
            "name": "Người dùng facebook"
        },
        {
            "id": "100057233081286",
            "count": 0,
            "name": "Người dùng facebook"
        },
        {
            "id": "100078198604934",
            "count": 0,
            "name": "Người dùng facebook"
        },
        {
            "id": "100095195392583",
            "count": 0,
            "name": "Người dùng facebook"
        },
        {
            "id": "100071827162290",
            "count": 0,
            "name": "Người dùng facebook"
        },
        {
            "id": "100006045484475",
            "count": 0,
            "name": "Người dùng facebook"
        },
        {
            "id": "100042852184964",
            "count": 0,
            "name": "Người dùng facebook"
        },
        {
            "id": "100025724296179",
            "count": 0,
            "name": "Người dùng facebook"
        },
        {
            "id": "100071427642909",
            "count": 0,
            "name": "Người dùng facebook"
        },
        {
            "id": "100086303992821",
            "count": 0,
            "name": "Người dùng facebook"
        },
        {
            "id": "61555717864729",
            "count": 0,
            "name": "Người dùng facebook"
        },
        {
            "id": "100015652900621",
            "count": 0,
            "name": "Người dùng facebook"
        },
        {
            "id": "100040800316037",
            "count": 0,
            "name": "Người dùng facebook"
        },
        {
            "id": "100004998459791",
            "count": 0,
            "name": "Người dùng facebook"
        },
        {
            "id": "61550673524076",
            "count": 0,
            "name": "Người dùng facebook"
        },
        {
            "id": "100077021568575",
            "count": 0,
            "name": "Người dùng facebook"
        },
        {
            "id": "100067043164623",
            "count": 0,
            "name": "Người dùng facebook"
        },
        {
            "id": "61553426627156",
            "count": 0,
            "name": "Người dùng facebook"
        },
        {
            "id": "61551760987582",
            "count": 0,
            "name": "Người dùng facebook"
        },
        {
            "id": "100067341444390",
            "count": 0,
            "name": "Người dùng facebook"
        },
        {
            "id": "100069488738562",
            "count": 0,
            "name": "Người dùng facebook"
        },
        {
            "id": "100092297888602",
            "count": 0,
            "name": "Người dùng facebook"
        },
        {
            "id": "100080199836015",
            "count": 0,
            "name": "Người dùng facebook"
        },
        {
            "id": "100037340204235",
            "count": 0,
            "name": "Người dùng facebook"
        },
        {
            "id": "100050388706395",
            "count": 0,
            "name": "Người dùng facebook"
        },
        {
            "id": "100079087864930",
            "count": 0,
            "name": "Người dùng facebook"
        },
        {
            "id": "61552945742713",
            "count": 0,
            "name": "Người dùng facebook"
        },
        {
            "id": "100072213306156",
            "count": 0,
            "name": "Người dùng facebook"
        },
        {
            "id": "100078770767786",
            "count": 0,
            "name": "Người dùng facebook"
        },
        {
            "id": "61553464323443",
            "count": 0,
            "name": "Người dùng facebook"
        },
        {
            "id": "61553380171388",
            "count": 0,
            "name": "Người dùng facebook"
        },
        {
            "id": "100088964254671",
            "count": 0,
            "name": "Người dùng facebook"
        },
        {
            "id": "100048249780399",
            "count": 0,
            "name": "Người dùng facebook"
        },
        {
            "id": "100095365895716",
            "count": 0,
            "name": "Người dùng facebook"
        },
        {
            "id": "100091277973674",
            "count": 0,
            "name": "Người dùng facebook"
        },
        {
            "id": "61550124384989",
            "count": 0,
            "name": "Người dùng facebook"
        },
        {
            "id": "100050999371837",
            "count": 0,
            "name": "Tiến Nguyễn"
        },
        {
            "id": "61554088231302",
            "count": 0,
            "name": "Người dùng facebook"
        },
        {
            "id": "100085607296472",
            "count": 0,
            "name": "Người dùng facebook"
        },
        {
            "id": "100075251716758",
            "count": 0,
            "name": "Người dùng facebook"
        },
        {
            "id": "100075216610999",
            "count": 0,
            "name": "Hyouka Granger"
        }
    ],
    "day": [
        {
            "id": "61557486623535",
            "count": 0,
            "name": "Người dùng facebook"
        },
        {
            "id": "100031520153095",
            "count": 0,
            "name": "Người dùng facebook"
        },
        {
            "id": "100035213481308",
            "count": 0,
            "name": "Người dùng facebook"
        },
        {
            "id": "61553468591318",
            "count": 0,
            "name": "Người dùng facebook"
        },
        {
            "id": "100072751938410",
            "count": 0,
            "name": "Người dùng facebook"
        },
        {
            "id": "100091732734699",
            "count": 0,
            "name": "Người dùng facebook"
        },
        {
            "id": "100071572783577",
            "count": 0,
            "name": "Người dùng facebook"
        },
        {
            "id": "61551039893796",
            "count": 0,
            "name": "Người dùng facebook"
        },
        {
            "id": "100048038116212",
            "count": 0,
            "name": "Người dùng facebook"
        },
        {
            "id": "100086288861899",
            "count": 0,
            "name": "Người dùng facebook"
        },
        {
            "id": "61553461556715",
            "count": 0,
            "name": "Người dùng facebook"
        },
        {
            "id": "61554657274633",
            "count": 0,
            "name": "Người dùng facebook"
        },
        {
            "id": "100084052884491",
            "count": 0,
            "name": "Người dùng facebook"
        },
        {
            "id": "100093342921288",
            "count": 0,
            "name": "Người dùng facebook"
        },
        {
            "id": "61552259997666",
            "count": 0,
            "name": "Người dùng facebook"
        },
        {
            "id": "61557244314786",
            "count": 0,
            "name": "Người dùng facebook"
        },
        {
            "id": "100073457942621",
            "count": 0,
            "name": "Người dùng facebook"
        },
        {
            "id": "100095190595598",
            "count": 0,
            "name": "Người dùng facebook"
        },
        {
            "id": "61550801706234",
            "count": 0,
            "name": "Người dùng facebook"
        },
        {
            "id": "100089350300868",
            "count": 0,
            "name": "Người dùng facebook"
        },
        {
            "id": "100085051355424",
            "count": 0,
            "name": "Người dùng facebook"
        },
        {
            "id": "100076354864839",
            "count": 0,
            "name": "Người dùng facebook"
        },
        {
            "id": "61556918250663",
            "count": 0,
            "name": "Người dùng facebook"
        },
        {
            "id": "100041766973429",
            "count": 0,
            "name": "Người dùng facebook"
        },
        {
            "id": "61556451868512",
            "count": 0,
            "name": "Người dùng facebook"
        },
        {
            "id": "61556611976305",
            "count": 0,
            "name": "Người dùng facebook"
        },
        {
            "id": "100090952296073",
            "count": 0,
            "name": "Người dùng facebook"
        },
        {
            "id": "61556338491474",
            "count": 0,
            "name": "Người dùng facebook"
        },
        {
            "id": "100092323393776",
            "count": 0,
            "name": "Người dùng facebook"
        },
        {
            "id": "100021882653840",
            "count": 0,
            "name": "Người dùng facebook"
        },
        {
            "id": "100085508247414",
            "count": 0,
            "name": "Người dùng facebook"
        },
        {
            "id": "100057791591113",
            "count": 0,
            "name": "Người dùng facebook"
        },
        {
            "id": "100067658151599",
            "count": 0,
            "name": "Người dùng facebook"
        },
        {
            "id": "100083971365477",
            "count": 0,
            "name": "Người dùng facebook"
        },
        {
            "id": "100059048051640",
            "count": 0,
            "name": "Người dùng facebook"
        },
        {
            "id": "100076633292701",
            "count": 0,
            "name": "Người dùng facebook"
        },
        {
            "id": "100045630993633",
            "count": 0,
            "name": "Người dùng facebook"
        },
        {
            "id": "61555389489625",
            "count": 0,
            "name": "Người dùng facebook"
        },
        {
            "id": "61554809185438",
            "count": 0,
            "name": "Người dùng facebook"
        },
        {
            "id": "61553488715648",
            "count": 0,
            "name": "Người dùng facebook"
        },
        {
            "id": "61553482570938",
            "count": 0,
            "name": "Người dùng facebook"
        },
        {
            "id": "100079511705647",
            "count": 0,
            "name": "Người dùng facebook"
        },
        {
            "id": "100046101672016",
            "count": 0,
            "name": "Người dùng facebook"
        },
        {
            "id": "61555462706217",
            "count": 0,
            "name": "Người dùng facebook"
        },
        {
            "id": "61553400298789",
            "count": 0,
            "name": "Người dùng facebook"
        },
        {
            "id": "61553969974913",
            "count": 0,
            "name": "Người dùng facebook"
        },
        {
            "id": "100003099250845",
            "count": 0,
            "name": "Người dùng facebook"
        },
        {
            "id": "61555386947029",
            "count": 0,
            "name": "Người dùng facebook"
        },
        {
            "id": "100089270477853",
            "count": 0,
            "name": "Người dùng facebook"
        },
        {
            "id": "61557168153547",
            "count": 0,
            "name": "Người dùng facebook"
        },
        {
            "id": "100074899872146",
            "count": 0,
            "name": "Người dùng facebook"
        },
        {
            "id": "61557701064366",
            "count": 0,
            "name": "Người dùng facebook"
        },
        {
            "id": "61552776217995",
            "count": 0,
            "name": "Người dùng facebook"
        },
        {
            "id": "100086114324659",
            "count": 0,
            "name": "Người dùng facebook"
        },
        {
            "id": "100085245836834",
            "count": 0,
            "name": "Người dùng facebook"
        },
        {
            "id": "61551319850852",
            "count": 0,
            "name": "Người dùng facebook"
        },
        {
            "id": "100089314483755",
            "count": 0,
            "name": "Người dùng facebook"
        },
        {
            "id": "100091526764710",
            "count": 0,
            "name": "Người dùng facebook"
        },
        {
            "id": "100057233081286",
            "count": 0,
            "name": "Người dùng facebook"
        },
        {
            "id": "100078198604934",
            "count": 0,
            "name": "Người dùng facebook"
        },
        {
            "id": "100095195392583",
            "count": 0,
            "name": "Người dùng facebook"
        },
        {
            "id": "100071827162290",
            "count": 0,
            "name": "Người dùng facebook"
        },
        {
            "id": "100006045484475",
            "count": 0,
            "name": "Người dùng facebook"
        },
        {
            "id": "100042852184964",
            "count": 0,
            "name": "Người dùng facebook"
        },
        {
            "id": "100025724296179",
            "count": 0,
            "name": "Người dùng facebook"
        },
        {
            "id": "100071427642909",
            "count": 0,
            "name": "Người dùng facebook"
        },
        {
            "id": "100086303992821",
            "count": 0,
            "name": "Người dùng facebook"
        },
        {
            "id": "61555717864729",
            "count": 0,
            "name": "Người dùng facebook"
        },
        {
            "id": "100015652900621",
            "count": 0,
            "name": "Người dùng facebook"
        },
        {
            "id": "100040800316037",
            "count": 0,
            "name": "Người dùng facebook"
        },
        {
            "id": "100004998459791",
            "count": 0,
            "name": "Người dùng facebook"
        },
        {
            "id": "61550673524076",
            "count": 0,
            "name": "Người dùng facebook"
        },
        {
            "id": "100077021568575",
            "count": 0,
            "name": "Người dùng facebook"
        },
        {
            "id": "100067043164623",
            "count": 0,
            "name": "Người dùng facebook"
        },
        {
            "id": "61553426627156",
            "count": 0,
            "name": "Người dùng facebook"
        },
        {
            "id": "61551760987582",
            "count": 0,
            "name": "Người dùng facebook"
        },
        {
            "id": "100067341444390",
            "count": 0,
            "name": "Người dùng facebook"
        },
        {
            "id": "100069488738562",
            "count": 0,
            "name": "Người dùng facebook"
        },
        {
            "id": "100092297888602",
            "count": 0,
            "name": "Người dùng facebook"
        },
        {
            "id": "100080199836015",
            "count": 0,
            "name": "Người dùng facebook"
        },
        {
            "id": "100037340204235",
            "count": 0,
            "name": "Người dùng facebook"
        },
        {
            "id": "100050388706395",
            "count": 0,
            "name": "Người dùng facebook"
        },
        {
            "id": "100079087864930",
            "count": 0,
            "name": "Người dùng facebook"
        },
        {
            "id": "61552945742713",
            "count": 0,
            "name": "Người dùng facebook"
        },
        {
            "id": "100072213306156",
            "count": 0,
            "name": "Người dùng facebook"
        },
        {
            "id": "100078770767786",
            "count": 0,
            "name": "Người dùng facebook"
        },
        {
            "id": "61553464323443",
            "count": 0,
            "name": "Người dùng facebook"
        },
        {
            "id": "61553380171388",
            "count": 0,
            "name": "Người dùng facebook"
        },
        {
            "id": "100088964254671",
            "count": 0,
            "name": "Người dùng facebook"
        },
        {
            "id": "100048249780399",
            "count": 0,
            "name": "Người dùng facebook"
        },
        {
            "id": "100095365895716",
            "count": 0,
            "name": "Người dùng facebook"
        },
        {
            "id": "100091277973674",
            "count": 0,
            "name": "Người dùng facebook"
        },
        {
            "id": "61550124384989",
            "count": 0,
            "name": "Người dùng facebook"
        },
        {
            "id": "100050999371837",
            "count": 0,
            "name": "Tiến Nguyễn"
        },
        {
            "id": "61554088231302",
            "count": 0,
            "name": "Người dùng facebook"
        },
        {
            "id": "100085607296472",
            "count": 0,
            "name": "Người dùng facebook"
        },
        {
            "id": "100075251716758",
            "count": 0,
            "name": "Người dùng facebook"
        },
        {
            "id": "100075216610999",
            "count": 0,
            "name": "Hyouka Granger"
        }
    ],
    "time": 5,
    "last": {
        "time": 4,
        "day": [
            {
                "id": "61557486623535",
                "count": 0
            },
            {
                "id": "100031520153095",
                "count": 0
            },
            {
                "id": "100035213481308",
                "count": 0
            },
            {
                "id": "61553468591318",
                "count": 0
            },
            {
                "id": "100072751938410",
                "count": 0
            },
            {
                "id": "100091732734699",
                "count": 0
            },
            {
                "id": "100071572783577",
                "count": 0
            },
            {
                "id": "61551039893796",
                "count": 0
            },
            {
                "id": "100048038116212",
                "count": 0
            },
            {
                "id": "100086288861899",
                "count": 0
            },
            {
                "id": "61553461556715",
                "count": 0
            },
            {
                "id": "61554657274633",
                "count": 0
            },
            {
                "id": "100084052884491",
                "count": 0
            },
            {
                "id": "100093342921288",
                "count": 0
            },
            {
                "id": "61552259997666",
                "count": 0
            },
            {
                "id": "61557244314786",
                "count": 0
            },
            {
                "id": "100073457942621",
                "count": 0
            },
            {
                "id": "100095190595598",
                "count": 0
            },
            {
                "id": "61550801706234",
                "count": 0
            },
            {
                "id": "100089350300868",
                "count": 0
            },
            {
                "id": "100085051355424",
                "count": 0
            },
            {
                "id": "100076354864839",
                "count": 0
            },
            {
                "id": "61556918250663",
                "count": 0
            },
            {
                "id": "100041766973429",
                "count": 0
            },
            {
                "id": "61556451868512",
                "count": 0
            },
            {
                "id": "61556611976305",
                "count": 0
            },
            {
                "id": "100090952296073",
                "count": 0
            },
            {
                "id": "61556338491474",
                "count": 0
            },
            {
                "id": "100092323393776",
                "count": 0
            },
            {
                "id": "100021882653840",
                "count": 0
            },
            {
                "id": "100085508247414",
                "count": 0
            },
            {
                "id": "100057791591113",
                "count": 0
            },
            {
                "id": "100067658151599",
                "count": 0
            },
            {
                "id": "100083971365477",
                "count": 0
            },
            {
                "id": "100059048051640",
                "count": 0
            },
            {
                "id": "100076633292701",
                "count": 0
            },
            {
                "id": "100045630993633",
                "count": 0
            },
            {
                "id": "61555389489625",
                "count": 0
            },
            {
                "id": "61554809185438",
                "count": 0
            },
            {
                "id": "61553488715648",
                "count": 0
            },
            {
                "id": "61553482570938",
                "count": 0
            },
            {
                "id": "100079511705647",
                "count": 0
            },
            {
                "id": "100046101672016",
                "count": 0
            },
            {
                "id": "61555462706217",
                "count": 0
            },
            {
                "id": "61553400298789",
                "count": 0
            },
            {
                "id": "61553969974913",
                "count": 0
            },
            {
                "id": "100003099250845",
                "count": 0
            },
            {
                "id": "61555386947029",
                "count": 0
            },
            {
                "id": "100089270477853",
                "count": 0
            },
            {
                "id": "61557168153547",
                "count": 0
            },
            {
                "id": "100074899872146",
                "count": 0
            },
            {
                "id": "61557701064366",
                "count": 0
            },
            {
                "id": "61552776217995",
                "count": 0
            },
            {
                "id": "100086114324659",
                "count": 0
            },
            {
                "id": "100085245836834",
                "count": 0
            },
            {
                "id": "61551319850852",
                "count": 0
            },
            {
                "id": "100089314483755",
                "count": 0
            },
            {
                "id": "100091526764710",
                "count": 0
            },
            {
                "id": "100057233081286",
                "count": 0
            },
            {
                "id": "100078198604934",
                "count": 0
            },
            {
                "id": "100095195392583",
                "count": 0
            },
            {
                "id": "100071827162290",
                "count": 0
            },
            {
                "id": "100006045484475",
                "count": 0
            },
            {
                "id": "100042852184964",
                "count": 0
            },
            {
                "id": "100025724296179",
                "count": 0
            },
            {
                "id": "100071427642909",
                "count": 0
            },
            {
                "id": "100086303992821",
                "count": 0
            },
            {
                "id": "61555717864729",
                "count": 0
            },
            {
                "id": "100015652900621",
                "count": 0
            },
            {
                "id": "100040800316037",
                "count": 0
            },
            {
                "id": "100004998459791",
                "count": 0
            },
            {
                "id": "61550673524076",
                "count": 0
            },
            {
                "id": "100077021568575",
                "count": 0
            },
            {
                "id": "100067043164623",
                "count": 0
            },
            {
                "id": "61553426627156",
                "count": 0
            },
            {
                "id": "61551760987582",
                "count": 0
            },
            {
                "id": "100067341444390",
                "count": 0
            },
            {
                "id": "100069488738562",
                "count": 0
            },
            {
                "id": "100092297888602",
                "count": 0
            },
            {
                "id": "100080199836015",
                "count": 0
            },
            {
                "id": "100037340204235",
                "count": 0
            },
            {
                "id": "100050388706395",
                "count": 0
            },
            {
                "id": "100079087864930",
                "count": 0
            },
            {
                "id": "61552945742713",
                "count": 0
            },
            {
                "id": "100072213306156",
                "count": 0
            },
            {
                "id": "100078770767786",
                "count": 0
            },
            {
                "id": "61553464323443",
                "count": 0
            },
            {
                "id": "61553380171388",
                "count": 0
            },
            {
                "id": "100088964254671",
                "count": 0
            },
            {
                "id": "100048249780399",
                "count": 0
            },
            {
                "id": "100095365895716",
                "count": 0
            },
            {
                "id": "100091277973674",
                "count": 0
            },
            {
                "id": "61550124384989",
                "count": 0
            },
            {
                "id": "100050999371837",
                "count": 0
            },
            {
                "id": "61554088231302",
                "count": 0
            },
            {
                "id": "100085607296472",
                "count": 0
            },
            {
                "id": "100075251716758",
                "count": 0
            },
            {
                "id": "100075216610999",
                "count": 0
            }
        ],
        "week": [
            {
                "id": "61557486623535",
                "count": 0
            },
            {
                "id": "100031520153095",
                "count": 0
            },
            {
                "id": "100035213481308",
                "count": 0
            },
            {
                "id": "61553468591318",
                "count": 0
            },
            {
                "id": "100072751938410",
                "count": 0
            },
            {
                "id": "100091732734699",
                "count": 0
            },
            {
                "id": "100071572783577",
                "count": 0
            },
            {
                "id": "61551039893796",
                "count": 0
            },
            {
                "id": "100048038116212",
                "count": 0
            },
            {
                "id": "100086288861899",
                "count": 0
            },
            {
                "id": "61553461556715",
                "count": 0
            },
            {
                "id": "61554657274633",
                "count": 0
            },
            {
                "id": "100084052884491",
                "count": 0
            },
            {
                "id": "100093342921288",
                "count": 0
            },
            {
                "id": "61552259997666",
                "count": 0
            },
            {
                "id": "61557244314786",
                "count": 0
            },
            {
                "id": "100073457942621",
                "count": 0
            },
            {
                "id": "100095190595598",
                "count": 0
            },
            {
                "id": "61550801706234",
                "count": 0
            },
            {
                "id": "100089350300868",
                "count": 0
            },
            {
                "id": "100085051355424",
                "count": 0
            },
            {
                "id": "100076354864839",
                "count": 0
            },
            {
                "id": "61556918250663",
                "count": 0
            },
            {
                "id": "100041766973429",
                "count": 0
            },
            {
                "id": "61556451868512",
                "count": 0
            },
            {
                "id": "61556611976305",
                "count": 0
            },
            {
                "id": "100090952296073",
                "count": 0
            },
            {
                "id": "61556338491474",
                "count": 0
            },
            {
                "id": "100092323393776",
                "count": 0
            },
            {
                "id": "100021882653840",
                "count": 0
            },
            {
                "id": "100085508247414",
                "count": 0
            },
            {
                "id": "100057791591113",
                "count": 0
            },
            {
                "id": "100067658151599",
                "count": 0
            },
            {
                "id": "100083971365477",
                "count": 0
            },
            {
                "id": "100059048051640",
                "count": 0
            },
            {
                "id": "100076633292701",
                "count": 0
            },
            {
                "id": "100045630993633",
                "count": 0
            },
            {
                "id": "61555389489625",
                "count": 0
            },
            {
                "id": "61554809185438",
                "count": 0
            },
            {
                "id": "61553488715648",
                "count": 0
            },
            {
                "id": "61553482570938",
                "count": 0
            },
            {
                "id": "100079511705647",
                "count": 0
            },
            {
                "id": "100046101672016",
                "count": 0
            },
            {
                "id": "61555462706217",
                "count": 0
            },
            {
                "id": "61553400298789",
                "count": 0
            },
            {
                "id": "61553969974913",
                "count": 0
            },
            {
                "id": "100003099250845",
                "count": 0
            },
            {
                "id": "61555386947029",
                "count": 0
            },
            {
                "id": "100089270477853",
                "count": 0
            },
            {
                "id": "61557168153547",
                "count": 0
            },
            {
                "id": "100074899872146",
                "count": 0
            },
            {
                "id": "61557701064366",
                "count": 0
            },
            {
                "id": "61552776217995",
                "count": 0
            },
            {
                "id": "100086114324659",
                "count": 0
            },
            {
                "id": "100085245836834",
                "count": 0
            },
            {
                "id": "61551319850852",
                "count": 0
            },
            {
                "id": "100089314483755",
                "count": 0
            },
            {
                "id": "100091526764710",
                "count": 0
            },
            {
                "id": "100057233081286",
                "count": 0
            },
            {
                "id": "100078198604934",
                "count": 0
            },
            {
                "id": "100095195392583",
                "count": 0
            },
            {
                "id": "100071827162290",
                "count": 0
            },
            {
                "id": "100006045484475",
                "count": 0
            },
            {
                "id": "100042852184964",
                "count": 0
            },
            {
                "id": "100025724296179",
                "count": 0
            },
            {
                "id": "100071427642909",
                "count": 0
            },
            {
                "id": "100086303992821",
                "count": 0
            },
            {
                "id": "61555717864729",
                "count": 0
            },
            {
                "id": "100015652900621",
                "count": 0
            },
            {
                "id": "100040800316037",
                "count": 0
            },
            {
                "id": "100004998459791",
                "count": 0
            },
            {
                "id": "61550673524076",
                "count": 0
            },
            {
                "id": "100077021568575",
                "count": 0
            },
            {
                "id": "100067043164623",
                "count": 0
            },
            {
                "id": "61553426627156",
                "count": 0
            },
            {
                "id": "61551760987582",
                "count": 0
            },
            {
                "id": "100067341444390",
                "count": 0
            },
            {
                "id": "100069488738562",
                "count": 0
            },
            {
                "id": "100092297888602",
                "count": 0
            },
            {
                "id": "100080199836015",
                "count": 0
            },
            {
                "id": "100037340204235",
                "count": 0
            },
            {
                "id": "100050388706395",
                "count": 0
            },
            {
                "id": "100079087864930",
                "count": 0
            },
            {
                "id": "61552945742713",
                "count": 0
            },
            {
                "id": "100072213306156",
                "count": 0
            },
            {
                "id": "100078770767786",
                "count": 0
            },
            {
                "id": "61553464323443",
                "count": 0
            },
            {
                "id": "61553380171388",
                "count": 0
            },
            {
                "id": "100088964254671",
                "count": 0
            },
            {
                "id": "100048249780399",
                "count": 0
            },
            {
                "id": "100095365895716",
                "count": 0
            },
            {
                "id": "100091277973674",
                "count": 0
            },
            {
                "id": "61550124384989",
                "count": 0
            },
            {
                "id": "100050999371837",
                "count": 0
            },
            {
                "id": "61554088231302",
                "count": 0
            },
            {
                "id": "100085607296472",
                "count": 0
            },
            {
                "id": "100075251716758",
                "count": 0
            },
            {
                "id": "100075216610999",
                "count": 0
            }
        ]
    }
}