{
    "total": [
        {
            "id": "100041079390776",
            "count": 250
        },
        {
            "id": "100079276905924",
            "count": 26
        },
        {
            "id": "100094769636657",
            "count": 50
        },
        {
            "id": "100085364383862",
            "count": 15
        },
        {
            "id": "100058575609386",
            "count": 112
        },
        {
            "id": "100087914403835",
            "count": 0
        },
        {
            "id": "100075216610999",
            "count": 755
        },
        {
            "id": "100050999371837",
            "count": 5
        },
        {
            "id": "100086920814791",
            "count": 21
        }
    ],
    "week": [
        {
            "id": "100041079390776",
            "count": 0,
            "name": "Chương Thái"
        },
        {
            "id": "100079276905924",
            "count": 0,
            "name": "Trần T.Anh"
        },
        {
            "id": "100094769636657",
            "count": 0,
            "name": "Ranzinimeiko Yanuka"
        },
        {
            "id": "100085364383862",
            "count": 0,
            "name": "Trần Phúc Vũ"
        },
        {
            "id": "100058575609386",
            "count": 4,
            "name": "Trần Phúc Vũ"
        },
        {
            "id": "100087914403835",
            "count": 0,
            "name": "Người dùng Facebook"
        },
        {
            "id": "100075216610999",
            "count": 24,
            "name": "Hyouka Granger"
        },
        {
            "id": "100050999371837",
            "count": 1,
            "name": "Tiến Nguyễn"
        },
        {
            "id": "100086920814791",
            "count": 0,
            "name": "Ng Hoag Huy"
        }
    ],
    "day": [
        {
            "id": "100041079390776",
            "count": 0,
            "name": "Chương Thái"
        },
        {
            "id": "100079276905924",
            "count": 0,
            "name": "Trần T.Anh"
        },
        {
            "id": "100094769636657",
            "count": 0,
            "name": "Ranzinimeiko Yanuka"
        },
        {
            "id": "100085364383862",
            "count": 0,
            "name": "Trần Phúc Vũ"
        },
        {
            "id": "100058575609386",
            "count": 0,
            "name": "Trần Phúc Vũ"
        },
        {
            "id": "100087914403835",
            "count": 0,
            "name": "Người dùng Facebook"
        },
        {
            "id": "100075216610999",
            "count": 0,
            "name": "Hyouka Granger"
        },
        {
            "id": "100050999371837",
            "count": 0,
            "name": "Tiến Nguyễn"
        },
        {
            "id": "100086920814791",
            "count": 0,
            "name": "Ng Hoag Huy"
        }
    ],
    "time": 5,
    "last": {
        "time": 0,
        "day": [
            {
                "id": "100041079390776",
                "count": 0
            },
            {
                "id": "100079276905924",
                "count": 0
            },
            {
                "id": "100077183996744",
                "count": 0
            },
            {
                "id": "100094769636657",
                "count": 0
            },
            {
                "id": "100085364383862",
                "count": 0
            },
            {
                "id": "100058575609386",
                "count": 0
            },
            {
                "id": "100051886997435",
                "count": 0
            },
            {
                "id": "100079159916251",
                "count": 0
            },
            {
                "id": "100087914403835",
                "count": 0
            },
            {
                "id": "100075216610999",
                "count": 0
            },
            {
                "id": "61553756864030",
                "count": 0
            },
            {
                "id": "100050999371837",
                "count": 0
            },
            {
                "id": "100086920814791",
                "count": 0
            }
        ],
        "week": [
            {
                "id": "100041079390776",
                "count": 0
            },
            {
                "id": "100079276905924",
                "count": 0
            },
            {
                "id": "100077183996744",
                "count": 0
            },
            {
                "id": "100094769636657",
                "count": 0
            },
            {
                "id": "100085364383862",
                "count": 0
            },
            {
                "id": "100058575609386",
                "count": 0
            },
            {
                "id": "100051886997435",
                "count": 0
            },
            {
                "id": "100079159916251",
                "count": 0
            },
            {
                "id": "100087914403835",
                "count": 0
            },
            {
                "id": "100075216610999",
                "count": 0
            },
            {
                "id": "61553756864030",
                "count": 0
            },
            {
                "id": "100050999371837",
                "count": 0
            },
            {
                "id": "100086920814791",
                "count": 0
            }
        ]
    }
}