{
    "total": [
        {
            "id": "100088952875365",
            "count": 112
        },
        {
            "id": "100080130108125",
            "count": 1234
        },
        {
            "id": "100079159916251",
            "count": 1977
        },
        {
            "id": "100089704711938",
            "count": 643
        },
        {
            "id": "100062233566864",
            "count": 183
        },
        {
            "id": "100052917159379",
            "count": 15
        },
        {
            "id": "100061676553877",
            "count": 49
        },
        {
            "id": "100041272960264",
            "count": 849
        },
        {
            "id": "100090589210470",
            "count": 15
        },
        {
            "id": "61553906893782",
            "count": 334
        },
        {
            "id": "100069064952720",
            "count": 86
        },
        {
            "id": "100086640722092",
            "count": 5
        },
        {
            "id": "100044063687253",
            "count": 77
        },
        {
            "id": "100082228244859",
            "count": 29
        },
        {
            "id": "100086163567109",
            "count": 83
        },
        {
            "id": "100075866534265",
            "count": 23
        },
        {
            "id": "100037149490892",
            "count": 79
        },
        {
            "id": "61557881036707",
            "count": 1684
        },
        {
            "id": "100027494981861",
            "count": 180
        },
        {
            "id": "61552125102997",
            "count": 16
        },
        {
            "id": "100083927834963",
            "count": 84
        },
        {
            "id": "100057300879637",
            "count": 45
        },
        {
            "id": "100068530525513",
            "count": 2069
        },
        {
            "id": "100081966791724",
            "count": 1
        },
        {
            "id": "100089991852539",
            "count": 27
        },
        {
            "id": "61556457257348",
            "count": 76
        },
        {
            "id": "100090961638133",
            "count": 125
        },
        {
            "id": "61553814370638",
            "count": 15
        },
        {
            "id": "100089300935896",
            "count": 159
        },
        {
            "id": "61552135263522",
            "count": 32
        },
        {
            "id": "61557260428158",
            "count": 16
        },
        {
            "id": "100073692537664",
            "count": 122
        },
        {
            "id": "61558128144090",
            "count": 55
        },
        {
            "id": "100041079390776",
            "count": 141
        },
        {
            "id": "100075216610999",
            "count": 578
        },
        {
            "id": "100090524501766",
            "count": 1
        },
        {
            "id": "100092245510045",
            "count": 16
        },
        {
            "id": "100075158661081",
            "count": 222
        },
        {
            "id": "61550631185125",
            "count": 27
        },
        {
            "id": "100091626775111",
            "count": 65
        },
        {
            "id": "100034462160545",
            "count": 6
        },
        {
            "id": "100073497366570",
            "count": 92
        },
        {
            "id": "61556286957892",
            "count": 92
        },
        {
            "id": "100092016667681",
            "count": 3
        },
        {
            "id": "61554707527902",
            "count": 2
        },
        {
            "id": "100080472529810",
            "count": 10
        },
        {
            "id": "100074806182410",
            "count": 12
        },
        {
            "id": "100075404124754",
            "count": 18
        },
        {
            "id": "100089549205435",
            "count": 231
        },
        {
            "id": "100083794572260",
            "count": 137
        },
        {
            "id": "61558219527956",
            "count": 54
        },
        {
            "id": "100082470875614",
            "count": 24
        },
        {
            "id": "100083150801768",
            "count": 48
        },
        {
            "id": "100088241747789",
            "count": 32
        },
        {
            "id": "100075181178286",
            "count": 36
        },
        {
            "id": "100085869574793",
            "count": 29
        },
        {
            "id": "100065027383900",
            "count": 3
        },
        {
            "id": "100051561126383",
            "count": 14
        },
        {
            "id": "61550009244374",
            "count": 1
        },
        {
            "id": "100039971859789",
            "count": 3
        },
        {
            "id": "100076229185021",
            "count": 358
        },
        {
            "id": "100066995400775",
            "count": 9
        },
        {
            "id": "61550839373237",
            "count": 69
        },
        {
            "id": "61555941726094",
            "count": 9
        },
        {
            "id": "100090291260401",
            "count": 7
        },
        {
            "id": "100010945034300",
            "count": 6
        },
        {
            "id": "61553348466121",
            "count": 6
        },
        {
            "id": "100090913156051",
            "count": 10
        },
        {
            "id": "100094388615738",
            "count": 8
        },
        {
            "id": "100068585371887",
            "count": 73
        },
        {
            "id": "100092292649992",
            "count": 4
        },
        {
            "id": "100064836657191",
            "count": 6
        },
        {
            "id": "100050544553800",
            "count": 4
        },
        {
            "id": "100071899842452",
            "count": 75
        },
        {
            "id": "100072586493573",
            "count": 29
        },
        {
            "id": "61550973082890",
            "count": 10
        },
        {
            "id": "61553135015380",
            "count": 40
        },
        {
            "id": "61552695014337",
            "count": 4
        },
        {
            "id": "61552953371239",
            "count": 10
        },
        {
            "id": "100080189288083",
            "count": 12
        },
        {
            "id": "100054902555532",
            "count": 62
        },
        {
            "id": "100077799066465",
            "count": 0
        },
        {
            "id": "100072469312275",
            "count": 2
        },
        {
            "id": "100064153217653",
            "count": 68
        },
        {
            "id": "100058300356312",
            "count": 101
        },
        {
            "id": "100086922951428",
            "count": 9
        },
        {
            "id": "100024034479514",
            "count": 2
        },
        {
            "id": "61554662672332",
            "count": 45
        },
        {
            "id": "100075554615021",
            "count": 5
        },
        {
            "id": "100074257322142",
            "count": 32
        },
        {
            "id": "100066509123130",
            "count": 21
        },
        {
            "id": "100090673560646",
            "count": 6
        },
        {
            "id": "100083920350663",
            "count": 46
        },
        {
            "id": "100068292931188",
            "count": 1
        },
        {
            "id": "100065618022315",
            "count": 1
        },
        {
            "id": "61553947944009",
            "count": 1
        },
        {
            "id": "100085433555644",
            "count": 1
        },
        {
            "id": "100068759275211",
            "count": 0
        },
        {
            "id": "100047011388532",
            "count": 0
        },
        {
            "id": "100050992773684",
            "count": 7
        },
        {
            "id": "100091575863427",
            "count": 0
        },
        {
            "id": "61550849699396",
            "count": 2
        },
        {
            "id": "61552397020763",
            "count": 0
        },
        {
            "id": "100051481484684",
            "count": 3
        }
    ],
    "week": [
        {
            "id": "100088952875365",
            "count": 109,
            "name": "Ngg Hoai Anh"
        },
        {
            "id": "100080130108125",
            "count": 1182,
            "name": "Đucc Cuongg"
        },
        {
            "id": "100079159916251",
            "count": 1914,
            "name": "Nguyễn Quang"
        },
        {
            "id": "100089704711938",
            "count": 623,
            "name": "Kiyoko Rio"
        },
        {
            "id": "100062233566864",
            "count": 180,
            "name": "Đặng Huyền Trang"
        },
        {
            "id": "100052917159379",
            "count": 13,
            "name": "Vann Haa"
        },
        {
            "id": "100061676553877",
            "count": 49,
            "name": "Mỹ Trân"
        },
        {
            "id": "100041272960264",
            "count": 849,
            "name": "Nguyen Anh"
        },
        {
            "id": "100090589210470",
            "count": 14,
            "name": "Linh Nhii"
        },
        {
            "id": "61553906893782",
            "count": 334,
            "name": "Nguyễn Duy"
        },
        {
            "id": "100069064952720",
            "count": 86,
            "name": "Duc Quang"
        },
        {
            "id": "100086640722092",
            "count": 5,
            "name": "Nguyễn M.Thuw"
        },
        {
            "id": "100044063687253",
            "count": 59,
            "name": "Gia Hân"
        },
        {
            "id": "100082228244859",
            "count": 29,
            "name": "Dy Nguyên"
        },
        {
            "id": "100086163567109",
            "count": 65,
            "name": "Như Ý Đoàn"
        },
        {
            "id": "100075866534265",
            "count": 23,
            "name": "Nguyễn Phương"
        },
        {
            "id": "100037149490892",
            "count": 72,
            "name": "Họ Tên Là Nghĩa"
        },
        {
            "id": "61557881036707",
            "count": 1684,
            "name": "Mha Cutii"
        },
        {
            "id": "100027494981861",
            "count": 177,
            "name": "Pham Trong Quoc"
        },
        {
            "id": "61552125102997",
            "count": 16,
            "name": "Nghi Tuyet"
        },
        {
            "id": "100083927834963",
            "count": 84,
            "name": "Killua Zoldyck"
        },
        {
            "id": "100057300879637",
            "count": 45,
            "name": "Ng Hải Huyềnn"
        },
        {
            "id": "100068530525513",
            "count": 1920,
            "name": "Ngoc Anh"
        },
        {
            "id": "100081966791724",
            "count": 0,
            "name": "Ng Minh Ánh"
        },
        {
            "id": "100089991852539",
            "count": 27,
            "name": "Pờ Lờ"
        },
        {
            "id": "61556457257348",
            "count": 76,
            "name": "Zanee Psych"
        },
        {
            "id": "100090961638133",
            "count": 97,
            "name": "Tuongg Vy"
        },
        {
            "id": "61553814370638",
            "count": 15,
            "name": "Đạtđẹptrai Nhưngkhôngai Côngnhận"
        },
        {
            "id": "100089300935896",
            "count": 132,
            "name": "Lee Ánhh"
        },
        {
            "id": "61552135263522",
            "count": 14,
            "name": "Andy Quach"
        },
        {
            "id": "61557260428158",
            "count": 16,
            "name": "Khánh Bình"
        },
        {
            "id": "100073692537664",
            "count": 120,
            "name": "Buii Quit"
        },
        {
            "id": "61558128144090",
            "count": 55,
            "name": "Trương Phạm Quynh Anh"
        },
        {
            "id": "100041079390776",
            "count": 103,
            "name": "Chương Thái"
        },
        {
            "id": "100075216610999",
            "count": 524,
            "name": "Hyouka Granger"
        },
        {
            "id": "100090524501766",
            "count": 1
        },
        {
            "id": "100092245510045",
            "count": 16
        },
        {
            "id": "100075158661081",
            "count": 222
        },
        {
            "id": "61550631185125",
            "count": 27
        },
        {
            "id": "100091626775111",
            "count": 65
        },
        {
            "id": "100034462160545",
            "count": 6
        },
        {
            "id": "100073497366570",
            "count": 92
        },
        {
            "id": "61556286957892",
            "count": 92
        },
        {
            "id": "100092016667681",
            "count": 3
        },
        {
            "id": "61554707527902",
            "count": 2
        },
        {
            "id": "100080472529810",
            "count": 10
        },
        {
            "id": "100074806182410",
            "count": 12
        },
        {
            "id": "100075404124754",
            "count": 18
        },
        {
            "id": "100089549205435",
            "count": 231
        },
        {
            "id": "100083794572260",
            "count": 137
        },
        {
            "id": "61558219527956",
            "count": 54
        },
        {
            "id": "100082470875614",
            "count": 24
        },
        {
            "id": "100083150801768",
            "count": 48
        },
        {
            "id": "100088241747789",
            "count": 32
        },
        {
            "id": "100075181178286",
            "count": 36
        },
        {
            "id": "100085869574793",
            "count": 29
        },
        {
            "id": "100065027383900",
            "count": 3
        },
        {
            "id": "100051561126383",
            "count": 14
        },
        {
            "id": "61550009244374",
            "count": 1
        },
        {
            "id": "100039971859789",
            "count": 3
        },
        {
            "id": "100076229185021",
            "count": 358
        },
        {
            "id": "100066995400775",
            "count": 9
        },
        {
            "id": "61550839373237",
            "count": 69
        },
        {
            "id": "61555941726094",
            "count": 9
        },
        {
            "id": "100090291260401",
            "count": 7
        },
        {
            "id": "100010945034300",
            "count": 6
        },
        {
            "id": "61553348466121",
            "count": 6
        },
        {
            "id": "100090913156051",
            "count": 10
        },
        {
            "id": "100094388615738",
            "count": 8
        },
        {
            "id": "100068585371887",
            "count": 73
        },
        {
            "id": "100092292649992",
            "count": 4
        },
        {
            "id": "100064836657191",
            "count": 6
        },
        {
            "id": "100050544553800",
            "count": 4
        },
        {
            "id": "100071899842452",
            "count": 75
        },
        {
            "id": "100072586493573",
            "count": 29
        },
        {
            "id": "61550973082890",
            "count": 10
        },
        {
            "id": "61553135015380",
            "count": 40
        },
        {
            "id": "61552695014337",
            "count": 4
        },
        {
            "id": "61552953371239",
            "count": 10
        },
        {
            "id": "100080189288083",
            "count": 12
        },
        {
            "id": "100054902555532",
            "count": 62
        },
        {
            "id": "100077799066465",
            "count": 0
        },
        {
            "id": "100072469312275",
            "count": 2
        },
        {
            "id": "100064153217653",
            "count": 68
        },
        {
            "id": "100058300356312",
            "count": 101
        },
        {
            "id": "100086922951428",
            "count": 9
        },
        {
            "id": "100024034479514",
            "count": 2
        },
        {
            "id": "61554662672332",
            "count": 45
        },
        {
            "id": "100075554615021",
            "count": 5
        },
        {
            "id": "100074257322142",
            "count": 32
        },
        {
            "id": "100066509123130",
            "count": 21
        },
        {
            "id": "100090673560646",
            "count": 6
        },
        {
            "id": "100083920350663",
            "count": 46
        },
        {
            "id": "100068292931188",
            "count": 1
        },
        {
            "id": "100065618022315",
            "count": 1
        },
        {
            "id": "61553947944009",
            "count": 1
        },
        {
            "id": "100085433555644",
            "count": 1
        },
        {
            "id": "100068759275211",
            "count": 0
        },
        {
            "id": "100047011388532",
            "count": 0
        },
        {
            "id": "100050992773684",
            "count": 7
        },
        {
            "id": "100091575863427",
            "count": 0
        },
        {
            "id": "61550849699396",
            "count": 2
        },
        {
            "id": "61552397020763",
            "count": 0
        },
        {
            "id": "100051481484684",
            "count": 3
        }
    ],
    "day": [
        {
            "id": "100088952875365",
            "count": 8,
            "name": "Ngg Hoai Anh"
        },
        {
            "id": "100080130108125",
            "count": 40,
            "name": "Đucc Cuongg"
        },
        {
            "id": "100079159916251",
            "count": 81,
            "name": "Nguyễn Quang"
        },
        {
            "id": "100089704711938",
            "count": 16,
            "name": "Kiyoko Rio"
        },
        {
            "id": "100062233566864",
            "count": 0,
            "name": "Đặng Huyền Trang"
        },
        {
            "id": "100052917159379",
            "count": 0,
            "name": "Vann Haa"
        },
        {
            "id": "100061676553877",
            "count": 0,
            "name": "Mỹ Trân"
        },
        {
            "id": "100041272960264",
            "count": 175,
            "name": "Nguyen Anh"
        },
        {
            "id": "100090589210470",
            "count": 0,
            "name": "Linh Nhii"
        },
        {
            "id": "61553906893782",
            "count": 49,
            "name": "Nguyễn Duy"
        },
        {
            "id": "100069064952720",
            "count": 0,
            "name": "Duc Quang"
        },
        {
            "id": "100086640722092",
            "count": 2,
            "name": "Nguyễn M.Thuw"
        },
        {
            "id": "100044063687253",
            "count": 0,
            "name": "Gia Hân"
        },
        {
            "id": "100082228244859",
            "count": 0,
            "name": "Dy Nguyên"
        },
        {
            "id": "100086163567109",
            "count": 0,
            "name": "Như Ý Đoàn"
        },
        {
            "id": "100075866534265",
            "count": 0,
            "name": "Nguyễn Phương"
        },
        {
            "id": "100037149490892",
            "count": 3,
            "name": "Họ Tên Là Nghĩa"
        },
        {
            "id": "61557881036707",
            "count": 175,
            "name": "Mha Cutii"
        },
        {
            "id": "100027494981861",
            "count": 4,
            "name": "Pham Trong Quoc"
        },
        {
            "id": "61552125102997",
            "count": 1,
            "name": "Nghi Tuyet"
        },
        {
            "id": "100083927834963",
            "count": 0,
            "name": "Killua Zoldyck"
        },
        {
            "id": "100057300879637",
            "count": 4,
            "name": "Ng Hải Huyềnn"
        },
        {
            "id": "100068530525513",
            "count": 136,
            "name": "Ngoc Anh"
        },
        {
            "id": "100081966791724",
            "count": 0,
            "name": "Ng Minh Ánh"
        },
        {
            "id": "100089991852539",
            "count": 3,
            "name": "Pờ Lờ"
        },
        {
            "id": "61556457257348",
            "count": 0,
            "name": "Zanee Psych"
        },
        {
            "id": "100090961638133",
            "count": 2,
            "name": "Tuongg Vy"
        },
        {
            "id": "61553814370638",
            "count": 0,
            "name": "Đạtđẹptrai Nhưngkhôngai Côngnhận"
        },
        {
            "id": "100089300935896",
            "count": 3,
            "name": "Lee Ánhh"
        },
        {
            "id": "61552135263522",
            "count": 3,
            "name": "Andy Quach"
        },
        {
            "id": "61557260428158",
            "count": 0,
            "name": "Khánh Bình"
        },
        {
            "id": "100073692537664",
            "count": 49,
            "name": "Buii Quit"
        },
        {
            "id": "61558128144090",
            "count": 6,
            "name": "Trương Phạm Quynh Anh"
        },
        {
            "id": "100041079390776",
            "count": 7,
            "name": "Chương Thái"
        },
        {
            "id": "100075216610999",
            "count": 96,
            "name": "Hyouka Granger"
        },
        {
            "id": "100090524501766",
            "count": 0,
            "name": "H Ngoc Lan Anh"
        },
        {
            "id": "100092245510045",
            "count": 0,
            "name": "Nguyn Huy"
        },
        {
            "id": "100075158661081",
            "count": 4,
            "name": "ʚThu Hiềnɞ"
        },
        {
            "id": "61550631185125",
            "count": 0,
            "name": "Azumi Atfw"
        },
        {
            "id": "100091626775111",
            "count": 0,
            "name": "Phương Vy"
        },
        {
            "id": "100034462160545",
            "count": 0,
            "name": "Thanh Dy"
        },
        {
            "id": "100073497366570",
            "count": 0,
            "name": "Thai Quang"
        },
        {
            "id": "61556286957892",
            "count": 3,
            "name": "Nguyễn Chi"
        },
        {
            "id": "100092016667681",
            "count": 0,
            "name": "Đạt Nguyễn"
        },
        {
            "id": "61554707527902",
            "count": 0,
            "name": "Nguyễn Thùy"
        },
        {
            "id": "100080472529810",
            "count": 0,
            "name": "Chú Bé Đần"
        },
        {
            "id": "100074806182410",
            "count": 0,
            "name": "Khang Hoang"
        },
        {
            "id": "100075404124754",
            "count": 12,
            "name": "Đỗ Thành Trung"
        },
        {
            "id": "100089549205435",
            "count": 0,
            "name": "Tran Huy Hoang"
        },
        {
            "id": "100083794572260",
            "count": 78,
            "name": "Thanh'z Khiêmm"
        },
        {
            "id": "61558219527956",
            "count": 42,
            "name": "Yeen Haii"
        },
        {
            "id": "100082470875614",
            "count": 13,
            "name": "Nguyễn Trí Tài"
        },
        {
            "id": "100083150801768",
            "count": 25,
            "name": "Nguyễn Bình"
        },
        {
            "id": "100088241747789",
            "count": 6,
            "name": "Trương Hiển"
        },
        {
            "id": "100075181178286",
            "count": 7,
            "name": "𝑵𝒈𝒖𝒚𝒆𝒏 𝑻𝒉𝒊 𝒀𝒆𝒏 𝑵𝒉𝒊"
        },
        {
            "id": "100085869574793",
            "count": 7,
            "name": "Quoc An"
        },
        {
            "id": "100065027383900",
            "count": 0,
            "name": "Văn Nguyên"
        },
        {
            "id": "100051561126383",
            "count": 3,
            "name": "Bac Ky Porry"
        },
        {
            "id": "61550009244374",
            "count": 0,
            "name": "Linh Nttlinh"
        },
        {
            "id": "100039971859789",
            "count": 0,
            "name": "Thuan Nvt"
        },
        {
            "id": "100076229185021",
            "count": 241,
            "name": "Quân Ngủ Quên"
        },
        {
            "id": "100066995400775",
            "count": 0,
            "name": "Phúc Gucci"
        },
        {
            "id": "61550839373237",
            "count": 28,
            "name": "Gia Hân"
        },
        {
            "id": "61555941726094",
            "count": 4,
            "name": "Hoàng Lê Vũ"
        },
        {
            "id": "100090291260401",
            "count": 0,
            "name": "Ah Là T Tdong 💸"
        },
        {
            "id": "100010945034300",
            "count": 0,
            "name": "Thành Tâm"
        },
        {
            "id": "61553348466121",
            "count": 0,
            "name": "Nguyễn Phan Bá Trọng"
        },
        {
            "id": "100090913156051",
            "count": 5,
            "name": "Mai Lan"
        },
        {
            "id": "100094388615738",
            "count": 0,
            "name": "Tê Wen"
        },
        {
            "id": "100068585371887",
            "count": 5,
            "name": "Nhat Trananh"
        },
        {
            "id": "100092292649992",
            "count": 1,
            "name": "Phong Trần"
        },
        {
            "id": "100064836657191",
            "count": 1,
            "name": "Kiệt Vương"
        },
        {
            "id": "100050544553800",
            "count": 0,
            "name": "Anh Nguyen"
        },
        {
            "id": "100071899842452",
            "count": 20,
            "name": "Tuấn Khanh"
        },
        {
            "id": "100072586493573",
            "count": 21,
            "name": "Khánh Vi"
        },
        {
            "id": "61550973082890",
            "count": 2,
            "name": "Đỗ Hoàng Minh"
        },
        {
            "id": "61553135015380",
            "count": 8,
            "name": "Rio Băng"
        },
        {
            "id": "61552695014337",
            "count": 0,
            "name": "Ng Hoang Duy"
        },
        {
            "id": "61552953371239",
            "count": 5,
            "name": "Thuy Tien"
        },
        {
            "id": "100080189288083",
            "count": 2,
            "name": "Linh Lộc"
        },
        {
            "id": "100054902555532",
            "count": 35,
            "name": "Yến Trân"
        },
        {
            "id": "100077799066465",
            "count": 0,
            "name": "Người dùng facebook"
        },
        {
            "id": "100072469312275",
            "count": 0,
            "name": "Vua Về Nhì"
        },
        {
            "id": "100064153217653",
            "count": 67,
            "name": "Nam Sơn"
        },
        {
            "id": "100058300356312",
            "count": 101
        },
        {
            "id": "100086922951428",
            "count": 9
        },
        {
            "id": "100024034479514",
            "count": 2
        },
        {
            "id": "61554662672332",
            "count": 45
        },
        {
            "id": "100075554615021",
            "count": 5
        },
        {
            "id": "100074257322142",
            "count": 32
        },
        {
            "id": "100066509123130",
            "count": 21
        },
        {
            "id": "100090673560646",
            "count": 6
        },
        {
            "id": "100083920350663",
            "count": 46
        },
        {
            "id": "100068292931188",
            "count": 1
        },
        {
            "id": "100065618022315",
            "count": 1
        },
        {
            "id": "61553947944009",
            "count": 1
        },
        {
            "id": "100085433555644",
            "count": 1
        },
        {
            "id": "100068759275211",
            "count": 0
        },
        {
            "id": "100047011388532",
            "count": 0
        },
        {
            "id": "100050992773684",
            "count": 7
        },
        {
            "id": "100091575863427",
            "count": 0
        },
        {
            "id": "61550849699396",
            "count": 2
        },
        {
            "id": "61552397020763",
            "count": 0
        },
        {
            "id": "100051481484684",
            "count": 3
        }
    ],
    "time": 5,
    "last": {
        "time": 0,
        "day": [
            {
                "id": "100088952875365",
                "count": 0
            },
            {
                "id": "100080130108125",
                "count": 0
            },
            {
                "id": "100079159916251",
                "count": 0
            },
            {
                "id": "100089704711938",
                "count": 0
            },
            {
                "id": "100062233566864",
                "count": 0
            },
            {
                "id": "61556032234218",
                "count": 0
            },
            {
                "id": "100052917159379",
                "count": 0
            },
            {
                "id": "100061676553877",
                "count": 0
            },
            {
                "id": "100041272960264",
                "count": 0
            },
            {
                "id": "100072883971207",
                "count": 0
            },
            {
                "id": "100090589210470",
                "count": 0
            },
            {
                "id": "61550512755110",
                "count": 0
            },
            {
                "id": "61553906893782",
                "count": 0
            },
            {
                "id": "100069064952720",
                "count": 0
            },
            {
                "id": "100086640722092",
                "count": 0
            },
            {
                "id": "100044063687253",
                "count": 0
            },
            {
                "id": "100082228244859",
                "count": 0
            },
            {
                "id": "100075966662375",
                "count": 0
            },
            {
                "id": "100086163567109",
                "count": 0
            },
            {
                "id": "100075866534265",
                "count": 0
            },
            {
                "id": "100037149490892",
                "count": 0
            },
            {
                "id": "61557881036707",
                "count": 0
            },
            {
                "id": "100027494981861",
                "count": 0
            },
            {
                "id": "100093829958347",
                "count": 0
            },
            {
                "id": "61552125102997",
                "count": 0
            },
            {
                "id": "100076279097681",
                "count": 0
            },
            {
                "id": "100009436752723",
                "count": 0
            },
            {
                "id": "61557361801351",
                "count": 0
            },
            {
                "id": "100083927834963",
                "count": 0
            },
            {
                "id": "100094563011647",
                "count": 0
            },
            {
                "id": "100089339901501",
                "count": 0
            },
            {
                "id": "100077491118621",
                "count": 0
            },
            {
                "id": "100057300879637",
                "count": 0
            },
            {
                "id": "100068530525513",
                "count": 0
            },
            {
                "id": "100081966791724",
                "count": 0
            },
            {
                "id": "61550526239803",
                "count": 0
            },
            {
                "id": "100047011388532",
                "count": 0
            },
            {
                "id": "100089991852539",
                "count": 0
            },
            {
                "id": "61554432732793",
                "count": 0
            },
            {
                "id": "61556457257348",
                "count": 0
            },
            {
                "id": "100086114155203",
                "count": 0
            },
            {
                "id": "100090961638133",
                "count": 0
            },
            {
                "id": "61553814370638",
                "count": 0
            },
            {
                "id": "61556323427531",
                "count": 0
            },
            {
                "id": "100076881073732",
                "count": 0
            },
            {
                "id": "100089300935896",
                "count": 0
            },
            {
                "id": "100089314234931",
                "count": 0
            },
            {
                "id": "61552135263522",
                "count": 0
            },
            {
                "id": "61552072737469",
                "count": 0
            },
            {
                "id": "100075203603142",
                "count": 0
            },
            {
                "id": "61557260428158",
                "count": 0
            },
            {
                "id": "100073692537664",
                "count": 0
            },
            {
                "id": "61558128144090",
                "count": 0
            },
            {
                "id": "100050697054012",
                "count": 0
            },
            {
                "id": "100041079390776",
                "count": 0
            },
            {
                "id": "100075216610999",
                "count": 0
            },
            {
                "id": "100090524501766",
                "count": 0
            },
            {
                "id": "100092245510045",
                "count": 0
            },
            {
                "id": "100075158661081",
                "count": 0
            },
            {
                "id": "61550631185125",
                "count": 0
            },
            {
                "id": "100091626775111",
                "count": 0
            },
            {
                "id": "100034462160545",
                "count": 0
            },
            {
                "id": "100073497366570",
                "count": 0
            },
            {
                "id": "61556286957892",
                "count": 0
            },
            {
                "id": "100092016667681",
                "count": 0
            },
            {
                "id": "61554707527902",
                "count": 0
            },
            {
                "id": "100080472529810",
                "count": 0
            },
            {
                "id": "61552611493183",
                "count": 0
            },
            {
                "id": "100074806182410",
                "count": 0
            },
            {
                "id": "100075404124754",
                "count": 0
            },
            {
                "id": "100089549205435",
                "count": 0
            },
            {
                "id": "61550024031936",
                "count": 0
            },
            {
                "id": "100087129487251",
                "count": 0
            },
            {
                "id": "100083794572260",
                "count": 0
            },
            {
                "id": "61558219527956",
                "count": 0
            },
            {
                "id": "100004045367866",
                "count": 0
            },
            {
                "id": "100090358103679",
                "count": 0
            },
            {
                "id": "100082470875614",
                "count": 0
            },
            {
                "id": "100077678193665",
                "count": 0
            },
            {
                "id": "100054620512317",
                "count": 0
            },
            {
                "id": "100083150801768",
                "count": 0
            },
            {
                "id": "100088241747789",
                "count": 0
            },
            {
                "id": "100075181178286",
                "count": 0
            },
            {
                "id": "100085869574793",
                "count": 0
            },
            {
                "id": "100065027383900",
                "count": 0
            },
            {
                "id": "100051561126383",
                "count": 0
            },
            {
                "id": "61550009244374",
                "count": 0
            },
            {
                "id": "100039971859789",
                "count": 0
            },
            {
                "id": "61552518293822",
                "count": 0
            },
            {
                "id": "100089347036140",
                "count": 0
            },
            {
                "id": "100076229185021",
                "count": 0
            },
            {
                "id": "100066995400775",
                "count": 0
            },
            {
                "id": "61550839373237",
                "count": 0
            },
            {
                "id": "61555941726094",
                "count": 0
            },
            {
                "id": "100090291260401",
                "count": 0
            },
            {
                "id": "100089106713711",
                "count": 0
            },
            {
                "id": "100010945034300",
                "count": 0
            },
            {
                "id": "61553348466121",
                "count": 0
            },
            {
                "id": "100090913156051",
                "count": 0
            },
            {
                "id": "100094388615738",
                "count": 0
            },
            {
                "id": "100068585371887",
                "count": 0
            },
            {
                "id": "100092292649992",
                "count": 0
            },
            {
                "id": "100064836657191",
                "count": 0
            },
            {
                "id": "100050544553800",
                "count": 0
            },
            {
                "id": "100071899842452",
                "count": 0
            },
            {
                "id": "100072586493573",
                "count": 0
            },
            {
                "id": "61550973082890",
                "count": 0
            },
            {
                "id": "61553135015380",
                "count": 0
            },
            {
                "id": "61552695014337",
                "count": 0
            },
            {
                "id": "61552953371239",
                "count": 0
            },
            {
                "id": "100080189288083",
                "count": 0
            },
            {
                "id": "100054902555532",
                "count": 0
            },
            {
                "id": "100077799066465",
                "count": 0
            },
            {
                "id": "100072469312275",
                "count": 0
            },
            {
                "id": "100064153217653",
                "count": 0
            },
            {
                "id": "100058300356312",
                "count": 0
            },
            {
                "id": "100086922951428",
                "count": 0
            },
            {
                "id": "100024034479514",
                "count": 0
            },
            {
                "id": "61554662672332",
                "count": 0
            },
            {
                "id": "100075554615021",
                "count": 0
            },
            {
                "id": "100074257322142",
                "count": 0
            },
            {
                "id": "100066509123130",
                "count": 0
            },
            {
                "id": "100090673560646",
                "count": 0
            },
            {
                "id": "100083920350663",
                "count": 0
            },
            {
                "id": "100068292931188",
                "count": 0
            },
            {
                "id": "100065618022315",
                "count": 0
            },
            {
                "id": "61553947944009",
                "count": 0
            },
            {
                "id": "100085433555644",
                "count": 0
            },
            {
                "id": "100068759275211",
                "count": 0
            },
            {
                "id": "100050992773684",
                "count": 0
            },
            {
                "id": "100091575863427",
                "count": 0
            },
            {
                "id": "61550849699396",
                "count": 0
            },
            {
                "id": "61552397020763",
                "count": 0
            },
            {
                "id": "100051481484684",
                "count": 0
            }
        ],
        "week": [
            {
                "id": "100088952875365",
                "count": 0
            },
            {
                "id": "100080130108125",
                "count": 0
            },
            {
                "id": "100079159916251",
                "count": 0
            },
            {
                "id": "100089704711938",
                "count": 0
            },
            {
                "id": "100062233566864",
                "count": 0
            },
            {
                "id": "61556032234218",
                "count": 0
            },
            {
                "id": "100052917159379",
                "count": 0
            },
            {
                "id": "100061676553877",
                "count": 0
            },
            {
                "id": "100041272960264",
                "count": 0
            },
            {
                "id": "100072883971207",
                "count": 0
            },
            {
                "id": "100090589210470",
                "count": 0
            },
            {
                "id": "61550512755110",
                "count": 0
            },
            {
                "id": "61553906893782",
                "count": 0
            },
            {
                "id": "100069064952720",
                "count": 0
            },
            {
                "id": "100086640722092",
                "count": 0
            },
            {
                "id": "100044063687253",
                "count": 0
            },
            {
                "id": "100082228244859",
                "count": 0
            },
            {
                "id": "100075966662375",
                "count": 0
            },
            {
                "id": "100086163567109",
                "count": 0
            },
            {
                "id": "100075866534265",
                "count": 0
            },
            {
                "id": "100037149490892",
                "count": 0
            },
            {
                "id": "61557881036707",
                "count": 0
            },
            {
                "id": "100027494981861",
                "count": 0
            },
            {
                "id": "100093829958347",
                "count": 0
            },
            {
                "id": "61552125102997",
                "count": 0
            },
            {
                "id": "100076279097681",
                "count": 0
            },
            {
                "id": "100009436752723",
                "count": 0
            },
            {
                "id": "61557361801351",
                "count": 0
            },
            {
                "id": "100083927834963",
                "count": 0
            },
            {
                "id": "100094563011647",
                "count": 0
            },
            {
                "id": "100089339901501",
                "count": 0
            },
            {
                "id": "100077491118621",
                "count": 0
            },
            {
                "id": "100057300879637",
                "count": 0
            },
            {
                "id": "100068530525513",
                "count": 0
            },
            {
                "id": "100081966791724",
                "count": 0
            },
            {
                "id": "61550526239803",
                "count": 0
            },
            {
                "id": "100047011388532",
                "count": 0
            },
            {
                "id": "100089991852539",
                "count": 0
            },
            {
                "id": "61554432732793",
                "count": 0
            },
            {
                "id": "61556457257348",
                "count": 0
            },
            {
                "id": "100086114155203",
                "count": 0
            },
            {
                "id": "100090961638133",
                "count": 0
            },
            {
                "id": "61553814370638",
                "count": 0
            },
            {
                "id": "61556323427531",
                "count": 0
            },
            {
                "id": "100076881073732",
                "count": 0
            },
            {
                "id": "100089300935896",
                "count": 0
            },
            {
                "id": "100089314234931",
                "count": 0
            },
            {
                "id": "61552135263522",
                "count": 0
            },
            {
                "id": "61552072737469",
                "count": 0
            },
            {
                "id": "100075203603142",
                "count": 0
            },
            {
                "id": "61557260428158",
                "count": 0
            },
            {
                "id": "100073692537664",
                "count": 0
            },
            {
                "id": "61558128144090",
                "count": 0
            },
            {
                "id": "100050697054012",
                "count": 0
            },
            {
                "id": "100041079390776",
                "count": 0
            },
            {
                "id": "100075216610999",
                "count": 0
            },
            {
                "id": "100090524501766",
                "count": 0
            },
            {
                "id": "100092245510045",
                "count": 0
            },
            {
                "id": "100075158661081",
                "count": 0
            },
            {
                "id": "61550631185125",
                "count": 0
            },
            {
                "id": "100091626775111",
                "count": 0
            },
            {
                "id": "100034462160545",
                "count": 0
            },
            {
                "id": "100073497366570",
                "count": 0
            },
            {
                "id": "61556286957892",
                "count": 0
            },
            {
                "id": "100092016667681",
                "count": 0
            },
            {
                "id": "61554707527902",
                "count": 0
            },
            {
                "id": "100080472529810",
                "count": 0
            },
            {
                "id": "61552611493183",
                "count": 0
            },
            {
                "id": "100074806182410",
                "count": 0
            },
            {
                "id": "100075404124754",
                "count": 0
            },
            {
                "id": "100089549205435",
                "count": 0
            },
            {
                "id": "61550024031936",
                "count": 0
            },
            {
                "id": "100087129487251",
                "count": 0
            },
            {
                "id": "100083794572260",
                "count": 0
            },
            {
                "id": "61558219527956",
                "count": 0
            },
            {
                "id": "100004045367866",
                "count": 0
            },
            {
                "id": "100090358103679",
                "count": 0
            },
            {
                "id": "100082470875614",
                "count": 0
            },
            {
                "id": "100077678193665",
                "count": 0
            },
            {
                "id": "100054620512317",
                "count": 0
            },
            {
                "id": "100083150801768",
                "count": 0
            },
            {
                "id": "100088241747789",
                "count": 0
            },
            {
                "id": "100075181178286",
                "count": 0
            },
            {
                "id": "100085869574793",
                "count": 0
            },
            {
                "id": "100065027383900",
                "count": 0
            },
            {
                "id": "100051561126383",
                "count": 0
            },
            {
                "id": "61550009244374",
                "count": 0
            },
            {
                "id": "100039971859789",
                "count": 0
            },
            {
                "id": "61552518293822",
                "count": 0
            },
            {
                "id": "100089347036140",
                "count": 0
            },
            {
                "id": "100076229185021",
                "count": 0
            },
            {
                "id": "100066995400775",
                "count": 0
            },
            {
                "id": "61550839373237",
                "count": 0
            },
            {
                "id": "61555941726094",
                "count": 0
            },
            {
                "id": "100090291260401",
                "count": 0
            },
            {
                "id": "100089106713711",
                "count": 0
            },
            {
                "id": "100010945034300",
                "count": 0
            },
            {
                "id": "61553348466121",
                "count": 0
            },
            {
                "id": "100090913156051",
                "count": 0
            },
            {
                "id": "100094388615738",
                "count": 0
            },
            {
                "id": "100068585371887",
                "count": 0
            },
            {
                "id": "100092292649992",
                "count": 0
            },
            {
                "id": "100064836657191",
                "count": 0
            },
            {
                "id": "100050544553800",
                "count": 0
            },
            {
                "id": "100071899842452",
                "count": 0
            },
            {
                "id": "100072586493573",
                "count": 0
            },
            {
                "id": "61550973082890",
                "count": 0
            },
            {
                "id": "61553135015380",
                "count": 0
            },
            {
                "id": "61552695014337",
                "count": 0
            },
            {
                "id": "61552953371239",
                "count": 0
            },
            {
                "id": "100080189288083",
                "count": 0
            },
            {
                "id": "100054902555532",
                "count": 0
            },
            {
                "id": "100077799066465",
                "count": 0
            },
            {
                "id": "100072469312275",
                "count": 0
            },
            {
                "id": "100064153217653",
                "count": 0
            },
            {
                "id": "100058300356312",
                "count": 0
            },
            {
                "id": "100086922951428",
                "count": 0
            },
            {
                "id": "100024034479514",
                "count": 0
            },
            {
                "id": "61554662672332",
                "count": 0
            },
            {
                "id": "100075554615021",
                "count": 0
            },
            {
                "id": "100074257322142",
                "count": 0
            },
            {
                "id": "100066509123130",
                "count": 0
            },
            {
                "id": "100090673560646",
                "count": 0
            },
            {
                "id": "100083920350663",
                "count": 0
            },
            {
                "id": "100068292931188",
                "count": 0
            },
            {
                "id": "100065618022315",
                "count": 0
            },
            {
                "id": "61553947944009",
                "count": 0
            },
            {
                "id": "100085433555644",
                "count": 0
            },
            {
                "id": "100068759275211",
                "count": 0
            },
            {
                "id": "100050992773684",
                "count": 0
            },
            {
                "id": "100091575863427",
                "count": 0
            },
            {
                "id": "61550849699396",
                "count": 0
            },
            {
                "id": "61552397020763",
                "count": 0
            },
            {
                "id": "100051481484684",
                "count": 0
            }
        ]
    }
}