{
    "total": [
        {
            "id": "100075216610999",
            "count": 423
        },
        {
            "id": "100050999371837",
            "count": 358
        }
    ],
    "week": [
        {
            "id": "100075216610999",
            "count": 0,
            "name": "Hyouka Granger"
        },
        {
            "id": "100050999371837",
            "count": 0,
            "name": "Tiến Nguyễn"
        }
    ],
    "day": [
        {
            "id": "100075216610999",
            "count": 0,
            "name": "Hyouka Granger"
        },
        {
            "id": "100050999371837",
            "count": 0,
            "name": "Tiến Nguyễn"
        }
    ],
    "time": 5,
    "last": {
        "time": 3,
        "day": [
            {
                "id": "100069289801958",
                "count": 0
            },
            {
                "id": "100075216610999",
                "count": 0
            },
            {
                "id": "100050999371837",
                "count": 0
            },
            {
                "id": "100091548416971",
                "count": 0
            },
            {
                "id": "100066743076880",
                "count": 0
            }
        ],
        "week": [
            {
                "id": "100069289801958",
                "count": 0
            },
            {
                "id": "100075216610999",
                "count": 0
            },
            {
                "id": "100050999371837",
                "count": 0
            },
            {
                "id": "100091548416971",
                "count": 0
            },
            {
                "id": "100066743076880",
                "count": 0
            }
        ]
    }
}