{
    "total": [
        {
            "id": "100029652773373",
            "count": 0
        },
        {
            "id": "100024721657356",
            "count": 0
        },
        {
            "id": "100059576694954",
            "count": 1
        },
        {
            "id": "100041079390776",
            "count": 39
        },
        {
            "id": "100075216610999",
            "count": 189
        }
    ],
    "week": [
        {
            "id": "100029652773373",
            "count": 0,
            "name": "Người dùng facebook"
        },
        {
            "id": "100024721657356",
            "count": 0,
            "name": "Người dùng facebook"
        },
        {
            "id": "100059576694954",
            "count": 0,
            "name": "Người dùng facebook"
        },
        {
            "id": "100041079390776",
            "count": 0,
            "name": "Chương Thái"
        },
        {
            "id": "100075216610999",
            "count": 0,
            "name": "Hyouka Granger"
        }
    ],
    "day": [
        {
            "id": "100029652773373",
            "count": 0,
            "name": "Người dùng facebook"
        },
        {
            "id": "100024721657356",
            "count": 0,
            "name": "Người dùng facebook"
        },
        {
            "id": "100059576694954",
            "count": 0,
            "name": "Người dùng facebook"
        },
        {
            "id": "100041079390776",
            "count": 0,
            "name": "Chương Thái"
        },
        {
            "id": "100075216610999",
            "count": 0,
            "name": "Hyouka Granger"
        }
    ],
    "time": 5,
    "last": {
        "time": 3,
        "day": [
            {
                "id": "100029652773373",
                "count": 0
            },
            {
                "id": "100024721657356",
                "count": 0
            },
            {
                "id": "100059576694954",
                "count": 0
            },
            {
                "id": "100041079390776",
                "count": 0
            },
            {
                "id": "100075216610999",
                "count": 0
            }
        ],
        "week": [
            {
                "id": "100029652773373",
                "count": 0
            },
            {
                "id": "100024721657356",
                "count": 0
            },
            {
                "id": "100059576694954",
                "count": 0
            },
            {
                "id": "100041079390776",
                "count": 0
            },
            {
                "id": "100075216610999",
                "count": 0
            }
        ]
    }
}