{
    "total": [
        {
            "id": "100076140670349",
            "count": 0
        },
        {
            "id": "100065026376664",
            "count": 0
        },
        {
            "id": "100060500231345",
            "count": 0
        },
        {
            "id": "100075216610999",
            "count": 2
        },
        {
            "id": "100071987005181",
            "count": 0
        },
        {
            "id": "100048928504613",
            "count": 0
        },
        {
            "id": "100050999371837",
            "count": 1
        }
    ],
    "week": [
        {
            "id": "100076140670349",
            "count": 0,
            "name": "Người dùng facebook"
        },
        {
            "id": "100065026376664",
            "count": 0,
            "name": "Người dùng facebook"
        },
        {
            "id": "100060500231345",
            "count": 0,
            "name": "Người dùng facebook"
        },
        {
            "id": "100075216610999",
            "count": 0,
            "name": "Hyouka Granger"
        },
        {
            "id": "100071987005181",
            "count": 0,
            "name": "Người dùng facebook"
        },
        {
            "id": "100048928504613",
            "count": 0,
            "name": "Người dùng facebook"
        },
        {
            "id": "100050999371837",
            "count": 0,
            "name": "Tiến Nguyễn"
        }
    ],
    "day": [
        {
            "id": "100076140670349",
            "count": 0,
            "name": "Người dùng facebook"
        },
        {
            "id": "100065026376664",
            "count": 0,
            "name": "Người dùng facebook"
        },
        {
            "id": "100060500231345",
            "count": 0,
            "name": "Người dùng facebook"
        },
        {
            "id": "100075216610999",
            "count": 0,
            "name": "Hyouka Granger"
        },
        {
            "id": "100071987005181",
            "count": 0,
            "name": "Người dùng facebook"
        },
        {
            "id": "100048928504613",
            "count": 0,
            "name": "Người dùng facebook"
        },
        {
            "id": "100050999371837",
            "count": 0,
            "name": "Tiến Nguyễn"
        }
    ],
    "time": 5,
    "last": {
        "time": 5,
        "day": [
            {
                "id": "100076140670349",
                "count": 0
            },
            {
                "id": "100065026376664",
                "count": 0
            },
            {
                "id": "100060500231345",
                "count": 0
            },
            {
                "id": "100075216610999",
                "count": 0
            },
            {
                "id": "100071987005181",
                "count": 0
            },
            {
                "id": "100048928504613",
                "count": 0
            },
            {
                "id": "100050999371837",
                "count": 0
            }
        ],
        "week": [
            {
                "id": "100076140670349",
                "count": 0
            },
            {
                "id": "100065026376664",
                "count": 0
            },
            {
                "id": "100060500231345",
                "count": 0
            },
            {
                "id": "100075216610999",
                "count": 0
            },
            {
                "id": "100071987005181",
                "count": 0
            },
            {
                "id": "100048928504613",
                "count": 0
            },
            {
                "id": "100050999371837",
                "count": 0
            }
        ]
    }
}