{
    "total": [
        {
            "id": "100084707971693",
            "count": 180
        },
        {
            "id": "61554393416358",
            "count": 10
        },
        {
            "id": "100090382860248",
            "count": 17
        },
        {
            "id": "100061194188889",
            "count": 34
        },
        {
            "id": "100041079390776",
            "count": 139
        },
        {
            "id": "100075216610999",
            "count": 225
        },
        {
            "id": "100080260264935",
            "count": 6
        },
        {
            "id": "100072900513635",
            "count": 9
        },
        {
            "id": "100088140824534",
            "count": 0
        },
        {
            "id": "100087472137515",
            "count": 13
        },
        {
            "id": "100076549448118",
            "count": 2
        }
    ],
    "week": [
        {
            "id": "100084707971693",
            "count": 0,
            "name": "Người dùng facebook"
        },
        {
            "id": "61554393416358",
            "count": 0,
            "name": "Người dùng facebook"
        },
        {
            "id": "100090382860248",
            "count": 0,
            "name": "Thu Uyên"
        },
        {
            "id": "100061194188889",
            "count": 0,
            "name": "Hoàng Nguyên"
        },
        {
            "id": "100041079390776",
            "count": 0,
            "name": "Chương Thái"
        },
        {
            "id": "100075216610999",
            "count": 0,
            "name": "Hyouka Granger"
        },
        {
            "id": "100080260264935",
            "count": 0,
            "name": "Người dùng facebook"
        },
        {
            "id": "100072900513635",
            "count": 0,
            "name": "Người dùng facebook"
        },
        {
            "id": "100088140824534",
            "count": 0,
            "name": "Người dùng facebook"
        },
        {
            "id": "100087472137515",
            "count": 0,
            "name": "Thunder Sky"
        },
        {
            "id": "100076549448118",
            "count": 0,
            "name": "Gia Bảo"
        }
    ],
    "day": [
        {
            "id": "100084707971693",
            "count": 0,
            "name": "Người dùng facebook"
        },
        {
            "id": "61554393416358",
            "count": 0,
            "name": "Người dùng facebook"
        },
        {
            "id": "100090382860248",
            "count": 0,
            "name": "Thu Uyên"
        },
        {
            "id": "100061194188889",
            "count": 0,
            "name": "Người dùng facebook"
        },
        {
            "id": "100041079390776",
            "count": 0,
            "name": "Chương Thái"
        },
        {
            "id": "100075216610999",
            "count": 0,
            "name": "Hyouka Granger"
        },
        {
            "id": "100080260264935",
            "count": 0,
            "name": "Người dùng facebook"
        },
        {
            "id": "100072900513635",
            "count": 0,
            "name": "Người dùng facebook"
        },
        {
            "id": "100088140824534",
            "count": 0,
            "name": "Người dùng facebook"
        },
        {
            "id": "100087472137515",
            "count": 0,
            "name": "Thunder Sky"
        },
        {
            "id": "100076549448118",
            "count": 0,
            "name": "Gia Bảo"
        }
    ],
    "time": 5,
    "last": {
        "time": 6,
        "day": [
            {
                "id": "100084707971693",
                "count": 0
            },
            {
                "id": "61554393416358",
                "count": 0
            },
            {
                "id": "100090382860248",
                "count": 0
            },
            {
                "id": "100061194188889",
                "count": 0
            },
            {
                "id": "100041079390776",
                "count": 0
            },
            {
                "id": "100075216610999",
                "count": 0
            },
            {
                "id": "100080260264935",
                "count": 0
            },
            {
                "id": "100072900513635",
                "count": 0
            },
            {
                "id": "100088140824534",
                "count": 0
            },
            {
                "id": "100087472137515",
                "count": 0
            },
            {
                "id": "100076549448118",
                "count": 0
            }
        ],
        "week": [
            {
                "id": "100084707971693",
                "count": 0
            },
            {
                "id": "61554393416358",
                "count": 0
            },
            {
                "id": "100090382860248",
                "count": 0
            },
            {
                "id": "100061194188889",
                "count": 0
            },
            {
                "id": "100041079390776",
                "count": 0
            },
            {
                "id": "100075216610999",
                "count": 0
            },
            {
                "id": "100080260264935",
                "count": 0
            },
            {
                "id": "100072900513635",
                "count": 0
            },
            {
                "id": "100088140824534",
                "count": 0
            },
            {
                "id": "100087472137515",
                "count": 0
            },
            {
                "id": "100076549448118",
                "count": 0
            }
        ]
    }
}