{
    "total": [
        {
            "id": "100066743076880",
            "count": 3128
        },
        {
            "id": "100044250560123",
            "count": 0
        },
        {
            "id": "100070074525603",
            "count": 83
        },
        {
            "id": "100038576661395",
            "count": 0
        },
        {
            "id": "100071782028343",
            "count": 70
        },
        {
            "id": "100044271092217",
            "count": 1709
        },
        {
            "id": "100036153559724",
            "count": 4
        },
        {
            "id": "100006375939086",
            "count": 0
        },
        {
            "id": "100016070859906",
            "count": 10
        },
        {
            "id": "100089119983953",
            "count": 35
        },
        {
            "id": "61551838717929",
            "count": 0
        },
        {
            "id": "100075318789675",
            "count": 504
        },
        {
            "id": "100088728316563",
            "count": 55
        },
        {
            "id": "100068257388152",
            "count": 92
        },
        {
            "id": "61550044956547",
            "count": 31
        },
        {
            "id": "100073084531243",
            "count": 0
        },
        {
            "id": "100091266824680",
            "count": 148
        },
        {
            "id": "100066756644379",
            "count": 0
        },
        {
            "id": "100018860880060",
            "count": 232
        },
        {
            "id": "100042594397191",
            "count": 0
        },
        {
            "id": "100078675935788",
            "count": 0
        },
        {
            "id": "61552852745168",
            "count": 1737
        },
        {
            "id": "100079291809883",
            "count": 746
        },
        {
            "id": "100055945271142",
            "count": 281
        },
        {
            "id": "61554914882433",
            "count": 82
        },
        {
            "id": "61555881443809",
            "count": 949
        },
        {
            "id": "100054564235708",
            "count": 23
        },
        {
            "id": "100058691207103",
            "count": 585
        },
        {
            "id": "100050999371837",
            "count": 91
        },
        {
            "id": "100075216610999",
            "count": 2223
        },
        {
            "id": "100089075443368",
            "count": 206
        },
        {
            "id": "100065252328334",
            "count": 0
        },
        {
            "id": "100010285696021",
            "count": 0
        },
        {
            "id": "61558034731757",
            "count": 859
        },
        {
            "id": "100082223017215",
            "count": 66
        },
        {
            "id": "100007822534242",
            "count": 0
        },
        {
            "id": "100045688392590",
            "count": 69
        },
        {
            "id": "100094201975837",
            "count": 303
        },
        {
            "id": "100090382860248",
            "count": 186
        },
        {
            "id": "61553359410960",
            "count": 79
        }
    ],
    "week": [
        {
            "id": "100066743076880",
            "count": 403,
            "name": "Trần Phi"
        },
        {
            "id": "100044250560123",
            "count": 0,
            "name": "Nguyễn Thành Đạt ✅  󱙄"
        },
        {
            "id": "100070074525603",
            "count": 0,
            "name": "Lê Ngọc Sang"
        },
        {
            "id": "100038576661395",
            "count": 0,
            "name": "Trên Đời Nàyanhchỉyêumỗimìnhem"
        },
        {
            "id": "100071782028343",
            "count": 44,
            "name": "Phạm Minh"
        },
        {
            "id": "100044271092217",
            "count": 153,
            "name": "Nguyễn Hoàng Ân"
        },
        {
            "id": "100036153559724",
            "count": 0,
            "name": "Chí Vỹ"
        },
        {
            "id": "100006375939086",
            "count": 0,
            "name": "Bùi Đăng Đạt"
        },
        {
            "id": "100016070859906",
            "count": 2,
            "name": "Lê Quang An"
        },
        {
            "id": "100089119983953",
            "count": 0,
            "name": "Minh Tiến Võ"
        },
        {
            "id": "61551838717929",
            "count": 0,
            "name": "Le Cong"
        },
        {
            "id": "100075318789675",
            "count": 51,
            "name": "Nguyễn Hoài An"
        },
        {
            "id": "100088728316563",
            "count": 0,
            "name": "Gia Hào SN"
        },
        {
            "id": "100068257388152",
            "count": 0,
            "name": "Quang Đức"
        },
        {
            "id": "61550044956547",
            "count": 5,
            "name": "Nam Khánh"
        },
        {
            "id": "100073084531243",
            "count": 0,
            "name": "Lê Gia Huy"
        },
        {
            "id": "100091266824680",
            "count": 25,
            "name": "Lê Mai"
        },
        {
            "id": "100066756644379",
            "count": 0,
            "name": "Nguyễn Chang Kiều"
        },
        {
            "id": "100018860880060",
            "count": 179,
            "name": "Dũng Quang"
        },
        {
            "id": "100042594397191",
            "count": 0,
            "name": "Thanh Danh"
        },
        {
            "id": "100078675935788",
            "count": 0,
            "name": "Wuang Minh ⚜️"
        },
        {
            "id": "61552852745168",
            "count": 176,
            "name": "Hoàng Huy"
        },
        {
            "id": "100079291809883",
            "count": 14,
            "name": "Duyên Hoàng"
        },
        {
            "id": "100055945271142",
            "count": 4,
            "name": "Diễm Quyên"
        },
        {
            "id": "61554914882433",
            "count": 2,
            "name": "Nguyen Gia Hung"
        },
        {
            "id": "61555881443809",
            "count": 13,
            "name": "Hoàng Kha"
        },
        {
            "id": "100054564235708",
            "count": 0,
            "name": "Trần Thanh Tùng"
        },
        {
            "id": "100058691207103",
            "count": 122,
            "name": "Thẩm Thắng"
        },
        {
            "id": "100050999371837",
            "count": 0,
            "name": "Tiến Nguyễn"
        },
        {
            "id": "100075216610999",
            "count": 74,
            "name": "Hyouka Granger"
        },
        {
            "id": "100089075443368",
            "count": 0,
            "name": "Huỳnh Huy Hiệu"
        },
        {
            "id": "100065252328334",
            "count": 0,
            "name": "Hải Dương"
        },
        {
            "id": "100010285696021",
            "count": 0,
            "name": "Nguyễn Lâm"
        },
        {
            "id": "61558034731757",
            "count": 95,
            "name": "Đặng Huy Hoàng "
        },
        {
            "id": "100082223017215",
            "count": 42,
            "name": "Thúy Ngọc"
        },
        {
            "id": "100007822534242",
            "count": 0,
            "name": "Khoa Đoàn"
        },
        {
            "id": "100045688392590",
            "count": 69,
            "name": "Người dùng facebook"
        },
        {
            "id": "100094201975837",
            "count": 290,
            "name": "Đào Duy Đức"
        },
        {
            "id": "100090382860248",
            "count": 186
        },
        {
            "id": "61553359410960",
            "count": 79
        }
    ],
    "day": [
        {
            "id": "100066743076880",
            "count": 10,
            "name": "Trần Phi"
        },
        {
            "id": "100044250560123",
            "count": 0,
            "name": "Nguyễn Thành Đạt ✅  󱙄"
        },
        {
            "id": "100070074525603",
            "count": 0,
            "name": "Lê Ngọc Sang"
        },
        {
            "id": "100038576661395",
            "count": 0,
            "name": "Trên Đời Nàyanhchỉyêumỗimìnhem"
        },
        {
            "id": "100071782028343",
            "count": 5,
            "name": "Phạm Minh"
        },
        {
            "id": "100044271092217",
            "count": 6,
            "name": "Nguyễn Hoàng Ân"
        },
        {
            "id": "100036153559724",
            "count": 0,
            "name": "Chí Vỹ"
        },
        {
            "id": "100006375939086",
            "count": 0,
            "name": "Bùi Đăng Đạt"
        },
        {
            "id": "100016070859906",
            "count": 0,
            "name": "Lê Quang An"
        },
        {
            "id": "100089119983953",
            "count": 0,
            "name": "Minh Tiến Võ"
        },
        {
            "id": "61551838717929",
            "count": 0,
            "name": "Le Cong"
        },
        {
            "id": "100075318789675",
            "count": 8,
            "name": "Nguyễn Hoài An"
        },
        {
            "id": "100088728316563",
            "count": 0,
            "name": "Gia Hào SN"
        },
        {
            "id": "100068257388152",
            "count": 0,
            "name": "Quang Đức"
        },
        {
            "id": "61550044956547",
            "count": 0,
            "name": "Nam Khánh"
        },
        {
            "id": "100073084531243",
            "count": 0,
            "name": "Lê Gia Huy"
        },
        {
            "id": "100091266824680",
            "count": 0,
            "name": "Lê Mai"
        },
        {
            "id": "100066756644379",
            "count": 0,
            "name": "Nguyễn Chang Kiều"
        },
        {
            "id": "100018860880060",
            "count": 10,
            "name": "Dũng Quang"
        },
        {
            "id": "100042594397191",
            "count": 0,
            "name": "Thanh Danh"
        },
        {
            "id": "100078675935788",
            "count": 0,
            "name": "Wuang Minh ⚜️"
        },
        {
            "id": "61552852745168",
            "count": 3,
            "name": "Hoàng Huy"
        },
        {
            "id": "100079291809883",
            "count": 0,
            "name": "Duyên Hoàng"
        },
        {
            "id": "100055945271142",
            "count": 0,
            "name": "Diễm Quyên"
        },
        {
            "id": "61554914882433",
            "count": 0,
            "name": "Nguyen Gia Hung"
        },
        {
            "id": "61555881443809",
            "count": 1,
            "name": "Hoàng Kha"
        },
        {
            "id": "100054564235708",
            "count": 0,
            "name": "Trần Thanh Tùng"
        },
        {
            "id": "100058691207103",
            "count": 2,
            "name": "Thẩm Thắng"
        },
        {
            "id": "100050999371837",
            "count": 0,
            "name": "Tiến Nguyễn"
        },
        {
            "id": "100075216610999",
            "count": 14,
            "name": "Hyouka Granger"
        },
        {
            "id": "100089075443368",
            "count": 0,
            "name": "Huỳnh Huy Hiệu"
        },
        {
            "id": "100065252328334",
            "count": 0,
            "name": "Hải Dương"
        },
        {
            "id": "100010285696021",
            "count": 0,
            "name": "Nguyễn Lâm"
        },
        {
            "id": "61558034731757",
            "count": 24,
            "name": "Đặng Huy Hoàng "
        },
        {
            "id": "100082223017215",
            "count": 0,
            "name": "Thúy Ngọc"
        },
        {
            "id": "100007822534242",
            "count": 0,
            "name": "Khoa Đoàn"
        },
        {
            "id": "100045688392590",
            "count": 0,
            "name": "Quân を"
        },
        {
            "id": "100094201975837",
            "count": 5,
            "name": "Đào Duy Đức"
        },
        {
            "id": "100090382860248",
            "count": 1,
            "name": "Thu Uyên"
        },
        {
            "id": "61553359410960",
            "count": 0,
            "name": "Gia Huy"
        }
    ],
    "time": 5,
    "last": {
        "time": 0,
        "day": [
            {
                "id": "100066743076880",
                "count": 0
            },
            {
                "id": "100044250560123",
                "count": 0
            },
            {
                "id": "100070074525603",
                "count": 0
            },
            {
                "id": "100038576661395",
                "count": 0
            },
            {
                "id": "100071782028343",
                "count": 0
            },
            {
                "id": "100044271092217",
                "count": 0
            },
            {
                "id": "100036153559724",
                "count": 0
            },
            {
                "id": "100006375939086",
                "count": 0
            },
            {
                "id": "100016070859906",
                "count": 0
            },
            {
                "id": "100089119983953",
                "count": 0
            },
            {
                "id": "61551838717929",
                "count": 0
            },
            {
                "id": "100075318789675",
                "count": 0
            },
            {
                "id": "100088728316563",
                "count": 0
            },
            {
                "id": "100010285696021",
                "count": 0
            },
            {
                "id": "100045688392590",
                "count": 0
            },
            {
                "id": "100068257388152",
                "count": 0
            },
            {
                "id": "61550044956547",
                "count": 0
            },
            {
                "id": "100073084531243",
                "count": 0
            },
            {
                "id": "100091266824680",
                "count": 0
            },
            {
                "id": "100001212734956",
                "count": 0
            },
            {
                "id": "100066756644379",
                "count": 0
            },
            {
                "id": "100065252328334",
                "count": 0
            },
            {
                "id": "100018860880060",
                "count": 0
            },
            {
                "id": "100007822534242",
                "count": 0
            },
            {
                "id": "100042594397191",
                "count": 0
            },
            {
                "id": "100078675935788",
                "count": 0
            },
            {
                "id": "61552852745168",
                "count": 0
            },
            {
                "id": "100079291809883",
                "count": 0
            },
            {
                "id": "100061194188889",
                "count": 0
            },
            {
                "id": "100055945271142",
                "count": 0
            },
            {
                "id": "100072900513635",
                "count": 0
            },
            {
                "id": "61554914882433",
                "count": 0
            },
            {
                "id": "100094201975837",
                "count": 0
            },
            {
                "id": "61555881443809",
                "count": 0
            },
            {
                "id": "100054564235708",
                "count": 0
            },
            {
                "id": "100058691207103",
                "count": 0
            },
            {
                "id": "100050999371837",
                "count": 0
            },
            {
                "id": "100075216610999",
                "count": 0
            },
            {
                "id": "100058694446859",
                "count": 0
            },
            {
                "id": "100088899643969",
                "count": 0
            },
            {
                "id": "100015999001198",
                "count": 0
            },
            {
                "id": "100089075443368",
                "count": 0
            },
            {
                "id": "61557526127827",
                "count": 0
            },
            {
                "id": "61558034731757",
                "count": 0
            },
            {
                "id": "100015888124726",
                "count": 0
            },
            {
                "id": "100082223017215",
                "count": 0
            },
            {
                "id": "100090382860248",
                "count": 0
            },
            {
                "id": "61553359410960",
                "count": 0
            }
        ],
        "week": [
            {
                "id": "100066743076880",
                "count": 0
            },
            {
                "id": "100044250560123",
                "count": 0
            },
            {
                "id": "100070074525603",
                "count": 0
            },
            {
                "id": "100038576661395",
                "count": 0
            },
            {
                "id": "100071782028343",
                "count": 0
            },
            {
                "id": "100044271092217",
                "count": 0
            },
            {
                "id": "100036153559724",
                "count": 0
            },
            {
                "id": "100006375939086",
                "count": 0
            },
            {
                "id": "100016070859906",
                "count": 0
            },
            {
                "id": "100089119983953",
                "count": 0
            },
            {
                "id": "61551838717929",
                "count": 0
            },
            {
                "id": "100075318789675",
                "count": 0
            },
            {
                "id": "100088728316563",
                "count": 0
            },
            {
                "id": "100010285696021",
                "count": 0
            },
            {
                "id": "100045688392590",
                "count": 0
            },
            {
                "id": "100068257388152",
                "count": 0
            },
            {
                "id": "61550044956547",
                "count": 0
            },
            {
                "id": "100073084531243",
                "count": 0
            },
            {
                "id": "100091266824680",
                "count": 0
            },
            {
                "id": "100001212734956",
                "count": 0
            },
            {
                "id": "100066756644379",
                "count": 0
            },
            {
                "id": "100065252328334",
                "count": 0
            },
            {
                "id": "100018860880060",
                "count": 0
            },
            {
                "id": "100007822534242",
                "count": 0
            },
            {
                "id": "100042594397191",
                "count": 0
            },
            {
                "id": "100078675935788",
                "count": 0
            },
            {
                "id": "61552852745168",
                "count": 0
            },
            {
                "id": "100079291809883",
                "count": 0
            },
            {
                "id": "100061194188889",
                "count": 0
            },
            {
                "id": "100055945271142",
                "count": 0
            },
            {
                "id": "100072900513635",
                "count": 0
            },
            {
                "id": "61554914882433",
                "count": 0
            },
            {
                "id": "100094201975837",
                "count": 0
            },
            {
                "id": "61555881443809",
                "count": 0
            },
            {
                "id": "100054564235708",
                "count": 0
            },
            {
                "id": "100058691207103",
                "count": 0
            },
            {
                "id": "100050999371837",
                "count": 0
            },
            {
                "id": "100075216610999",
                "count": 0
            },
            {
                "id": "100058694446859",
                "count": 0
            },
            {
                "id": "100088899643969",
                "count": 0
            },
            {
                "id": "100015999001198",
                "count": 0
            },
            {
                "id": "100089075443368",
                "count": 0
            },
            {
                "id": "61557526127827",
                "count": 0
            },
            {
                "id": "61558034731757",
                "count": 0
            },
            {
                "id": "100015888124726",
                "count": 0
            },
            {
                "id": "100082223017215",
                "count": 0
            },
            {
                "id": "100090382860248",
                "count": 0
            },
            {
                "id": "61553359410960",
                "count": 0
            }
        ]
    }
}