{
    "total": [
        {
            "id": "100070146769667",
            "count": 3
        },
        {
            "id": "100007182379225",
            "count": 2
        },
        {
            "id": "100024931993337",
            "count": 11
        },
        {
            "id": "100068084501667",
            "count": 0
        },
        {
            "id": "100023585144922",
            "count": 154
        },
        {
            "id": "100064981733803",
            "count": 0
        },
        {
            "id": "100053180800370",
            "count": 42
        },
        {
            "id": "100092755486856",
            "count": 150
        },
        {
            "id": "100024661304309",
            "count": 0
        },
        {
            "id": "100009381850191",
            "count": 84
        },
        {
            "id": "100064740843019",
            "count": 289
        },
        {
            "id": "100074232220259",
            "count": 97
        },
        {
            "id": "100086673364316",
            "count": 111
        },
        {
            "id": "100038446934810",
            "count": 9
        },
        {
            "id": "100014931875150",
            "count": 111
        },
        {
            "id": "61554303342075",
            "count": 0
        },
        {
            "id": "61551207354898",
            "count": 16
        },
        {
            "id": "61551927097551",
            "count": 16
        },
        {
            "id": "100090624925286",
            "count": 87
        },
        {
            "id": "100041410305648",
            "count": 0
        },
        {
            "id": "100004350849239",
            "count": 0
        },
        {
            "id": "100077745981498",
            "count": 82
        },
        {
            "id": "100086507932149",
            "count": 4
        },
        {
            "id": "100012567100165",
            "count": 4
        },
        {
            "id": "100036836719767",
            "count": 5
        },
        {
            "id": "100034669577618",
            "count": 12
        },
        {
            "id": "100074504001345",
            "count": 0
        },
        {
            "id": "100039800883671",
            "count": 26
        },
        {
            "id": "61557468042408",
            "count": 11
        },
        {
            "id": "100075216610999",
            "count": 123
        },
        {
            "id": "100050999371837",
            "count": 22
        },
        {
            "id": "100080170803245",
            "count": 32
        },
        {
            "id": "100058674897134",
            "count": 0
        }
    ],
    "week": [
        {
            "id": "100070146769667",
            "count": 0,
            "name": "Người dùng facebook"
        },
        {
            "id": "100007182379225",
            "count": 0,
            "name": "Người dùng facebook"
        },
        {
            "id": "100024931993337",
            "count": 0,
            "name": "Người dùng facebook"
        },
        {
            "id": "100068084501667",
            "count": 0,
            "name": "Người dùng facebook"
        },
        {
            "id": "100023585144922",
            "count": 0,
            "name": "Người dùng facebook"
        },
        {
            "id": "100064981733803",
            "count": 0,
            "name": "Người dùng facebook"
        },
        {
            "id": "100053180800370",
            "count": 0,
            "name": "Người dùng facebook"
        },
        {
            "id": "100092755486856",
            "count": 0,
            "name": "Người dùng facebook"
        },
        {
            "id": "100024661304309",
            "count": 0,
            "name": "Người dùng facebook"
        },
        {
            "id": "100009381850191",
            "count": 0,
            "name": "Người dùng facebook"
        },
        {
            "id": "100064740843019",
            "count": 0,
            "name": "Người dùng facebook"
        },
        {
            "id": "100074232220259",
            "count": 0,
            "name": "Người dùng facebook"
        },
        {
            "id": "100086673364316",
            "count": 0,
            "name": "Người dùng facebook"
        },
        {
            "id": "100038446934810",
            "count": 0,
            "name": "Người dùng facebook"
        },
        {
            "id": "100014931875150",
            "count": 0,
            "name": "Người dùng facebook"
        },
        {
            "id": "61554303342075",
            "count": 0,
            "name": "Người dùng facebook"
        },
        {
            "id": "61551207354898",
            "count": 0,
            "name": "Người dùng facebook"
        },
        {
            "id": "61551927097551",
            "count": 0,
            "name": "Người dùng facebook"
        },
        {
            "id": "100090624925286",
            "count": 0,
            "name": "Người dùng facebook"
        },
        {
            "id": "100041410305648",
            "count": 0,
            "name": "Người dùng facebook"
        },
        {
            "id": "100004350849239",
            "count": 0,
            "name": "Người dùng facebook"
        },
        {
            "id": "100077745981498",
            "count": 0,
            "name": "Người dùng facebook"
        },
        {
            "id": "100086507932149",
            "count": 0,
            "name": "Người dùng facebook"
        },
        {
            "id": "100012567100165",
            "count": 0,
            "name": "Người dùng facebook"
        },
        {
            "id": "100036836719767",
            "count": 0,
            "name": "Người dùng facebook"
        },
        {
            "id": "100034669577618",
            "count": 0,
            "name": "Người dùng facebook"
        },
        {
            "id": "100074504001345",
            "count": 0,
            "name": "Người dùng facebook"
        },
        {
            "id": "100039800883671",
            "count": 0,
            "name": "Người dùng facebook"
        },
        {
            "id": "61557468042408",
            "count": 0,
            "name": "Người dùng facebook"
        },
        {
            "id": "100075216610999",
            "count": 0,
            "name": "Hyouka Granger"
        },
        {
            "id": "100050999371837",
            "count": 0,
            "name": "Tiến Nguyễn"
        },
        {
            "id": "100080170803245",
            "count": 0,
            "name": "Người dùng facebook"
        },
        {
            "id": "100058674897134",
            "count": 0,
            "name": "Người dùng facebook"
        }
    ],
    "day": [
        {
            "id": "100070146769667",
            "count": 0,
            "name": "Người dùng facebook"
        },
        {
            "id": "100007182379225",
            "count": 0,
            "name": "Người dùng facebook"
        },
        {
            "id": "100024931993337",
            "count": 0,
            "name": "Người dùng facebook"
        },
        {
            "id": "100068084501667",
            "count": 0,
            "name": "Người dùng facebook"
        },
        {
            "id": "100023585144922",
            "count": 0,
            "name": "Người dùng facebook"
        },
        {
            "id": "100064981733803",
            "count": 0,
            "name": "Người dùng facebook"
        },
        {
            "id": "100053180800370",
            "count": 0,
            "name": "Người dùng facebook"
        },
        {
            "id": "100092755486856",
            "count": 0,
            "name": "Người dùng facebook"
        },
        {
            "id": "100024661304309",
            "count": 0,
            "name": "Người dùng facebook"
        },
        {
            "id": "100009381850191",
            "count": 0,
            "name": "Người dùng facebook"
        },
        {
            "id": "100064740843019",
            "count": 0,
            "name": "Người dùng facebook"
        },
        {
            "id": "100074232220259",
            "count": 0,
            "name": "Người dùng facebook"
        },
        {
            "id": "100086673364316",
            "count": 0,
            "name": "Người dùng facebook"
        },
        {
            "id": "100038446934810",
            "count": 0,
            "name": "Người dùng facebook"
        },
        {
            "id": "100014931875150",
            "count": 0,
            "name": "Người dùng facebook"
        },
        {
            "id": "61554303342075",
            "count": 0,
            "name": "Người dùng facebook"
        },
        {
            "id": "61551207354898",
            "count": 0,
            "name": "Người dùng facebook"
        },
        {
            "id": "61551927097551",
            "count": 0,
            "name": "Người dùng facebook"
        },
        {
            "id": "100090624925286",
            "count": 0,
            "name": "Người dùng facebook"
        },
        {
            "id": "100041410305648",
            "count": 0,
            "name": "Người dùng facebook"
        },
        {
            "id": "100004350849239",
            "count": 0,
            "name": "Người dùng facebook"
        },
        {
            "id": "100077745981498",
            "count": 0,
            "name": "Người dùng facebook"
        },
        {
            "id": "100086507932149",
            "count": 0,
            "name": "Người dùng facebook"
        },
        {
            "id": "100012567100165",
            "count": 0,
            "name": "Người dùng facebook"
        },
        {
            "id": "100036836719767",
            "count": 0,
            "name": "Người dùng facebook"
        },
        {
            "id": "100034669577618",
            "count": 0,
            "name": "Người dùng facebook"
        },
        {
            "id": "100074504001345",
            "count": 0,
            "name": "Người dùng facebook"
        },
        {
            "id": "100039800883671",
            "count": 0,
            "name": "Người dùng facebook"
        },
        {
            "id": "61557468042408",
            "count": 0,
            "name": "Người dùng facebook"
        },
        {
            "id": "100075216610999",
            "count": 0,
            "name": "Hyouka Granger"
        },
        {
            "id": "100050999371837",
            "count": 0,
            "name": "Tiến Nguyễn"
        },
        {
            "id": "100080170803245",
            "count": 0,
            "name": "Người dùng facebook"
        },
        {
            "id": "100058674897134",
            "count": 0,
            "name": "Người dùng facebook"
        }
    ],
    "time": 5,
    "last": {
        "time": 1,
        "day": [
            {
                "id": "100070146769667",
                "count": 0
            },
            {
                "id": "100007182379225",
                "count": 0
            },
            {
                "id": "100024931993337",
                "count": 0
            },
            {
                "id": "100068084501667",
                "count": 0
            },
            {
                "id": "100023585144922",
                "count": 0
            },
            {
                "id": "100064981733803",
                "count": 0
            },
            {
                "id": "100053180800370",
                "count": 0
            },
            {
                "id": "100092755486856",
                "count": 0
            },
            {
                "id": "100024661304309",
                "count": 0
            },
            {
                "id": "100009381850191",
                "count": 0
            },
            {
                "id": "100064740843019",
                "count": 0
            },
            {
                "id": "100074232220259",
                "count": 0
            },
            {
                "id": "100086673364316",
                "count": 0
            },
            {
                "id": "100038446934810",
                "count": 0
            },
            {
                "id": "100014931875150",
                "count": 0
            },
            {
                "id": "61554303342075",
                "count": 0
            },
            {
                "id": "61551207354898",
                "count": 0
            },
            {
                "id": "61551927097551",
                "count": 0
            },
            {
                "id": "100043791644952",
                "count": 0
            },
            {
                "id": "100069413521960",
                "count": 0
            },
            {
                "id": "100027326333509",
                "count": 0
            },
            {
                "id": "100077583993740",
                "count": 0
            },
            {
                "id": "100090624925286",
                "count": 0
            },
            {
                "id": "100082414846622",
                "count": 0
            },
            {
                "id": "100041410305648",
                "count": 0
            },
            {
                "id": "61554010185006",
                "count": 0
            },
            {
                "id": "100013318173590",
                "count": 0
            },
            {
                "id": "100074833813835",
                "count": 0
            },
            {
                "id": "100004350849239",
                "count": 0
            },
            {
                "id": "100068018739504",
                "count": 0
            },
            {
                "id": "100058674897134",
                "count": 0
            },
            {
                "id": "100081224470117",
                "count": 0
            },
            {
                "id": "100064008376559",
                "count": 0
            },
            {
                "id": "100024548533984",
                "count": 0
            },
            {
                "id": "100077745981498",
                "count": 0
            },
            {
                "id": "100086507932149",
                "count": 0
            },
            {
                "id": "100017915477775",
                "count": 0
            },
            {
                "id": "100090473103209",
                "count": 0
            },
            {
                "id": "100035287611635",
                "count": 0
            },
            {
                "id": "100012567100165",
                "count": 0
            },
            {
                "id": "100036836719767",
                "count": 0
            },
            {
                "id": "100015475480846",
                "count": 0
            },
            {
                "id": "100050999371837",
                "count": 0
            },
            {
                "id": "61557161942074",
                "count": 0
            },
            {
                "id": "100034669577618",
                "count": 0
            },
            {
                "id": "100074504001345",
                "count": 0
            },
            {
                "id": "100039800883671",
                "count": 0
            },
            {
                "id": "100080170803245",
                "count": 0
            },
            {
                "id": "61557468042408",
                "count": 0
            },
            {
                "id": "100075216610999",
                "count": 0
            }
        ],
        "week": [
            {
                "id": "100070146769667",
                "count": 0
            },
            {
                "id": "100007182379225",
                "count": 0
            },
            {
                "id": "100024931993337",
                "count": 0
            },
            {
                "id": "100068084501667",
                "count": 0
            },
            {
                "id": "100023585144922",
                "count": 0
            },
            {
                "id": "100064981733803",
                "count": 0
            },
            {
                "id": "100053180800370",
                "count": 0
            },
            {
                "id": "100092755486856",
                "count": 0
            },
            {
                "id": "100024661304309",
                "count": 0
            },
            {
                "id": "100009381850191",
                "count": 0
            },
            {
                "id": "100064740843019",
                "count": 0
            },
            {
                "id": "100074232220259",
                "count": 0
            },
            {
                "id": "100086673364316",
                "count": 0
            },
            {
                "id": "100038446934810",
                "count": 0
            },
            {
                "id": "100014931875150",
                "count": 0
            },
            {
                "id": "61554303342075",
                "count": 0
            },
            {
                "id": "61551207354898",
                "count": 0
            },
            {
                "id": "61551927097551",
                "count": 0
            },
            {
                "id": "100043791644952",
                "count": 0
            },
            {
                "id": "100069413521960",
                "count": 0
            },
            {
                "id": "100027326333509",
                "count": 0
            },
            {
                "id": "100077583993740",
                "count": 0
            },
            {
                "id": "100090624925286",
                "count": 0
            },
            {
                "id": "100082414846622",
                "count": 0
            },
            {
                "id": "100041410305648",
                "count": 0
            },
            {
                "id": "61554010185006",
                "count": 0
            },
            {
                "id": "100013318173590",
                "count": 0
            },
            {
                "id": "100074833813835",
                "count": 0
            },
            {
                "id": "100004350849239",
                "count": 0
            },
            {
                "id": "100068018739504",
                "count": 0
            },
            {
                "id": "100058674897134",
                "count": 0
            },
            {
                "id": "100081224470117",
                "count": 0
            },
            {
                "id": "100064008376559",
                "count": 0
            },
            {
                "id": "100024548533984",
                "count": 0
            },
            {
                "id": "100077745981498",
                "count": 0
            },
            {
                "id": "100086507932149",
                "count": 0
            },
            {
                "id": "100017915477775",
                "count": 0
            },
            {
                "id": "100090473103209",
                "count": 0
            },
            {
                "id": "100035287611635",
                "count": 0
            },
            {
                "id": "100012567100165",
                "count": 0
            },
            {
                "id": "100036836719767",
                "count": 0
            },
            {
                "id": "100015475480846",
                "count": 0
            },
            {
                "id": "100050999371837",
                "count": 0
            },
            {
                "id": "61557161942074",
                "count": 0
            },
            {
                "id": "100034669577618",
                "count": 0
            },
            {
                "id": "100074504001345",
                "count": 0
            },
            {
                "id": "100039800883671",
                "count": 0
            },
            {
                "id": "100080170803245",
                "count": 0
            },
            {
                "id": "61557468042408",
                "count": 0
            },
            {
                "id": "100075216610999",
                "count": 0
            }
        ]
    }
}