{
    "total": [
        {
            "id": "100050999371837",
            "count": 137
        },
        {
            "id": "100058575609386",
            "count": 99
        },
        {
            "id": "100075216610999",
            "count": 1102
        },
        {
            "id": "100041079390776",
            "count": 194
        },
        {
            "id": "100093853188739",
            "count": 59
        },
        {
            "id": "61553119929965",
            "count": 53
        },
        {
            "id": "100084341029711",
            "count": 1
        },
        {
            "id": "100069811484394",
            "count": 0
        }
    ],
    "week": [
        {
            "id": "100050999371837",
            "count": 0,
            "name": "Tiến Nguyễn"
        },
        {
            "id": "100058575609386",
            "count": 0,
            "name": "Trần Phúc Vũ"
        },
        {
            "id": "100075216610999",
            "count": 25,
            "name": "Hyouka Granger"
        },
        {
            "id": "100041079390776",
            "count": 0,
            "name": "Chương Thái"
        },
        {
            "id": "100093853188739",
            "count": 0,
            "name": "Thanh Hiếu"
        },
        {
            "id": "61553119929965",
            "count": 1,
            "name": "Phạm Thanh Huy"
        },
        {
            "id": "100084341029711",
            "count": 0,
            "name": "Cẩm Tiênn"
        },
        {
            "id": "100069811484394",
            "count": 0,
            "name": "Trung Hiếu"
        }
    ],
    "day": [
        {
            "id": "100050999371837",
            "count": 0,
            "name": "Tiến Nguyễn"
        },
        {
            "id": "100058575609386",
            "count": 0,
            "name": "Trần Phúc Vũ"
        },
        {
            "id": "100075216610999",
            "count": 0,
            "name": "Hyouka Granger"
        },
        {
            "id": "100041079390776",
            "count": 0,
            "name": "Chương Thái"
        },
        {
            "id": "100093853188739",
            "count": 0,
            "name": "Thanh Hiếu"
        },
        {
            "id": "61553119929965",
            "count": 0,
            "name": "Phạm Thanh Huy"
        },
        {
            "id": "100084341029711",
            "count": 0,
            "name": "Cẩm Tiênn"
        },
        {
            "id": "100069811484394",
            "count": 0,
            "name": "Trung Hiếu"
        }
    ],
    "time": 5,
    "last": {
        "time": 1,
        "day": [
            {
                "id": "100092276560802",
                "count": 0
            },
            {
                "id": "100079159916251",
                "count": 0
            },
            {
                "id": "100086346172510",
                "count": 0
            },
            {
                "id": "100049608306438",
                "count": 0
            },
            {
                "id": "100052801575172",
                "count": 0
            },
            {
                "id": "100075526754330",
                "count": 0
            },
            {
                "id": "100095256289378",
                "count": 0
            },
            {
                "id": "100064015004741",
                "count": 0
            },
            {
                "id": "100054370732954",
                "count": 0
            },
            {
                "id": "100094048333810",
                "count": 0
            },
            {
                "id": "100083190843965",
                "count": 0
            },
            {
                "id": "100092060223641",
                "count": 0
            },
            {
                "id": "100073211856617",
                "count": 0
            },
            {
                "id": "100092015036557",
                "count": 0
            },
            {
                "id": "100050999371837",
                "count": 0
            },
            {
                "id": "100073518551939",
                "count": 0
            },
            {
                "id": "100058575609386",
                "count": 0
            },
            {
                "id": "100041079390776",
                "count": 0
            },
            {
                "id": "100051886997435",
                "count": 0
            },
            {
                "id": "100087914403835",
                "count": 0
            },
            {
                "id": "100072160653079",
                "count": 0
            },
            {
                "id": "100082292049318",
                "count": 0
            },
            {
                "id": "100086539121357",
                "count": 0
            },
            {
                "id": "100081635302809",
                "count": 0
            },
            {
                "id": "100075216610999",
                "count": 0
            },
            {
                "id": "100077183996744",
                "count": 0
            },
            {
                "id": "100036411788631",
                "count": 0
            },
            {
                "id": "100079286833028",
                "count": 0
            },
            {
                "id": "100049019210182",
                "count": 0
            },
            {
                "id": "61551915336349",
                "count": 0
            },
            {
                "id": "61553566318179",
                "count": 0
            },
            {
                "id": "61550126843236",
                "count": 0
            },
            {
                "id": "100076560066084",
                "count": 0
            },
            {
                "id": "100081444533052",
                "count": 0
            },
            {
                "id": "100094330081563",
                "count": 0
            },
            {
                "id": "61554423033745",
                "count": 0
            },
            {
                "id": "61553119929965",
                "count": 0
            },
            {
                "id": "100086188563447",
                "count": 0
            },
            {
                "id": "100085390382487",
                "count": 0
            },
            {
                "id": "100075173411239",
                "count": 0
            },
            {
                "id": "61556939763851",
                "count": 0
            },
            {
                "id": "100005466721759",
                "count": 0
            },
            {
                "id": "100085051816187",
                "count": 0
            },
            {
                "id": "100085900788846",
                "count": 0
            },
            {
                "id": "100083032344724",
                "count": 0
            },
            {
                "id": "100093219480285",
                "count": 0
            },
            {
                "id": "100088787596477",
                "count": 0
            },
            {
                "id": "100089360448575",
                "count": 0
            },
            {
                "id": "100095114836913",
                "count": 0
            },
            {
                "id": "100083091893834",
                "count": 0
            },
            {
                "id": "100057103151205",
                "count": 0
            },
            {
                "id": "61556566262622",
                "count": 0
            },
            {
                "id": "100089364383701",
                "count": 0
            },
            {
                "id": "100068748307325",
                "count": 0
            },
            {
                "id": "100089923591182",
                "count": 0
            },
            {
                "id": "100078722409885",
                "count": 0
            },
            {
                "id": "100015454396370",
                "count": 0
            },
            {
                "id": "100035253465996",
                "count": 0
            },
            {
                "id": "100093853188739",
                "count": 0
            },
            {
                "id": "100080659307447",
                "count": 0
            },
            {
                "id": "100074351657773",
                "count": 0
            },
            {
                "id": "100069811484394",
                "count": 0
            },
            {
                "id": "61552835520117",
                "count": 0
            },
            {
                "id": "61556364520193",
                "count": 0
            },
            {
                "id": "61553756864030",
                "count": 0
            },
            {
                "id": "61556693205109",
                "count": 0
            },
            {
                "id": "100082992361965",
                "count": 0
            },
            {
                "id": "100084341029711",
                "count": 0
            },
            {
                "id": "100090550685062",
                "count": 0
            },
            {
                "id": "100089384163289",
                "count": 0
            },
            {
                "id": "100081666063622",
                "count": 0
            },
            {
                "id": "100089446394616",
                "count": 0
            },
            {
                "id": "61551717461954",
                "count": 0
            },
            {
                "id": "100074233206510",
                "count": 0
            }
        ],
        "week": [
            {
                "id": "100092276560802",
                "count": 0
            },
            {
                "id": "100079159916251",
                "count": 0
            },
            {
                "id": "100086346172510",
                "count": 0
            },
            {
                "id": "100049608306438",
                "count": 0
            },
            {
                "id": "100052801575172",
                "count": 0
            },
            {
                "id": "100075526754330",
                "count": 0
            },
            {
                "id": "100095256289378",
                "count": 0
            },
            {
                "id": "100064015004741",
                "count": 0
            },
            {
                "id": "100054370732954",
                "count": 0
            },
            {
                "id": "100094048333810",
                "count": 0
            },
            {
                "id": "100083190843965",
                "count": 0
            },
            {
                "id": "100092060223641",
                "count": 0
            },
            {
                "id": "100073211856617",
                "count": 0
            },
            {
                "id": "100092015036557",
                "count": 0
            },
            {
                "id": "100050999371837",
                "count": 0
            },
            {
                "id": "100073518551939",
                "count": 0
            },
            {
                "id": "100058575609386",
                "count": 0
            },
            {
                "id": "100041079390776",
                "count": 0
            },
            {
                "id": "100051886997435",
                "count": 0
            },
            {
                "id": "100087914403835",
                "count": 0
            },
            {
                "id": "100072160653079",
                "count": 0
            },
            {
                "id": "100082292049318",
                "count": 0
            },
            {
                "id": "100086539121357",
                "count": 0
            },
            {
                "id": "100081635302809",
                "count": 0
            },
            {
                "id": "100075216610999",
                "count": 0
            },
            {
                "id": "100077183996744",
                "count": 0
            },
            {
                "id": "100036411788631",
                "count": 0
            },
            {
                "id": "100079286833028",
                "count": 0
            },
            {
                "id": "100049019210182",
                "count": 0
            },
            {
                "id": "61551915336349",
                "count": 0
            },
            {
                "id": "61553566318179",
                "count": 0
            },
            {
                "id": "61550126843236",
                "count": 0
            },
            {
                "id": "100076560066084",
                "count": 0
            },
            {
                "id": "100081444533052",
                "count": 0
            },
            {
                "id": "100094330081563",
                "count": 0
            },
            {
                "id": "61554423033745",
                "count": 0
            },
            {
                "id": "61553119929965",
                "count": 0
            },
            {
                "id": "100086188563447",
                "count": 0
            },
            {
                "id": "100085390382487",
                "count": 0
            },
            {
                "id": "100075173411239",
                "count": 0
            },
            {
                "id": "61556939763851",
                "count": 0
            },
            {
                "id": "100005466721759",
                "count": 0
            },
            {
                "id": "100085051816187",
                "count": 0
            },
            {
                "id": "100085900788846",
                "count": 0
            },
            {
                "id": "100083032344724",
                "count": 0
            },
            {
                "id": "100093219480285",
                "count": 0
            },
            {
                "id": "100088787596477",
                "count": 0
            },
            {
                "id": "100089360448575",
                "count": 0
            },
            {
                "id": "100095114836913",
                "count": 0
            },
            {
                "id": "100083091893834",
                "count": 0
            },
            {
                "id": "100057103151205",
                "count": 0
            },
            {
                "id": "61556566262622",
                "count": 0
            },
            {
                "id": "100089364383701",
                "count": 0
            },
            {
                "id": "100068748307325",
                "count": 0
            },
            {
                "id": "100089923591182",
                "count": 0
            },
            {
                "id": "100078722409885",
                "count": 0
            },
            {
                "id": "100015454396370",
                "count": 0
            },
            {
                "id": "100035253465996",
                "count": 0
            },
            {
                "id": "100093853188739",
                "count": 0
            },
            {
                "id": "100080659307447",
                "count": 0
            },
            {
                "id": "100074351657773",
                "count": 0
            },
            {
                "id": "100069811484394",
                "count": 0
            },
            {
                "id": "61552835520117",
                "count": 0
            },
            {
                "id": "61556364520193",
                "count": 0
            },
            {
                "id": "61553756864030",
                "count": 0
            },
            {
                "id": "61556693205109",
                "count": 0
            },
            {
                "id": "100082992361965",
                "count": 0
            },
            {
                "id": "100084341029711",
                "count": 0
            },
            {
                "id": "100090550685062",
                "count": 0
            },
            {
                "id": "100089384163289",
                "count": 0
            },
            {
                "id": "100081666063622",
                "count": 0
            },
            {
                "id": "100089446394616",
                "count": 0
            },
            {
                "id": "61551717461954",
                "count": 0
            },
            {
                "id": "100074233206510",
                "count": 0
            }
        ]
    }
}