{
    "total": [
        {
            "id": "100013957026271",
            "count": 425
        },
        {
            "id": "100050999371837",
            "count": 3105
        },
        {
            "id": "100026906781003",
            "count": 4
        },
        {
            "id": "100037231398725",
            "count": 0
        },
        {
            "id": "100094121592610",
            "count": 0
        },
        {
            "id": "100089575471176",
            "count": 0
        },
        {
            "id": "100017146800896",
            "count": 0
        },
        {
            "id": "100073442782146",
            "count": 0
        },
        {
            "id": "100002869204225",
            "count": 0
        },
        {
            "id": "100075216610999",
            "count": 3340
        },
        {
            "id": "100083632174635",
            "count": 0
        },
        {
            "id": "100034514355974",
            "count": 0
        },
        {
            "id": "100068233532936",
            "count": 0
        },
        {
            "id": "100089034025290",
            "count": 0
        },
        {
            "id": "100008373421436",
            "count": 0
        },
        {
            "id": "100008522174196",
            "count": 745
        },
        {
            "id": "100089324667937",
            "count": 42
        },
        {
            "id": "100001837873386",
            "count": 697
        },
        {
            "id": "100000009580166",
            "count": 0
        },
        {
            "id": "100068096370437",
            "count": 794
        },
        {
            "id": "100041079390776",
            "count": 234
        },
        {
            "id": "61556902692726",
            "count": 86
        },
        {
            "id": "100095135452095",
            "count": 0
        },
        {
            "id": "100004024820917",
            "count": 0
        },
        {
            "id": "100002070508792",
            "count": 308
        }
    ],
    "week": [
        {
            "id": "100013957026271",
            "count": 1,
            "name": "𓃗»𝙏𝙧𝙖̂̀𝙣 𝙑𝙖̆𝙣 𝙃𝙞𝙣𝙝𓂄𓆩𑁍𓆪𓂁"
        },
        {
            "id": "100050999371837",
            "count": 303,
            "name": "Tiến Nguyễn"
        },
        {
            "id": "100026906781003",
            "count": 1,
            "name": "Nguyễn Thuỳ"
        },
        {
            "id": "100037231398725",
            "count": 0,
            "name": "Nhóc Nhỏ"
        },
        {
            "id": "100094121592610",
            "count": 0,
            "name": "Ao La"
        },
        {
            "id": "100089575471176",
            "count": 0,
            "name": "Sxar May Kha"
        },
        {
            "id": "100017146800896",
            "count": 0,
            "name": "Amine Mohamed"
        },
        {
            "id": "100073442782146",
            "count": 0,
            "name": "Nguyễn Thị Thùy Linh"
        },
        {
            "id": "100002869204225",
            "count": 0,
            "name": "Ji Lynh"
        },
        {
            "id": "100075216610999",
            "count": 454,
            "name": "Hyouka Granger"
        },
        {
            "id": "100083632174635",
            "count": 0,
            "name": "JI Tran Thong"
        },
        {
            "id": "100034514355974",
            "count": 0,
            "name": "Thắng Nôbita"
        },
        {
            "id": "100068233532936",
            "count": 0,
            "name": "ヨ・ ウォニョン"
        },
        {
            "id": "100089034025290",
            "count": 0,
            "name": "Thùy Trang"
        },
        {
            "id": "100008373421436",
            "count": 0,
            "name": "Người dùng Facebook"
        },
        {
            "id": "100008522174196",
            "count": 0,
            "name": "Nguyễn Văn Thịnh"
        },
        {
            "id": "100089324667937",
            "count": 2,
            "name": "Karuizawa Kei🍀"
        },
        {
            "id": "100001837873386",
            "count": 0,
            "name": "Trần Thị Kim Anh"
        },
        {
            "id": "100000009580166",
            "count": 0,
            "name": "Trần Văn Tân"
        },
        {
            "id": "100068096370437",
            "count": 126,
            "name": "Phạm Minh Đồng"
        },
        {
            "id": "100041079390776",
            "count": 2,
            "name": "Chương Thái"
        },
        {
            "id": "61556902692726",
            "count": 0,
            "name": "Tèo Đây"
        },
        {
            "id": "100095135452095",
            "count": 0,
            "name": "Thinh Nguyen"
        },
        {
            "id": "100004024820917",
            "count": 0,
            "name": "️️️️️️️️️️️️️️️️️️️️️️️️️️️️️️️️️️️️️️️️️️️️️️️️️️️️️️️️️️️️️️️️️️️️️️️️️️️️️️️️️️️️️️️️️️️️️️️️️️️️️️️️️️️️️️️️️️️️️️️️️️️️️️️️️️️️️️️️️️️️️️️️️️️️️️️️️️️️️️️️️️️️️️️️️️"
        },
        {
            "id": "100002070508792",
            "count": 124,
            "name": "John English"
        }
    ],
    "day": [
        {
            "id": "100013957026271",
            "count": 0,
            "name": "𓃗»𝙏𝙧𝙖̂̀𝙣 𝙑𝙖̆𝙣 𝙃𝙞𝙣𝙝𓂄𓆩𑁍𓆪𓂁"
        },
        {
            "id": "100050999371837",
            "count": 22,
            "name": "Tiến Nguyễn"
        },
        {
            "id": "100026906781003",
            "count": 0,
            "name": "Nguyễn Thuỳ"
        },
        {
            "id": "100037231398725",
            "count": 0,
            "name": "Người dùng facebook"
        },
        {
            "id": "100094121592610",
            "count": 0,
            "name": "Người dùng facebook"
        },
        {
            "id": "100089575471176",
            "count": 0,
            "name": "Người dùng facebook"
        },
        {
            "id": "100017146800896",
            "count": 0,
            "name": "Người dùng facebook"
        },
        {
            "id": "100073442782146",
            "count": 0,
            "name": "Người dùng facebook"
        },
        {
            "id": "100002869204225",
            "count": 0,
            "name": "Người dùng facebook"
        },
        {
            "id": "100075216610999",
            "count": 43,
            "name": "Hyouka Granger"
        },
        {
            "id": "100083632174635",
            "count": 0,
            "name": "JI Tran Thong"
        },
        {
            "id": "100034514355974",
            "count": 0,
            "name": "Người dùng facebook"
        },
        {
            "id": "100068233532936",
            "count": 0,
            "name": "Người dùng facebook"
        },
        {
            "id": "100089034025290",
            "count": 0,
            "name": "Người dùng facebook"
        },
        {
            "id": "100008373421436",
            "count": 0,
            "name": "Người dùng facebook"
        },
        {
            "id": "100008522174196",
            "count": 0,
            "name": "Người dùng facebook"
        },
        {
            "id": "100089324667937",
            "count": 0,
            "name": "Karuizawa Kei🍀"
        },
        {
            "id": "100001837873386",
            "count": 0,
            "name": "Người dùng facebook"
        },
        {
            "id": "100000009580166",
            "count": 0,
            "name": "Người dùng facebook"
        },
        {
            "id": "100068096370437",
            "count": 3,
            "name": "Phạm Minh Đồng"
        },
        {
            "id": "100041079390776",
            "count": 0,
            "name": "Chương Thái"
        },
        {
            "id": "61556902692726",
            "count": 0,
            "name": "Tèo Đây"
        },
        {
            "id": "100095135452095",
            "count": 0,
            "name": "Người dùng facebook"
        },
        {
            "id": "100004024820917",
            "count": 0,
            "name": "Người dùng facebook"
        },
        {
            "id": "100002070508792",
            "count": 8,
            "name": "John English"
        }
    ],
    "time": 5,
    "last": {
        "time": 0,
        "day": [
            {
                "id": "100013957026271",
                "count": 0
            },
            {
                "id": "100050999371837",
                "count": 0
            },
            {
                "id": "100084162186171",
                "count": 0
            },
            {
                "id": "100092637905858",
                "count": 0
            },
            {
                "id": "100026906781003",
                "count": 0
            },
            {
                "id": "100037231398725",
                "count": 0
            },
            {
                "id": "100086544731842",
                "count": 0
            },
            {
                "id": "100094121592610",
                "count": 0
            },
            {
                "id": "100089575471176",
                "count": 0
            },
            {
                "id": "100017146800896",
                "count": 0
            },
            {
                "id": "100073442782146",
                "count": 0
            },
            {
                "id": "100084274414067",
                "count": 0
            },
            {
                "id": "100002869204225",
                "count": 0
            },
            {
                "id": "100075216610999",
                "count": 0
            },
            {
                "id": "100039909382995",
                "count": 0
            },
            {
                "id": "100083632174635",
                "count": 0
            },
            {
                "id": "100034514355974",
                "count": 0
            },
            {
                "id": "100083244550129",
                "count": 0
            },
            {
                "id": "100042573709161",
                "count": 0
            },
            {
                "id": "100088266109751",
                "count": 0
            },
            {
                "id": "100068233532936",
                "count": 0
            },
            {
                "id": "61556143539950",
                "count": 0
            },
            {
                "id": "100089034025290",
                "count": 0
            },
            {
                "id": "100089485837106",
                "count": 0
            },
            {
                "id": "100024306168336",
                "count": 0
            },
            {
                "id": "100008373421436",
                "count": 0
            },
            {
                "id": "1631016269",
                "count": 0
            },
            {
                "id": "61550953454431",
                "count": 0
            },
            {
                "id": "100008522174196",
                "count": 0
            },
            {
                "id": "100095135452095",
                "count": 0
            },
            {
                "id": "100089324667937",
                "count": 0
            },
            {
                "id": "100085211771267",
                "count": 0
            },
            {
                "id": "100001837873386",
                "count": 0
            },
            {
                "id": "100041600164073",
                "count": 0
            },
            {
                "id": "100000009580166",
                "count": 0
            },
            {
                "id": "100068310261131",
                "count": 0
            },
            {
                "id": "100090825000753",
                "count": 0
            },
            {
                "id": "61557161942074",
                "count": 0
            },
            {
                "id": "100091548416971",
                "count": 0
            },
            {
                "id": "100068096370437",
                "count": 0
            },
            {
                "id": "100073311773326",
                "count": 0
            },
            {
                "id": "100041079390776",
                "count": 0
            },
            {
                "id": "100056601296123",
                "count": 0
            },
            {
                "id": "100075360925393",
                "count": 0
            },
            {
                "id": "61556902692726",
                "count": 0
            },
            {
                "id": "100004024820917",
                "count": 0
            },
            {
                "id": "100002070508792",
                "count": 0
            }
        ],
        "week": [
            {
                "id": "100013957026271",
                "count": 0
            },
            {
                "id": "100050999371837",
                "count": 0
            },
            {
                "id": "100084162186171",
                "count": 0
            },
            {
                "id": "100092637905858",
                "count": 0
            },
            {
                "id": "100026906781003",
                "count": 0
            },
            {
                "id": "100037231398725",
                "count": 0
            },
            {
                "id": "100086544731842",
                "count": 0
            },
            {
                "id": "100094121592610",
                "count": 0
            },
            {
                "id": "100089575471176",
                "count": 0
            },
            {
                "id": "100017146800896",
                "count": 0
            },
            {
                "id": "100073442782146",
                "count": 0
            },
            {
                "id": "100084274414067",
                "count": 0
            },
            {
                "id": "100002869204225",
                "count": 0
            },
            {
                "id": "100075216610999",
                "count": 0
            },
            {
                "id": "100039909382995",
                "count": 0
            },
            {
                "id": "100083632174635",
                "count": 0
            },
            {
                "id": "100034514355974",
                "count": 0
            },
            {
                "id": "100083244550129",
                "count": 0
            },
            {
                "id": "100042573709161",
                "count": 0
            },
            {
                "id": "100088266109751",
                "count": 0
            },
            {
                "id": "100068233532936",
                "count": 0
            },
            {
                "id": "61556143539950",
                "count": 0
            },
            {
                "id": "100089034025290",
                "count": 0
            },
            {
                "id": "100089485837106",
                "count": 0
            },
            {
                "id": "100024306168336",
                "count": 0
            },
            {
                "id": "100008373421436",
                "count": 0
            },
            {
                "id": "1631016269",
                "count": 0
            },
            {
                "id": "61550953454431",
                "count": 0
            },
            {
                "id": "100008522174196",
                "count": 0
            },
            {
                "id": "100095135452095",
                "count": 0
            },
            {
                "id": "100089324667937",
                "count": 0
            },
            {
                "id": "100085211771267",
                "count": 0
            },
            {
                "id": "100001837873386",
                "count": 0
            },
            {
                "id": "100041600164073",
                "count": 0
            },
            {
                "id": "100000009580166",
                "count": 0
            },
            {
                "id": "100068310261131",
                "count": 0
            },
            {
                "id": "100090825000753",
                "count": 0
            },
            {
                "id": "61557161942074",
                "count": 0
            },
            {
                "id": "100091548416971",
                "count": 0
            },
            {
                "id": "100068096370437",
                "count": 0
            },
            {
                "id": "100073311773326",
                "count": 0
            },
            {
                "id": "100041079390776",
                "count": 0
            },
            {
                "id": "100056601296123",
                "count": 0
            },
            {
                "id": "100075360925393",
                "count": 0
            },
            {
                "id": "61556902692726",
                "count": 0
            },
            {
                "id": "100004024820917",
                "count": 0
            },
            {
                "id": "100002070508792",
                "count": 0
            }
        ]
    }
}