{
    "total": [
        {
            "id": "61551085254089",
            "count": 1359
        },
        {
            "id": "61550631944580",
            "count": 10
        },
        {
            "id": "61555285250863",
            "count": 1
        },
        {
            "id": "100089221613982",
            "count": 24
        },
        {
            "id": "61550517363548",
            "count": 316
        },
        {
            "id": "100088308635740",
            "count": 2552
        },
        {
            "id": "100050046952978",
            "count": 0
        },
        {
            "id": "100082055229744",
            "count": 9
        },
        {
            "id": "100075216610999",
            "count": 5420
        },
        {
            "id": "100082602759061",
            "count": 0
        },
        {
            "id": "100076840773192",
            "count": 1
        },
        {
            "id": "61555241837894",
            "count": 56
        },
        {
            "id": "1069510533",
            "count": 250
        },
        {
            "id": "100070831666309",
            "count": 18
        },
        {
            "id": "100084957256230",
            "count": 15
        },
        {
            "id": "100078171330382",
            "count": 0
        }
    ],
    "week": [
        {
            "id": "61551085254089",
            "count": 0,
            "name": "𓇻𑁍Hổ Không Gầm Chó Tưởng Rừng Hoang Không Chủ Đêm Không Ngủ Cạy Két Nạp Phi Phai Vỏ Quýt Dày Có Móng Tay Nhọn IPhone Mười Lăm Thì Gọi Alice Đít Này Mà Đẩy Thì Phê Thôi Rồi Lửa Gần Rơm Lâu Ngày Cũng Bén Sơn Gần Súng Lâu Ngày Cũng Tăng Dame Cần Chi Sóng Ta Vẫn Tung Tăng Lướt Ván Nhảy Lốp Xe Ta Bay Tận Trời Cao.. Ok Mấy Nhóc Anh Bất Tử Mark Tuổi Lồn Thế Cho Nhanh𑁍𓇻"
        },
        {
            "id": "61550631944580",
            "count": 1,
            "name": "Quy Phan"
        },
        {
            "id": "61555285250863",
            "count": 0,
            "name": "Trần Thanh Vân"
        },
        {
            "id": "100089221613982",
            "count": 0,
            "name": "Phúc Hoàng"
        },
        {
            "id": "61550517363548",
            "count": 0,
            "name": "Dũng Lương"
        },
        {
            "id": "100088308635740",
            "count": 0,
            "name": "Minh Hieu"
        },
        {
            "id": "100050046952978",
            "count": 0,
            "name": "Người dùng Facebook"
        },
        {
            "id": "100082055229744",
            "count": 0,
            "name": "Phan Bảo Hoàng"
        },
        {
            "id": "100075216610999",
            "count": 22,
            "name": "Hyouka Granger"
        },
        {
            "id": "100082602759061",
            "count": 0,
            "name": "Khải Bkrông"
        },
        {
            "id": "100076840773192",
            "count": 0,
            "name": "Thuy Linh"
        },
        {
            "id": "61555241837894",
            "count": 1,
            "name": "Bé Quỳnh Mayatecudasai"
        },
        {
            "id": "1069510533",
            "count": 0,
            "name": "ㅤCao Chí Thànhㅤㅤ"
        },
        {
            "id": "100070831666309",
            "count": 0,
            "name": "𝙔𝙚𝙣 𝙉𝙝𝙞"
        },
        {
            "id": "100084957256230",
            "count": 2,
            "name": "Thanh An"
        },
        {
            "id": "100078171330382",
            "count": 0,
            "name": "Táo Nè"
        }
    ],
    "day": [
        {
            "id": "61551085254089",
            "count": 0,
            "name": "𓇻𑁍Hổ Không Gầm Chó Tưởng Rừng Hoang Không Chủ Đêm Không Ngủ Cạy Két Nạp Phi Phai Vỏ Quýt Dày Có Móng Tay Nhọn IPhone Mười Lăm Thì Gọi Alice Đít Này Mà Đẩy Thì Phê Thôi Rồi Lửa Gần Rơm Lâu Ngày Cũng Bén Sơn Gần Súng Lâu Ngày Cũng Tăng Dame Cần Chi Sóng Ta Vẫn Tung Tăng Lướt Ván Nhảy Lốp Xe Ta Bay Tận Trời Cao.. Ok Mấy Nhóc Anh Bất Tử Mark Tuổi Lồn Thế Cho Nhanh𑁍𓇻"
        },
        {
            "id": "61550631944580",
            "count": 0,
            "name": "Quy Phan"
        },
        {
            "id": "61555285250863",
            "count": 0,
            "name": "Trần Thanh Vân"
        },
        {
            "id": "100089221613982",
            "count": 0,
            "name": "Phúc Hoàng"
        },
        {
            "id": "61550517363548",
            "count": 0,
            "name": "Dũng Lương"
        },
        {
            "id": "100088308635740",
            "count": 0,
            "name": "Minh Hieu"
        },
        {
            "id": "100050046952978",
            "count": 0,
            "name": "Người dùng Facebook"
        },
        {
            "id": "100082055229744",
            "count": 0,
            "name": "Phan Bảo Hoàng"
        },
        {
            "id": "100075216610999",
            "count": 0,
            "name": "Hyouka Granger"
        },
        {
            "id": "100082602759061",
            "count": 0,
            "name": "Khải Bkrông"
        },
        {
            "id": "100076840773192",
            "count": 0,
            "name": "Thuy Linh"
        },
        {
            "id": "61555241837894",
            "count": 0,
            "name": "Bé Quỳnh Mayatecudasai"
        },
        {
            "id": "1069510533",
            "count": 0,
            "name": "Người dùng Facebook"
        },
        {
            "id": "100070831666309",
            "count": 0,
            "name": "𝙔𝙚𝙣 𝙉𝙝𝙞"
        },
        {
            "id": "100084957256230",
            "count": 0,
            "name": "Thanh An"
        },
        {
            "id": "100078171330382",
            "count": 0,
            "name": "Táo Nè"
        }
    ],
    "time": 5,
    "last": {
        "time": 1,
        "day": [
            {
                "id": "61551085254089",
                "count": 0
            },
            {
                "id": "100076840773192",
                "count": 0
            },
            {
                "id": "100043084844365",
                "count": 0
            },
            {
                "id": "100083861072939",
                "count": 0
            },
            {
                "id": "100078171330382",
                "count": 0
            },
            {
                "id": "100090378356258",
                "count": 0
            },
            {
                "id": "61553886706614",
                "count": 0
            },
            {
                "id": "100040920213651",
                "count": 0
            },
            {
                "id": "100070831666309",
                "count": 0
            },
            {
                "id": "100041160765590",
                "count": 0
            },
            {
                "id": "100094902061331",
                "count": 0
            },
            {
                "id": "100087516944293",
                "count": 0
            },
            {
                "id": "100092019345469",
                "count": 0
            },
            {
                "id": "61550631944580",
                "count": 0
            },
            {
                "id": "61552985061810",
                "count": 0
            },
            {
                "id": "100092196045471",
                "count": 0
            },
            {
                "id": "100088593955526",
                "count": 0
            },
            {
                "id": "100084956795519",
                "count": 0
            },
            {
                "id": "61555285250863",
                "count": 0
            },
            {
                "id": "61552681333549",
                "count": 0
            },
            {
                "id": "61555860103691",
                "count": 0
            },
            {
                "id": "61552901341697",
                "count": 0
            },
            {
                "id": "100074330380151",
                "count": 0
            },
            {
                "id": "100038155877191",
                "count": 0
            },
            {
                "id": "100089221613982",
                "count": 0
            },
            {
                "id": "100051576341996",
                "count": 0
            },
            {
                "id": "100084458496131",
                "count": 0
            },
            {
                "id": "61550517363548",
                "count": 0
            },
            {
                "id": "100034105602707",
                "count": 0
            },
            {
                "id": "100088308635740",
                "count": 0
            },
            {
                "id": "100033151113064",
                "count": 0
            },
            {
                "id": "100050452785308",
                "count": 0
            },
            {
                "id": "100077863792602",
                "count": 0
            },
            {
                "id": "100014383804800",
                "count": 0
            },
            {
                "id": "100058416642179",
                "count": 0
            },
            {
                "id": "100085163122757",
                "count": 0
            },
            {
                "id": "100050578516634",
                "count": 0
            },
            {
                "id": "100084037778164",
                "count": 0
            },
            {
                "id": "100087736385747",
                "count": 0
            },
            {
                "id": "100095140821838",
                "count": 0
            },
            {
                "id": "100082602759061",
                "count": 0
            },
            {
                "id": "100050046952978",
                "count": 0
            },
            {
                "id": "61554887456916",
                "count": 0
            },
            {
                "id": "61557234935835",
                "count": 0
            },
            {
                "id": "61555294011635",
                "count": 0
            },
            {
                "id": "100072066139804",
                "count": 0
            },
            {
                "id": "100082007748129",
                "count": 0
            },
            {
                "id": "100086221689113",
                "count": 0
            },
            {
                "id": "100087907483572",
                "count": 0
            },
            {
                "id": "61550303340761",
                "count": 0
            },
            {
                "id": "61555241837894",
                "count": 0
            },
            {
                "id": "100082055229744",
                "count": 0
            },
            {
                "id": "100056825661560",
                "count": 0
            },
            {
                "id": "61557300930511",
                "count": 0
            },
            {
                "id": "100073398924125",
                "count": 0
            },
            {
                "id": "61554942840114",
                "count": 0
            },
            {
                "id": "100050999371837",
                "count": 0
            },
            {
                "id": "100075216610999",
                "count": 0
            },
            {
                "id": "100015634993583",
                "count": 0
            },
            {
                "id": "61555313668969",
                "count": 0
            },
            {
                "id": "100057247821411",
                "count": 0
            },
            {
                "id": "61556815895653",
                "count": 0
            },
            {
                "id": "61552777406257",
                "count": 0
            },
            {
                "id": "61554861599878",
                "count": 0
            },
            {
                "id": "100065379692917",
                "count": 0
            },
            {
                "id": "100094538132667",
                "count": 0
            },
            {
                "id": "100054960217748",
                "count": 0
            },
            {
                "id": "1069510533",
                "count": 0
            },
            {
                "id": "100088784891320",
                "count": 0
            },
            {
                "id": "100042386588623",
                "count": 0
            },
            {
                "id": "61554203291097",
                "count": 0
            },
            {
                "id": "61551030813169",
                "count": 0
            },
            {
                "id": "100031979529386",
                "count": 0
            },
            {
                "id": "100084957256230",
                "count": 0
            }
        ],
        "week": [
            {
                "id": "61551085254089",
                "count": 0
            },
            {
                "id": "100076840773192",
                "count": 0
            },
            {
                "id": "100043084844365",
                "count": 0
            },
            {
                "id": "100083861072939",
                "count": 0
            },
            {
                "id": "100078171330382",
                "count": 0
            },
            {
                "id": "100090378356258",
                "count": 0
            },
            {
                "id": "61553886706614",
                "count": 0
            },
            {
                "id": "100040920213651",
                "count": 0
            },
            {
                "id": "100070831666309",
                "count": 0
            },
            {
                "id": "100041160765590",
                "count": 0
            },
            {
                "id": "100094902061331",
                "count": 0
            },
            {
                "id": "100087516944293",
                "count": 0
            },
            {
                "id": "100092019345469",
                "count": 0
            },
            {
                "id": "61550631944580",
                "count": 0
            },
            {
                "id": "61552985061810",
                "count": 0
            },
            {
                "id": "100092196045471",
                "count": 0
            },
            {
                "id": "100088593955526",
                "count": 0
            },
            {
                "id": "100084956795519",
                "count": 0
            },
            {
                "id": "61555285250863",
                "count": 0
            },
            {
                "id": "61552681333549",
                "count": 0
            },
            {
                "id": "61555860103691",
                "count": 0
            },
            {
                "id": "61552901341697",
                "count": 0
            },
            {
                "id": "100074330380151",
                "count": 0
            },
            {
                "id": "100038155877191",
                "count": 0
            },
            {
                "id": "100089221613982",
                "count": 0
            },
            {
                "id": "100051576341996",
                "count": 0
            },
            {
                "id": "100084458496131",
                "count": 0
            },
            {
                "id": "61550517363548",
                "count": 0
            },
            {
                "id": "100034105602707",
                "count": 0
            },
            {
                "id": "100088308635740",
                "count": 0
            },
            {
                "id": "100033151113064",
                "count": 0
            },
            {
                "id": "100050452785308",
                "count": 0
            },
            {
                "id": "100077863792602",
                "count": 0
            },
            {
                "id": "100014383804800",
                "count": 0
            },
            {
                "id": "100058416642179",
                "count": 0
            },
            {
                "id": "100085163122757",
                "count": 0
            },
            {
                "id": "100050578516634",
                "count": 0
            },
            {
                "id": "100084037778164",
                "count": 0
            },
            {
                "id": "100087736385747",
                "count": 0
            },
            {
                "id": "100095140821838",
                "count": 0
            },
            {
                "id": "100082602759061",
                "count": 0
            },
            {
                "id": "100050046952978",
                "count": 0
            },
            {
                "id": "61554887456916",
                "count": 0
            },
            {
                "id": "61557234935835",
                "count": 0
            },
            {
                "id": "61555294011635",
                "count": 0
            },
            {
                "id": "100072066139804",
                "count": 0
            },
            {
                "id": "100082007748129",
                "count": 0
            },
            {
                "id": "100086221689113",
                "count": 0
            },
            {
                "id": "100087907483572",
                "count": 0
            },
            {
                "id": "61550303340761",
                "count": 0
            },
            {
                "id": "61555241837894",
                "count": 0
            },
            {
                "id": "100082055229744",
                "count": 0
            },
            {
                "id": "100056825661560",
                "count": 0
            },
            {
                "id": "61557300930511",
                "count": 0
            },
            {
                "id": "100073398924125",
                "count": 0
            },
            {
                "id": "61554942840114",
                "count": 0
            },
            {
                "id": "100050999371837",
                "count": 0
            },
            {
                "id": "100075216610999",
                "count": 0
            },
            {
                "id": "100015634993583",
                "count": 0
            },
            {
                "id": "61555313668969",
                "count": 0
            },
            {
                "id": "100057247821411",
                "count": 0
            },
            {
                "id": "61556815895653",
                "count": 0
            },
            {
                "id": "61552777406257",
                "count": 0
            },
            {
                "id": "61554861599878",
                "count": 0
            },
            {
                "id": "100065379692917",
                "count": 0
            },
            {
                "id": "100094538132667",
                "count": 0
            },
            {
                "id": "100054960217748",
                "count": 0
            },
            {
                "id": "1069510533",
                "count": 0
            },
            {
                "id": "100088784891320",
                "count": 0
            },
            {
                "id": "100042386588623",
                "count": 0
            },
            {
                "id": "61554203291097",
                "count": 0
            },
            {
                "id": "61551030813169",
                "count": 0
            },
            {
                "id": "100031979529386",
                "count": 0
            },
            {
                "id": "100084957256230",
                "count": 0
            }
        ]
    }
}