{
    "total": [
        {
            "id": "100087986864112",
            "count": 6
        },
        {
            "id": "100092902902989",
            "count": 0
        },
        {
            "id": "100084848092158",
            "count": 0
        },
        {
            "id": "100083286417626",
            "count": 0
        },
        {
            "id": "100081236766378",
            "count": 0
        },
        {
            "id": "100083093396911",
            "count": 0
        },
        {
            "id": "100093705168003",
            "count": 0
        },
        {
            "id": "100092218615760",
            "count": 0
        },
        {
            "id": "100078781579531",
            "count": 0
        },
        {
            "id": "100091664890936",
            "count": 0
        },
        {
            "id": "100081273391725",
            "count": 0
        },
        {
            "id": "100092538102039",
            "count": 0
        },
        {
            "id": "100092558790343",
            "count": 0
        },
        {
            "id": "100084326994266",
            "count": 0
        },
        {
            "id": "100080437533433",
            "count": 0
        },
        {
            "id": "100077451934719",
            "count": 0
        },
        {
            "id": "100082752027276",
            "count": 0
        },
        {
            "id": "100082116960735",
            "count": 0
        },
        {
            "id": "100089233120251",
            "count": 0
        },
        {
            "id": "100093048025631",
            "count": 0
        },
        {
            "id": "100078237367868",
            "count": 0
        },
        {
            "id": "100094770432380",
            "count": 0
        },
        {
            "id": "100082306243514",
            "count": 0
        },
        {
            "id": "100093965224300",
            "count": 0
        },
        {
            "id": "100084026305124",
            "count": 0
        },
        {
            "id": "100078924622402",
            "count": 0
        },
        {
            "id": "100083725316261",
            "count": 0
        },
        {
            "id": "100085364383862",
            "count": 1
        },
        {
            "id": "61556669112608",
            "count": 7
        },
        {
            "id": "100058575609386",
            "count": 44
        },
        {
            "id": "61552630927301",
            "count": 159
        },
        {
            "id": "100094578162993",
            "count": 0
        },
        {
            "id": "100084287151840",
            "count": 0
        },
        {
            "id": "100089792062505",
            "count": 0
        },
        {
            "id": "100094146993750",
            "count": 0
        },
        {
            "id": "100085251019328",
            "count": 0
        },
        {
            "id": "100050999371837",
            "count": 9
        },
        {
            "id": "100041079390776",
            "count": 53
        },
        {
            "id": "100075216610999",
            "count": 183
        }
    ],
    "week": [
        {
            "id": "100087986864112",
            "count": 0,
            "name": "Người dùng facebook"
        },
        {
            "id": "100092902902989",
            "count": 0,
            "name": "Người dùng facebook"
        },
        {
            "id": "100084848092158",
            "count": 0,
            "name": "Người dùng facebook"
        },
        {
            "id": "100083286417626",
            "count": 0,
            "name": "Người dùng facebook"
        },
        {
            "id": "100081236766378",
            "count": 0,
            "name": "Người dùng facebook"
        },
        {
            "id": "100083093396911",
            "count": 0,
            "name": "Người dùng facebook"
        },
        {
            "id": "100093705168003",
            "count": 0,
            "name": "Người dùng facebook"
        },
        {
            "id": "100092218615760",
            "count": 0,
            "name": "Người dùng facebook"
        },
        {
            "id": "100078781579531",
            "count": 0,
            "name": "Người dùng facebook"
        },
        {
            "id": "100091664890936",
            "count": 0,
            "name": "Người dùng facebook"
        },
        {
            "id": "100081273391725",
            "count": 0,
            "name": "Người dùng facebook"
        },
        {
            "id": "100092538102039",
            "count": 0,
            "name": "Người dùng facebook"
        },
        {
            "id": "100092558790343",
            "count": 0,
            "name": "Người dùng facebook"
        },
        {
            "id": "100084326994266",
            "count": 0,
            "name": "Người dùng facebook"
        },
        {
            "id": "100080437533433",
            "count": 0,
            "name": "Người dùng facebook"
        },
        {
            "id": "100077451934719",
            "count": 0,
            "name": "Người dùng facebook"
        },
        {
            "id": "100082752027276",
            "count": 0,
            "name": "Người dùng facebook"
        },
        {
            "id": "100082116960735",
            "count": 0,
            "name": "Người dùng facebook"
        },
        {
            "id": "100089233120251",
            "count": 0,
            "name": "Người dùng facebook"
        },
        {
            "id": "100093048025631",
            "count": 0,
            "name": "Người dùng facebook"
        },
        {
            "id": "100078237367868",
            "count": 0,
            "name": "Người dùng facebook"
        },
        {
            "id": "100094770432380",
            "count": 0,
            "name": "Người dùng facebook"
        },
        {
            "id": "100082306243514",
            "count": 0,
            "name": "Người dùng facebook"
        },
        {
            "id": "100093965224300",
            "count": 0,
            "name": "Người dùng facebook"
        },
        {
            "id": "100084026305124",
            "count": 0,
            "name": "Người dùng facebook"
        },
        {
            "id": "100078924622402",
            "count": 0,
            "name": "Người dùng facebook"
        },
        {
            "id": "100083725316261",
            "count": 0,
            "name": "Người dùng facebook"
        },
        {
            "id": "100085364383862",
            "count": 0,
            "name": "Trần Phúc Vũ"
        },
        {
            "id": "61556669112608",
            "count": 0,
            "name": "Người dùng facebook"
        },
        {
            "id": "100058575609386",
            "count": 0,
            "name": "Trần Phúc Vũ"
        },
        {
            "id": "61552630927301",
            "count": 0,
            "name": "Người dùng facebook"
        },
        {
            "id": "100094578162993",
            "count": 0,
            "name": "Người dùng facebook"
        },
        {
            "id": "100084287151840",
            "count": 0,
            "name": "Người dùng facebook"
        },
        {
            "id": "100089792062505",
            "count": 0,
            "name": "Người dùng facebook"
        },
        {
            "id": "100094146993750",
            "count": 0,
            "name": "Người dùng facebook"
        },
        {
            "id": "100085251019328",
            "count": 0,
            "name": "Người dùng facebook"
        },
        {
            "id": "100050999371837",
            "count": 0,
            "name": "Tiến Nguyễn"
        },
        {
            "id": "100041079390776",
            "count": 0,
            "name": "Chương Thái"
        },
        {
            "id": "100075216610999",
            "count": 0,
            "name": "Hyouka Granger"
        }
    ],
    "day": [
        {
            "id": "100087986864112",
            "count": 0,
            "name": "Người dùng facebook"
        },
        {
            "id": "100092902902989",
            "count": 0,
            "name": "Người dùng facebook"
        },
        {
            "id": "100084848092158",
            "count": 0,
            "name": "Người dùng facebook"
        },
        {
            "id": "100083286417626",
            "count": 0,
            "name": "Người dùng facebook"
        },
        {
            "id": "100081236766378",
            "count": 0,
            "name": "Người dùng facebook"
        },
        {
            "id": "100083093396911",
            "count": 0,
            "name": "Người dùng facebook"
        },
        {
            "id": "100093705168003",
            "count": 0,
            "name": "Người dùng facebook"
        },
        {
            "id": "100092218615760",
            "count": 0,
            "name": "Người dùng facebook"
        },
        {
            "id": "100078781579531",
            "count": 0,
            "name": "Người dùng facebook"
        },
        {
            "id": "100091664890936",
            "count": 0,
            "name": "Người dùng facebook"
        },
        {
            "id": "100081273391725",
            "count": 0,
            "name": "Người dùng facebook"
        },
        {
            "id": "100092538102039",
            "count": 0,
            "name": "Người dùng facebook"
        },
        {
            "id": "100092558790343",
            "count": 0,
            "name": "Người dùng facebook"
        },
        {
            "id": "100084326994266",
            "count": 0,
            "name": "Người dùng facebook"
        },
        {
            "id": "100080437533433",
            "count": 0,
            "name": "Người dùng facebook"
        },
        {
            "id": "100077451934719",
            "count": 0,
            "name": "Người dùng facebook"
        },
        {
            "id": "100082752027276",
            "count": 0,
            "name": "Người dùng facebook"
        },
        {
            "id": "100082116960735",
            "count": 0,
            "name": "Người dùng facebook"
        },
        {
            "id": "100089233120251",
            "count": 0,
            "name": "Người dùng facebook"
        },
        {
            "id": "100093048025631",
            "count": 0,
            "name": "Người dùng facebook"
        },
        {
            "id": "100078237367868",
            "count": 0,
            "name": "Người dùng facebook"
        },
        {
            "id": "100094770432380",
            "count": 0,
            "name": "Người dùng facebook"
        },
        {
            "id": "100082306243514",
            "count": 0,
            "name": "Người dùng facebook"
        },
        {
            "id": "100093965224300",
            "count": 0,
            "name": "Người dùng facebook"
        },
        {
            "id": "100084026305124",
            "count": 0,
            "name": "Người dùng facebook"
        },
        {
            "id": "100078924622402",
            "count": 0,
            "name": "Người dùng facebook"
        },
        {
            "id": "100083725316261",
            "count": 0,
            "name": "Người dùng facebook"
        },
        {
            "id": "100085364383862",
            "count": 0,
            "name": "Trần Phúc Vũ"
        },
        {
            "id": "61556669112608",
            "count": 0,
            "name": "Người dùng facebook"
        },
        {
            "id": "100058575609386",
            "count": 0,
            "name": "Trần Phúc Vũ"
        },
        {
            "id": "61552630927301",
            "count": 0,
            "name": "Người dùng facebook"
        },
        {
            "id": "100094578162993",
            "count": 0,
            "name": "Người dùng facebook"
        },
        {
            "id": "100084287151840",
            "count": 0,
            "name": "Người dùng facebook"
        },
        {
            "id": "100089792062505",
            "count": 0,
            "name": "Người dùng facebook"
        },
        {
            "id": "100094146993750",
            "count": 0,
            "name": "Người dùng facebook"
        },
        {
            "id": "100085251019328",
            "count": 0,
            "name": "Người dùng facebook"
        },
        {
            "id": "100050999371837",
            "count": 0,
            "name": "Tiến Nguyễn"
        },
        {
            "id": "100041079390776",
            "count": 0,
            "name": "Chương Thái"
        },
        {
            "id": "100075216610999",
            "count": 0,
            "name": "Hyouka Granger"
        }
    ],
    "time": 5,
    "last": {
        "time": 0,
        "day": [
            {
                "id": "100042045848484",
                "count": 0
            },
            {
                "id": "100087986864112",
                "count": 0
            },
            {
                "id": "100092902902989",
                "count": 0
            },
            {
                "id": "100091104772182",
                "count": 0
            },
            {
                "id": "100084848092158",
                "count": 0
            },
            {
                "id": "100093379617191",
                "count": 0
            },
            {
                "id": "100083286417626",
                "count": 0
            },
            {
                "id": "100081236766378",
                "count": 0
            },
            {
                "id": "100040766419502",
                "count": 0
            },
            {
                "id": "100073404506807",
                "count": 0
            },
            {
                "id": "100075438054065",
                "count": 0
            },
            {
                "id": "100050525010809",
                "count": 0
            },
            {
                "id": "100083093396911",
                "count": 0
            },
            {
                "id": "100093705168003",
                "count": 0
            },
            {
                "id": "100092218615760",
                "count": 0
            },
            {
                "id": "100078781579531",
                "count": 0
            },
            {
                "id": "100091664890936",
                "count": 0
            },
            {
                "id": "100081273391725",
                "count": 0
            },
            {
                "id": "100092538102039",
                "count": 0
            },
            {
                "id": "100092558790343",
                "count": 0
            },
            {
                "id": "100084326994266",
                "count": 0
            },
            {
                "id": "100080437533433",
                "count": 0
            },
            {
                "id": "100077451934719",
                "count": 0
            },
            {
                "id": "100082752027276",
                "count": 0
            },
            {
                "id": "100082116960735",
                "count": 0
            },
            {
                "id": "100071966286560",
                "count": 0
            },
            {
                "id": "100055169083600",
                "count": 0
            },
            {
                "id": "100089233120251",
                "count": 0
            },
            {
                "id": "100093048025631",
                "count": 0
            },
            {
                "id": "100047964040136",
                "count": 0
            },
            {
                "id": "100078237367868",
                "count": 0
            },
            {
                "id": "100094770432380",
                "count": 0
            },
            {
                "id": "100082306243514",
                "count": 0
            },
            {
                "id": "100073784262766",
                "count": 0
            },
            {
                "id": "100093965224300",
                "count": 0
            },
            {
                "id": "100084026305124",
                "count": 0
            },
            {
                "id": "100078924622402",
                "count": 0
            },
            {
                "id": "100083725316261",
                "count": 0
            },
            {
                "id": "100085364383862",
                "count": 0
            },
            {
                "id": "61556669112608",
                "count": 0
            },
            {
                "id": "100058575609386",
                "count": 0
            },
            {
                "id": "61552630927301",
                "count": 0
            },
            {
                "id": "100069027421749",
                "count": 0
            },
            {
                "id": "100075100433744",
                "count": 0
            },
            {
                "id": "100042225190428",
                "count": 0
            },
            {
                "id": "100066599118545",
                "count": 0
            },
            {
                "id": "100069100273570",
                "count": 0
            },
            {
                "id": "100057232092570",
                "count": 0
            },
            {
                "id": "100094578162993",
                "count": 0
            },
            {
                "id": "100068556320877",
                "count": 0
            },
            {
                "id": "100084287151840",
                "count": 0
            },
            {
                "id": "100089792062505",
                "count": 0
            },
            {
                "id": "100094146993750",
                "count": 0
            },
            {
                "id": "100073729197100",
                "count": 0
            },
            {
                "id": "100085251019328",
                "count": 0
            },
            {
                "id": "100050893699448",
                "count": 0
            },
            {
                "id": "100015111819209",
                "count": 0
            },
            {
                "id": "100041344063983",
                "count": 0
            },
            {
                "id": "100072023420710",
                "count": 0
            },
            {
                "id": "100050999371837",
                "count": 0
            },
            {
                "id": "100041079390776",
                "count": 0
            },
            {
                "id": "100075216610999",
                "count": 0
            },
            {
                "id": "100035384208095",
                "count": 0
            }
        ],
        "week": [
            {
                "id": "100042045848484",
                "count": 0
            },
            {
                "id": "100087986864112",
                "count": 0
            },
            {
                "id": "100092902902989",
                "count": 0
            },
            {
                "id": "100091104772182",
                "count": 0
            },
            {
                "id": "100084848092158",
                "count": 0
            },
            {
                "id": "100093379617191",
                "count": 0
            },
            {
                "id": "100083286417626",
                "count": 0
            },
            {
                "id": "100081236766378",
                "count": 0
            },
            {
                "id": "100040766419502",
                "count": 0
            },
            {
                "id": "100073404506807",
                "count": 0
            },
            {
                "id": "100075438054065",
                "count": 0
            },
            {
                "id": "100050525010809",
                "count": 0
            },
            {
                "id": "100083093396911",
                "count": 0
            },
            {
                "id": "100093705168003",
                "count": 0
            },
            {
                "id": "100092218615760",
                "count": 0
            },
            {
                "id": "100078781579531",
                "count": 0
            },
            {
                "id": "100091664890936",
                "count": 0
            },
            {
                "id": "100081273391725",
                "count": 0
            },
            {
                "id": "100092538102039",
                "count": 0
            },
            {
                "id": "100092558790343",
                "count": 0
            },
            {
                "id": "100084326994266",
                "count": 0
            },
            {
                "id": "100080437533433",
                "count": 0
            },
            {
                "id": "100077451934719",
                "count": 0
            },
            {
                "id": "100082752027276",
                "count": 0
            },
            {
                "id": "100082116960735",
                "count": 0
            },
            {
                "id": "100071966286560",
                "count": 0
            },
            {
                "id": "100055169083600",
                "count": 0
            },
            {
                "id": "100089233120251",
                "count": 0
            },
            {
                "id": "100093048025631",
                "count": 0
            },
            {
                "id": "100047964040136",
                "count": 0
            },
            {
                "id": "100078237367868",
                "count": 0
            },
            {
                "id": "100094770432380",
                "count": 0
            },
            {
                "id": "100082306243514",
                "count": 0
            },
            {
                "id": "100073784262766",
                "count": 0
            },
            {
                "id": "100093965224300",
                "count": 0
            },
            {
                "id": "100084026305124",
                "count": 0
            },
            {
                "id": "100078924622402",
                "count": 0
            },
            {
                "id": "100083725316261",
                "count": 0
            },
            {
                "id": "100085364383862",
                "count": 0
            },
            {
                "id": "61556669112608",
                "count": 0
            },
            {
                "id": "100058575609386",
                "count": 0
            },
            {
                "id": "61552630927301",
                "count": 0
            },
            {
                "id": "100069027421749",
                "count": 0
            },
            {
                "id": "100075100433744",
                "count": 0
            },
            {
                "id": "100042225190428",
                "count": 0
            },
            {
                "id": "100066599118545",
                "count": 0
            },
            {
                "id": "100069100273570",
                "count": 0
            },
            {
                "id": "100057232092570",
                "count": 0
            },
            {
                "id": "100094578162993",
                "count": 0
            },
            {
                "id": "100068556320877",
                "count": 0
            },
            {
                "id": "100084287151840",
                "count": 0
            },
            {
                "id": "100089792062505",
                "count": 0
            },
            {
                "id": "100094146993750",
                "count": 0
            },
            {
                "id": "100073729197100",
                "count": 0
            },
            {
                "id": "100085251019328",
                "count": 0
            },
            {
                "id": "100050893699448",
                "count": 0
            },
            {
                "id": "100015111819209",
                "count": 0
            },
            {
                "id": "100041344063983",
                "count": 0
            },
            {
                "id": "100072023420710",
                "count": 0
            },
            {
                "id": "100050999371837",
                "count": 0
            },
            {
                "id": "100041079390776",
                "count": 0
            },
            {
                "id": "100075216610999",
                "count": 0
            },
            {
                "id": "100035384208095",
                "count": 0
            }
        ]
    }
}