{
    "total": [
        {
            "id": "100076787823718",
            "count": 3
        },
        {
            "id": "100075216610999",
            "count": 53
        },
        {
            "id": "100050999371837",
            "count": 0
        },
        {
            "id": "61556902692726",
            "count": 7
        }
    ],
    "week": [
        {
            "id": "100076787823718",
            "count": 0,
            "name": "Người dùng facebook"
        },
        {
            "id": "100075216610999",
            "count": 0,
            "name": "Hyouka Granger"
        },
        {
            "id": "100050999371837",
            "count": 0,
            "name": "Tiến Nguyễn"
        },
        {
            "id": "61556902692726",
            "count": 0,
            "name": "Tèo Đây"
        }
    ],
    "day": [
        {
            "id": "100076787823718",
            "count": 0,
            "name": "Người dùng facebook"
        },
        {
            "id": "100075216610999",
            "count": 0,
            "name": "Hyouka Granger"
        },
        {
            "id": "100050999371837",
            "count": 0,
            "name": "Tiến Nguyễn"
        },
        {
            "id": "61556902692726",
            "count": 0,
            "name": "Tèo Đây"
        }
    ],
    "time": 5,
    "last": {
        "time": 5,
        "day": [
            {
                "id": "100076787823718",
                "count": 0
            },
            {
                "id": "100075216610999",
                "count": 0
            },
            {
                "id": "100050999371837",
                "count": 0
            },
            {
                "id": "61556902692726",
                "count": 0
            }
        ],
        "week": [
            {
                "id": "100076787823718",
                "count": 0
            },
            {
                "id": "100075216610999",
                "count": 0
            },
            {
                "id": "100050999371837",
                "count": 0
            },
            {
                "id": "61556902692726",
                "count": 0
            }
        ]
    }
}