{
    "total": [
        {
            "id": "100020410493778",
            "count": 25
        },
        {
            "id": "100073153862706",
            "count": 3
        },
        {
            "id": "100073977282733",
            "count": 138
        },
        {
            "id": "100067687521293",
            "count": 6
        },
        {
            "id": "100058597900290",
            "count": 0
        },
        {
            "id": "100077783832899",
            "count": 0
        },
        {
            "id": "100057404252505",
            "count": 1
        },
        {
            "id": "100027589235709",
            "count": 0
        },
        {
            "id": "100045306221133",
            "count": 0
        },
        {
            "id": "100051501155207",
            "count": 0
        },
        {
            "id": "100066006230277",
            "count": 2
        },
        {
            "id": "100090296113414",
            "count": 8
        },
        {
            "id": "100094254283643",
            "count": 0
        },
        {
            "id": "100062547646857",
            "count": 0
        },
        {
            "id": "61554037604980",
            "count": 1
        },
        {
            "id": "100048557512851",
            "count": 0
        },
        {
            "id": "100066966600862",
            "count": 0
        },
        {
            "id": "100056362033349",
            "count": 7
        },
        {
            "id": "61551698582046",
            "count": 0
        },
        {
            "id": "100046045936795",
            "count": 1
        },
        {
            "id": "100063054936401",
            "count": 0
        },
        {
            "id": "61550625022867",
            "count": 2
        },
        {
            "id": "100050432721833",
            "count": 0
        },
        {
            "id": "100065196626951",
            "count": 0
        },
        {
            "id": "100038420872655",
            "count": 249
        },
        {
            "id": "100004336057375",
            "count": 0
        },
        {
            "id": "100059083353111",
            "count": 3
        },
        {
            "id": "100042411592225",
            "count": 3
        },
        {
            "id": "100071056493550",
            "count": 50
        },
        {
            "id": "100039156692504",
            "count": 0
        },
        {
            "id": "100013251462936",
            "count": 1
        },
        {
            "id": "100026469096064",
            "count": 1
        },
        {
            "id": "100032743312322",
            "count": 109
        },
        {
            "id": "100078509139205",
            "count": 0
        },
        {
            "id": "100028468340323",
            "count": 0
        },
        {
            "id": "61551723334791",
            "count": 0
        },
        {
            "id": "100070825129231",
            "count": 64
        },
        {
            "id": "100089958497024",
            "count": 0
        },
        {
            "id": "100030591829356",
            "count": 0
        },
        {
            "id": "100068513089850",
            "count": 0
        },
        {
            "id": "100045011106115",
            "count": 0
        },
        {
            "id": "100022633310958",
            "count": 8
        },
        {
            "id": "100049375926393",
            "count": 0
        },
        {
            "id": "100072023864643",
            "count": 219
        },
        {
            "id": "100026730997923",
            "count": 0
        },
        {
            "id": "100074785815254",
            "count": 0
        },
        {
            "id": "100095083460621",
            "count": 0
        },
        {
            "id": "100081213651344",
            "count": 17
        },
        {
            "id": "100065408587259",
            "count": 19
        },
        {
            "id": "100066275182996",
            "count": 1
        },
        {
            "id": "100079040450473",
            "count": 317
        },
        {
            "id": "100082989998465",
            "count": 1
        },
        {
            "id": "100083082275002",
            "count": 1
        },
        {
            "id": "100065186749423",
            "count": 0
        },
        {
            "id": "100074162713478",
            "count": 0
        },
        {
            "id": "100088111812123",
            "count": 0
        },
        {
            "id": "100091909171107",
            "count": 85
        },
        {
            "id": "100063605541731",
            "count": 30
        },
        {
            "id": "61550723165727",
            "count": 330
        },
        {
            "id": "100075216610999",
            "count": 230
        },
        {
            "id": "100069441115347",
            "count": 373
        }
    ],
    "week": [
        {
            "id": "100020410493778",
            "count": 0,
            "name": "Người dùng facebook"
        },
        {
            "id": "100073153862706",
            "count": 0,
            "name": "Người dùng facebook"
        },
        {
            "id": "100073977282733",
            "count": 0,
            "name": "Người dùng facebook"
        },
        {
            "id": "100067687521293",
            "count": 0,
            "name": "Người dùng facebook"
        },
        {
            "id": "100058597900290",
            "count": 0,
            "name": "Người dùng facebook"
        },
        {
            "id": "100077783832899",
            "count": 0,
            "name": "Người dùng facebook"
        },
        {
            "id": "100057404252505",
            "count": 0,
            "name": "Người dùng facebook"
        },
        {
            "id": "100027589235709",
            "count": 0,
            "name": "Người dùng facebook"
        },
        {
            "id": "100045306221133",
            "count": 0,
            "name": "Người dùng facebook"
        },
        {
            "id": "100051501155207",
            "count": 0,
            "name": "Người dùng facebook"
        },
        {
            "id": "100066006230277",
            "count": 0,
            "name": "Người dùng facebook"
        },
        {
            "id": "100090296113414",
            "count": 0,
            "name": "Người dùng facebook"
        },
        {
            "id": "100094254283643",
            "count": 0,
            "name": "Người dùng facebook"
        },
        {
            "id": "100062547646857",
            "count": 0,
            "name": "Người dùng facebook"
        },
        {
            "id": "61554037604980",
            "count": 0,
            "name": "Người dùng facebook"
        },
        {
            "id": "100048557512851",
            "count": 0,
            "name": "Người dùng facebook"
        },
        {
            "id": "100066966600862",
            "count": 0,
            "name": "Người dùng facebook"
        },
        {
            "id": "100056362033349",
            "count": 0,
            "name": "Người dùng facebook"
        },
        {
            "id": "61551698582046",
            "count": 0,
            "name": "Người dùng facebook"
        },
        {
            "id": "100046045936795",
            "count": 0,
            "name": "Người dùng facebook"
        },
        {
            "id": "100063054936401",
            "count": 0,
            "name": "Người dùng facebook"
        },
        {
            "id": "61550625022867",
            "count": 0,
            "name": "Người dùng facebook"
        },
        {
            "id": "100050432721833",
            "count": 0,
            "name": "Người dùng facebook"
        },
        {
            "id": "100065196626951",
            "count": 0,
            "name": "Người dùng facebook"
        },
        {
            "id": "100038420872655",
            "count": 0,
            "name": "Người dùng facebook"
        },
        {
            "id": "100004336057375",
            "count": 0,
            "name": "Người dùng facebook"
        },
        {
            "id": "100059083353111",
            "count": 0,
            "name": "Người dùng facebook"
        },
        {
            "id": "100042411592225",
            "count": 0,
            "name": "Người dùng facebook"
        },
        {
            "id": "100071056493550",
            "count": 0,
            "name": "Người dùng facebook"
        },
        {
            "id": "100039156692504",
            "count": 0,
            "name": "Người dùng facebook"
        },
        {
            "id": "100013251462936",
            "count": 0,
            "name": "Người dùng facebook"
        },
        {
            "id": "100026469096064",
            "count": 0,
            "name": "Người dùng facebook"
        },
        {
            "id": "100032743312322",
            "count": 0,
            "name": "Người dùng facebook"
        },
        {
            "id": "100078509139205",
            "count": 0,
            "name": "Người dùng facebook"
        },
        {
            "id": "100028468340323",
            "count": 0,
            "name": "Người dùng facebook"
        },
        {
            "id": "61551723334791",
            "count": 0,
            "name": "Người dùng facebook"
        },
        {
            "id": "100070825129231",
            "count": 0,
            "name": "Người dùng facebook"
        },
        {
            "id": "100089958497024",
            "count": 0,
            "name": "Người dùng facebook"
        },
        {
            "id": "100030591829356",
            "count": 0,
            "name": "Người dùng facebook"
        },
        {
            "id": "100068513089850",
            "count": 0,
            "name": "Người dùng facebook"
        },
        {
            "id": "100045011106115",
            "count": 0,
            "name": "Người dùng facebook"
        },
        {
            "id": "100022633310958",
            "count": 0,
            "name": "Người dùng facebook"
        },
        {
            "id": "100049375926393",
            "count": 0,
            "name": "Người dùng facebook"
        },
        {
            "id": "100072023864643",
            "count": 0,
            "name": "Người dùng facebook"
        },
        {
            "id": "100026730997923",
            "count": 0,
            "name": "Người dùng facebook"
        },
        {
            "id": "100074785815254",
            "count": 0,
            "name": "Người dùng facebook"
        },
        {
            "id": "100095083460621",
            "count": 0,
            "name": "Người dùng facebook"
        },
        {
            "id": "100081213651344",
            "count": 0,
            "name": "Người dùng facebook"
        },
        {
            "id": "100065408587259",
            "count": 0,
            "name": "Người dùng facebook"
        },
        {
            "id": "100066275182996",
            "count": 0,
            "name": "Người dùng facebook"
        },
        {
            "id": "100079040450473",
            "count": 0,
            "name": "Người dùng facebook"
        },
        {
            "id": "100082989998465",
            "count": 0,
            "name": "Người dùng facebook"
        },
        {
            "id": "100083082275002",
            "count": 0,
            "name": "Người dùng facebook"
        },
        {
            "id": "100065186749423",
            "count": 0,
            "name": "Người dùng facebook"
        },
        {
            "id": "100074162713478",
            "count": 0,
            "name": "Người dùng facebook"
        },
        {
            "id": "100088111812123",
            "count": 0,
            "name": "Người dùng facebook"
        },
        {
            "id": "100091909171107",
            "count": 0,
            "name": "Người dùng facebook"
        },
        {
            "id": "100063605541731",
            "count": 0,
            "name": "Người dùng facebook"
        },
        {
            "id": "61550723165727",
            "count": 0,
            "name": "Người dùng facebook"
        },
        {
            "id": "100075216610999",
            "count": 0,
            "name": "Hyouka Granger"
        },
        {
            "id": "100069441115347",
            "count": 0,
            "name": "Người dùng facebook"
        }
    ],
    "day": [
        {
            "id": "100020410493778",
            "count": 0,
            "name": "Người dùng facebook"
        },
        {
            "id": "100073153862706",
            "count": 0,
            "name": "Người dùng facebook"
        },
        {
            "id": "100073977282733",
            "count": 0,
            "name": "Người dùng facebook"
        },
        {
            "id": "100067687521293",
            "count": 0,
            "name": "Người dùng facebook"
        },
        {
            "id": "100058597900290",
            "count": 0,
            "name": "Người dùng facebook"
        },
        {
            "id": "100077783832899",
            "count": 0,
            "name": "Người dùng facebook"
        },
        {
            "id": "100057404252505",
            "count": 0,
            "name": "Người dùng facebook"
        },
        {
            "id": "100027589235709",
            "count": 0,
            "name": "Người dùng facebook"
        },
        {
            "id": "100045306221133",
            "count": 0,
            "name": "Người dùng facebook"
        },
        {
            "id": "100051501155207",
            "count": 0,
            "name": "Người dùng facebook"
        },
        {
            "id": "100066006230277",
            "count": 0,
            "name": "Người dùng facebook"
        },
        {
            "id": "100090296113414",
            "count": 0,
            "name": "Người dùng facebook"
        },
        {
            "id": "100094254283643",
            "count": 0,
            "name": "Người dùng facebook"
        },
        {
            "id": "100062547646857",
            "count": 0,
            "name": "Người dùng facebook"
        },
        {
            "id": "61554037604980",
            "count": 0,
            "name": "Người dùng facebook"
        },
        {
            "id": "100048557512851",
            "count": 0,
            "name": "Người dùng facebook"
        },
        {
            "id": "100066966600862",
            "count": 0,
            "name": "Người dùng facebook"
        },
        {
            "id": "100056362033349",
            "count": 0,
            "name": "Người dùng facebook"
        },
        {
            "id": "61551698582046",
            "count": 0,
            "name": "Người dùng facebook"
        },
        {
            "id": "100046045936795",
            "count": 0,
            "name": "Người dùng facebook"
        },
        {
            "id": "100063054936401",
            "count": 0,
            "name": "Người dùng facebook"
        },
        {
            "id": "61550625022867",
            "count": 0,
            "name": "Người dùng facebook"
        },
        {
            "id": "100050432721833",
            "count": 0,
            "name": "Người dùng facebook"
        },
        {
            "id": "100065196626951",
            "count": 0,
            "name": "Người dùng facebook"
        },
        {
            "id": "100038420872655",
            "count": 0,
            "name": "Người dùng facebook"
        },
        {
            "id": "100004336057375",
            "count": 0,
            "name": "Người dùng facebook"
        },
        {
            "id": "100059083353111",
            "count": 0,
            "name": "Người dùng facebook"
        },
        {
            "id": "100042411592225",
            "count": 0,
            "name": "Người dùng facebook"
        },
        {
            "id": "100071056493550",
            "count": 0,
            "name": "Người dùng facebook"
        },
        {
            "id": "100039156692504",
            "count": 0,
            "name": "Người dùng facebook"
        },
        {
            "id": "100013251462936",
            "count": 0,
            "name": "Người dùng facebook"
        },
        {
            "id": "100026469096064",
            "count": 0,
            "name": "Người dùng facebook"
        },
        {
            "id": "100032743312322",
            "count": 0,
            "name": "Người dùng facebook"
        },
        {
            "id": "100078509139205",
            "count": 0,
            "name": "Người dùng facebook"
        },
        {
            "id": "100028468340323",
            "count": 0,
            "name": "Người dùng facebook"
        },
        {
            "id": "61551723334791",
            "count": 0,
            "name": "Người dùng facebook"
        },
        {
            "id": "100070825129231",
            "count": 0,
            "name": "Người dùng facebook"
        },
        {
            "id": "100089958497024",
            "count": 0,
            "name": "Người dùng facebook"
        },
        {
            "id": "100030591829356",
            "count": 0,
            "name": "Người dùng facebook"
        },
        {
            "id": "100068513089850",
            "count": 0,
            "name": "Người dùng facebook"
        },
        {
            "id": "100045011106115",
            "count": 0,
            "name": "Người dùng facebook"
        },
        {
            "id": "100022633310958",
            "count": 0,
            "name": "Người dùng facebook"
        },
        {
            "id": "100049375926393",
            "count": 0,
            "name": "Người dùng facebook"
        },
        {
            "id": "100072023864643",
            "count": 0,
            "name": "Người dùng facebook"
        },
        {
            "id": "100026730997923",
            "count": 0,
            "name": "Người dùng facebook"
        },
        {
            "id": "100074785815254",
            "count": 0,
            "name": "Người dùng facebook"
        },
        {
            "id": "100095083460621",
            "count": 0,
            "name": "Người dùng facebook"
        },
        {
            "id": "100081213651344",
            "count": 0,
            "name": "Người dùng facebook"
        },
        {
            "id": "100065408587259",
            "count": 0,
            "name": "Người dùng facebook"
        },
        {
            "id": "100066275182996",
            "count": 0,
            "name": "Người dùng facebook"
        },
        {
            "id": "100079040450473",
            "count": 0,
            "name": "Người dùng facebook"
        },
        {
            "id": "100082989998465",
            "count": 0,
            "name": "Người dùng facebook"
        },
        {
            "id": "100083082275002",
            "count": 0,
            "name": "Người dùng facebook"
        },
        {
            "id": "100065186749423",
            "count": 0,
            "name": "Người dùng facebook"
        },
        {
            "id": "100074162713478",
            "count": 0,
            "name": "Người dùng facebook"
        },
        {
            "id": "100088111812123",
            "count": 0,
            "name": "Người dùng facebook"
        },
        {
            "id": "100091909171107",
            "count": 0,
            "name": "Người dùng facebook"
        },
        {
            "id": "100063605541731",
            "count": 0,
            "name": "Người dùng facebook"
        },
        {
            "id": "61550723165727",
            "count": 0,
            "name": "Người dùng facebook"
        },
        {
            "id": "100075216610999",
            "count": 0,
            "name": "Hyouka Granger"
        },
        {
            "id": "100069441115347",
            "count": 0,
            "name": "Người dùng facebook"
        }
    ],
    "time": 5,
    "last": {
        "time": 1,
        "day": [
            {
                "id": "100020410493778",
                "count": 0
            },
            {
                "id": "100073153862706",
                "count": 0
            },
            {
                "id": "100073977282733",
                "count": 0
            },
            {
                "id": "100067687521293",
                "count": 0
            },
            {
                "id": "100058597900290",
                "count": 0
            },
            {
                "id": "100077783832899",
                "count": 0
            },
            {
                "id": "100057404252505",
                "count": 0
            },
            {
                "id": "100027589235709",
                "count": 0
            },
            {
                "id": "100045306221133",
                "count": 0
            },
            {
                "id": "100051501155207",
                "count": 0
            },
            {
                "id": "100066006230277",
                "count": 0
            },
            {
                "id": "100090296113414",
                "count": 0
            },
            {
                "id": "100094254283643",
                "count": 0
            },
            {
                "id": "100062547646857",
                "count": 0
            },
            {
                "id": "61554037604980",
                "count": 0
            },
            {
                "id": "100048557512851",
                "count": 0
            },
            {
                "id": "100066966600862",
                "count": 0
            },
            {
                "id": "100056362033349",
                "count": 0
            },
            {
                "id": "61551698582046",
                "count": 0
            },
            {
                "id": "100046045936795",
                "count": 0
            },
            {
                "id": "100063054936401",
                "count": 0
            },
            {
                "id": "61550625022867",
                "count": 0
            },
            {
                "id": "100050432721833",
                "count": 0
            },
            {
                "id": "100065196626951",
                "count": 0
            },
            {
                "id": "100038420872655",
                "count": 0
            },
            {
                "id": "100004336057375",
                "count": 0
            },
            {
                "id": "100059083353111",
                "count": 0
            },
            {
                "id": "100042411592225",
                "count": 0
            },
            {
                "id": "100065841272685",
                "count": 0
            },
            {
                "id": "100078743359362",
                "count": 0
            },
            {
                "id": "100071056493550",
                "count": 0
            },
            {
                "id": "61550322110173",
                "count": 0
            },
            {
                "id": "100039156692504",
                "count": 0
            },
            {
                "id": "100013251462936",
                "count": 0
            },
            {
                "id": "100026469096064",
                "count": 0
            },
            {
                "id": "100032743312322",
                "count": 0
            },
            {
                "id": "100078509139205",
                "count": 0
            },
            {
                "id": "100028468340323",
                "count": 0
            },
            {
                "id": "61551723334791",
                "count": 0
            },
            {
                "id": "100070825129231",
                "count": 0
            },
            {
                "id": "100089958497024",
                "count": 0
            },
            {
                "id": "100080437262605",
                "count": 0
            },
            {
                "id": "100030591829356",
                "count": 0
            },
            {
                "id": "100077740053303",
                "count": 0
            },
            {
                "id": "100068513089850",
                "count": 0
            },
            {
                "id": "100045011106115",
                "count": 0
            },
            {
                "id": "100022633310958",
                "count": 0
            },
            {
                "id": "100049375926393",
                "count": 0
            },
            {
                "id": "100072023864643",
                "count": 0
            },
            {
                "id": "100026730997923",
                "count": 0
            },
            {
                "id": "100074785815254",
                "count": 0
            },
            {
                "id": "100095083460621",
                "count": 0
            },
            {
                "id": "100081213651344",
                "count": 0
            },
            {
                "id": "100065408587259",
                "count": 0
            },
            {
                "id": "100066275182996",
                "count": 0
            },
            {
                "id": "100079040450473",
                "count": 0
            },
            {
                "id": "100082989998465",
                "count": 0
            },
            {
                "id": "100083082275002",
                "count": 0
            },
            {
                "id": "100065186749423",
                "count": 0
            },
            {
                "id": "100074162713478",
                "count": 0
            },
            {
                "id": "100088111812123",
                "count": 0
            },
            {
                "id": "100073812086462",
                "count": 0
            },
            {
                "id": "100071768105626",
                "count": 0
            },
            {
                "id": "100091909171107",
                "count": 0
            },
            {
                "id": "100063605541731",
                "count": 0
            },
            {
                "id": "100050999371837",
                "count": 0
            },
            {
                "id": "100069441115347",
                "count": 0
            },
            {
                "id": "61550723165727",
                "count": 0
            },
            {
                "id": "100075216610999",
                "count": 0
            }
        ],
        "week": [
            {
                "id": "100020410493778",
                "count": 0
            },
            {
                "id": "100073153862706",
                "count": 0
            },
            {
                "id": "100073977282733",
                "count": 0
            },
            {
                "id": "100067687521293",
                "count": 0
            },
            {
                "id": "100058597900290",
                "count": 0
            },
            {
                "id": "100077783832899",
                "count": 0
            },
            {
                "id": "100057404252505",
                "count": 0
            },
            {
                "id": "100027589235709",
                "count": 0
            },
            {
                "id": "100045306221133",
                "count": 0
            },
            {
                "id": "100051501155207",
                "count": 0
            },
            {
                "id": "100066006230277",
                "count": 0
            },
            {
                "id": "100090296113414",
                "count": 0
            },
            {
                "id": "100094254283643",
                "count": 0
            },
            {
                "id": "100062547646857",
                "count": 0
            },
            {
                "id": "61554037604980",
                "count": 0
            },
            {
                "id": "100048557512851",
                "count": 0
            },
            {
                "id": "100066966600862",
                "count": 0
            },
            {
                "id": "100056362033349",
                "count": 0
            },
            {
                "id": "61551698582046",
                "count": 0
            },
            {
                "id": "100046045936795",
                "count": 0
            },
            {
                "id": "100063054936401",
                "count": 0
            },
            {
                "id": "61550625022867",
                "count": 0
            },
            {
                "id": "100050432721833",
                "count": 0
            },
            {
                "id": "100065196626951",
                "count": 0
            },
            {
                "id": "100038420872655",
                "count": 0
            },
            {
                "id": "100004336057375",
                "count": 0
            },
            {
                "id": "100059083353111",
                "count": 0
            },
            {
                "id": "100042411592225",
                "count": 0
            },
            {
                "id": "100065841272685",
                "count": 0
            },
            {
                "id": "100078743359362",
                "count": 0
            },
            {
                "id": "100071056493550",
                "count": 0
            },
            {
                "id": "61550322110173",
                "count": 0
            },
            {
                "id": "100039156692504",
                "count": 0
            },
            {
                "id": "100013251462936",
                "count": 0
            },
            {
                "id": "100026469096064",
                "count": 0
            },
            {
                "id": "100032743312322",
                "count": 0
            },
            {
                "id": "100078509139205",
                "count": 0
            },
            {
                "id": "100028468340323",
                "count": 0
            },
            {
                "id": "61551723334791",
                "count": 0
            },
            {
                "id": "100070825129231",
                "count": 0
            },
            {
                "id": "100089958497024",
                "count": 0
            },
            {
                "id": "100080437262605",
                "count": 0
            },
            {
                "id": "100030591829356",
                "count": 0
            },
            {
                "id": "100077740053303",
                "count": 0
            },
            {
                "id": "100068513089850",
                "count": 0
            },
            {
                "id": "100045011106115",
                "count": 0
            },
            {
                "id": "100022633310958",
                "count": 0
            },
            {
                "id": "100049375926393",
                "count": 0
            },
            {
                "id": "100072023864643",
                "count": 0
            },
            {
                "id": "100026730997923",
                "count": 0
            },
            {
                "id": "100074785815254",
                "count": 0
            },
            {
                "id": "100095083460621",
                "count": 0
            },
            {
                "id": "100081213651344",
                "count": 0
            },
            {
                "id": "100065408587259",
                "count": 0
            },
            {
                "id": "100066275182996",
                "count": 0
            },
            {
                "id": "100079040450473",
                "count": 0
            },
            {
                "id": "100082989998465",
                "count": 0
            },
            {
                "id": "100083082275002",
                "count": 0
            },
            {
                "id": "100065186749423",
                "count": 0
            },
            {
                "id": "100074162713478",
                "count": 0
            },
            {
                "id": "100088111812123",
                "count": 0
            },
            {
                "id": "100073812086462",
                "count": 0
            },
            {
                "id": "100071768105626",
                "count": 0
            },
            {
                "id": "100091909171107",
                "count": 0
            },
            {
                "id": "100063605541731",
                "count": 0
            },
            {
                "id": "100050999371837",
                "count": 0
            },
            {
                "id": "100069441115347",
                "count": 0
            },
            {
                "id": "61550723165727",
                "count": 0
            },
            {
                "id": "100075216610999",
                "count": 0
            }
        ]
    }
}