{
    "total": [
        {
            "id": "100071330074323",
            "count": 0
        },
        {
            "id": "100091576656722",
            "count": 2
        },
        {
            "id": "100083128971445",
            "count": 0
        },
        {
            "id": "100063984036560",
            "count": 0
        },
        {
            "id": "100065801912842",
            "count": 0
        },
        {
            "id": "100073776745631",
            "count": 0
        },
        {
            "id": "100058243733434",
            "count": 0
        },
        {
            "id": "100082636134592",
            "count": 0
        },
        {
            "id": "100085405510639",
            "count": 0
        },
        {
            "id": "100036010152014",
            "count": 2
        },
        {
            "id": "100053687375348",
            "count": 0
        },
        {
            "id": "100082529546826",
            "count": 46
        },
        {
            "id": "100065524419842",
            "count": 0
        },
        {
            "id": "100062447143424",
            "count": 1
        },
        {
            "id": "100047886010196",
            "count": 21
        },
        {
            "id": "100081236928799",
            "count": 0
        },
        {
            "id": "100030375939658",
            "count": 0
        },
        {
            "id": "100090047205472",
            "count": 0
        },
        {
            "id": "100083948054204",
            "count": 0
        },
        {
            "id": "100076237045961",
            "count": 0
        },
        {
            "id": "100024944226777",
            "count": 46
        },
        {
            "id": "100073930542917",
            "count": 0
        },
        {
            "id": "100085539852607",
            "count": 0
        },
        {
            "id": "100080222831196",
            "count": 18
        },
        {
            "id": "100075082614522",
            "count": 0
        },
        {
            "id": "100082811946876",
            "count": 0
        },
        {
            "id": "100082196341756",
            "count": 0
        },
        {
            "id": "100083034093432",
            "count": 0
        },
        {
            "id": "100090756862810",
            "count": 0
        },
        {
            "id": "100089679246364",
            "count": 0
        },
        {
            "id": "100076274884631",
            "count": 0
        },
        {
            "id": "100071145498088",
            "count": 0
        },
        {
            "id": "100055416582789",
            "count": 0
        },
        {
            "id": "100075367776389",
            "count": 63
        },
        {
            "id": "100071468155130",
            "count": 0
        },
        {
            "id": "100007552904185",
            "count": 0
        },
        {
            "id": "100080913170241",
            "count": 0
        },
        {
            "id": "100078092457875",
            "count": 0
        },
        {
            "id": "100085761484420",
            "count": 0
        },
        {
            "id": "100083548166363",
            "count": 0
        },
        {
            "id": "100057365411602",
            "count": 0
        },
        {
            "id": "100080655397962",
            "count": 0
        },
        {
            "id": "100091525464184",
            "count": 0
        },
        {
            "id": "100006155348307",
            "count": 0
        },
        {
            "id": "100086748032860",
            "count": 0
        },
        {
            "id": "100040619143829",
            "count": 0
        },
        {
            "id": "100080736420158",
            "count": 0
        },
        {
            "id": "100038245027818",
            "count": 0
        },
        {
            "id": "100008395188150",
            "count": 0
        },
        {
            "id": "100079979472813",
            "count": 7
        },
        {
            "id": "100087565732279",
            "count": 0
        },
        {
            "id": "61554164277699",
            "count": 0
        },
        {
            "id": "100073276730541",
            "count": 0
        },
        {
            "id": "100068860959210",
            "count": 60
        },
        {
            "id": "100091421190844",
            "count": 3
        },
        {
            "id": "100073402814348",
            "count": 75
        },
        {
            "id": "100091316801371",
            "count": 56
        },
        {
            "id": "100061900513897",
            "count": 0
        },
        {
            "id": "100095531012534",
            "count": 0
        },
        {
            "id": "100068958502060",
            "count": 0
        },
        {
            "id": "100087978954665",
            "count": 0
        },
        {
            "id": "100085321180551",
            "count": 0
        },
        {
            "id": "100078886906259",
            "count": 0
        },
        {
            "id": "100081357993506",
            "count": 0
        },
        {
            "id": "61555726002697",
            "count": 0
        },
        {
            "id": "61555651036121",
            "count": 0
        },
        {
            "id": "538578395",
            "count": 0
        },
        {
            "id": "100081751174269",
            "count": 79
        },
        {
            "id": "100072774606343",
            "count": 12
        },
        {
            "id": "100047456705381",
            "count": 0
        },
        {
            "id": "100080478378546",
            "count": 0
        },
        {
            "id": "100064155281925",
            "count": 0
        },
        {
            "id": "100082154241674",
            "count": 0
        },
        {
            "id": "100075184272681",
            "count": 0
        },
        {
            "id": "100069386794874",
            "count": 0
        },
        {
            "id": "100077925666453",
            "count": 0
        },
        {
            "id": "100087893191714",
            "count": 0
        },
        {
            "id": "100014177643484",
            "count": 0
        },
        {
            "id": "100081867094717",
            "count": 0
        },
        {
            "id": "100041297011668",
            "count": 0
        },
        {
            "id": "100053190949049",
            "count": 0
        },
        {
            "id": "100068760624370",
            "count": 0
        },
        {
            "id": "100064549933068",
            "count": 0
        },
        {
            "id": "100087256294578",
            "count": 0
        },
        {
            "id": "100085354149471",
            "count": 46
        },
        {
            "id": "100053471057028",
            "count": 0
        },
        {
            "id": "100081774144410",
            "count": 0
        },
        {
            "id": "100081150152131",
            "count": 0
        },
        {
            "id": "100083414765282",
            "count": 0
        },
        {
            "id": "100075138230154",
            "count": 0
        },
        {
            "id": "100024035709091",
            "count": 0
        },
        {
            "id": "100073410858484",
            "count": 0
        },
        {
            "id": "61553210856503",
            "count": 206
        },
        {
            "id": "100089548599478",
            "count": 0
        },
        {
            "id": "100069071951797",
            "count": 0
        },
        {
            "id": "100083535106615",
            "count": 0
        },
        {
            "id": "100051806235996",
            "count": 0
        },
        {
            "id": "100079068818227",
            "count": 0
        },
        {
            "id": "100056079560429",
            "count": 0
        },
        {
            "id": "61556439062923",
            "count": 0
        },
        {
            "id": "100084363526542",
            "count": 0
        },
        {
            "id": "100069980666770",
            "count": 15
        },
        {
            "id": "100054742632222",
            "count": 0
        },
        {
            "id": "100078952747452",
            "count": 6
        },
        {
            "id": "100054588199661",
            "count": 3
        },
        {
            "id": "100085060428096",
            "count": 0
        },
        {
            "id": "100074064003765",
            "count": 21
        },
        {
            "id": "100041610844231",
            "count": 190
        },
        {
            "id": "100063927560311",
            "count": 0
        },
        {
            "id": "100068691711852",
            "count": 3
        },
        {
            "id": "100078957134685",
            "count": 0
        },
        {
            "id": "100084181030290",
            "count": 0
        },
        {
            "id": "100089155935110",
            "count": 1
        },
        {
            "id": "100094751949770",
            "count": 0
        },
        {
            "id": "100082807269567",
            "count": 17
        },
        {
            "id": "61556799560514",
            "count": 0
        },
        {
            "id": "100049952174283",
            "count": 1
        },
        {
            "id": "100050926460229",
            "count": 0
        },
        {
            "id": "100093277495534",
            "count": 0
        },
        {
            "id": "100057810296093",
            "count": 0
        },
        {
            "id": "100084261662529",
            "count": 0
        },
        {
            "id": "100051076116049",
            "count": 0
        },
        {
            "id": "100089576476515",
            "count": 0
        },
        {
            "id": "100095375227521",
            "count": 341
        },
        {
            "id": "100090460094577",
            "count": 0
        },
        {
            "id": "100093630807185",
            "count": 1
        },
        {
            "id": "100058583591494",
            "count": 11
        },
        {
            "id": "100089352882349",
            "count": 0
        },
        {
            "id": "61551102220070",
            "count": 0
        },
        {
            "id": "100083326663023",
            "count": 0
        },
        {
            "id": "100088634905685",
            "count": 0
        },
        {
            "id": "100067795823817",
            "count": 0
        },
        {
            "id": "100076598211165",
            "count": 0
        },
        {
            "id": "100086996432789",
            "count": 105
        },
        {
            "id": "100053625313973",
            "count": 1
        },
        {
            "id": "100040053916060",
            "count": 78
        },
        {
            "id": "100075609579815",
            "count": 8
        },
        {
            "id": "61550993813635",
            "count": 276
        },
        {
            "id": "61556808419858",
            "count": 121
        },
        {
            "id": "100050527387691",
            "count": 97
        },
        {
            "id": "100058583417172",
            "count": 1
        },
        {
            "id": "100074687820292",
            "count": 0
        },
        {
            "id": "100033018346491",
            "count": 170
        },
        {
            "id": "100050999371837",
            "count": 0
        },
        {
            "id": "100075216610999",
            "count": 590
        },
        {
            "id": "100074989582648",
            "count": 60
        },
        {
            "id": "100079966012748",
            "count": 18
        }
    ],
    "week": [
        {
            "id": "100071330074323",
            "count": 0,
            "name": "Người dùng facebook"
        },
        {
            "id": "100091576656722",
            "count": 0,
            "name": "Người dùng facebook"
        },
        {
            "id": "100083128971445",
            "count": 0,
            "name": "Người dùng facebook"
        },
        {
            "id": "100063984036560",
            "count": 0,
            "name": "Người dùng facebook"
        },
        {
            "id": "100065801912842",
            "count": 0,
            "name": "Người dùng facebook"
        },
        {
            "id": "100073776745631",
            "count": 0,
            "name": "Người dùng facebook"
        },
        {
            "id": "100058243733434",
            "count": 0,
            "name": "Người dùng facebook"
        },
        {
            "id": "100082636134592",
            "count": 0,
            "name": "Người dùng facebook"
        },
        {
            "id": "100085405510639",
            "count": 0,
            "name": "Người dùng facebook"
        },
        {
            "id": "100036010152014",
            "count": 0,
            "name": "Người dùng facebook"
        },
        {
            "id": "100053687375348",
            "count": 0,
            "name": "Người dùng facebook"
        },
        {
            "id": "100082529546826",
            "count": 0,
            "name": "Người dùng facebook"
        },
        {
            "id": "100065524419842",
            "count": 0,
            "name": "Người dùng facebook"
        },
        {
            "id": "100062447143424",
            "count": 0,
            "name": "Người dùng facebook"
        },
        {
            "id": "100047886010196",
            "count": 0,
            "name": "Người dùng facebook"
        },
        {
            "id": "100081236928799",
            "count": 0,
            "name": "Người dùng facebook"
        },
        {
            "id": "100030375939658",
            "count": 0,
            "name": "Người dùng facebook"
        },
        {
            "id": "100090047205472",
            "count": 0,
            "name": "Người dùng facebook"
        },
        {
            "id": "100083948054204",
            "count": 0,
            "name": "Người dùng facebook"
        },
        {
            "id": "100076237045961",
            "count": 0,
            "name": "Người dùng facebook"
        },
        {
            "id": "100024944226777",
            "count": 0,
            "name": "Người dùng facebook"
        },
        {
            "id": "100073930542917",
            "count": 0,
            "name": "Người dùng facebook"
        },
        {
            "id": "100085539852607",
            "count": 0,
            "name": "Người dùng facebook"
        },
        {
            "id": "100080222831196",
            "count": 0,
            "name": "Người dùng facebook"
        },
        {
            "id": "100075082614522",
            "count": 0,
            "name": "Người dùng facebook"
        },
        {
            "id": "100082811946876",
            "count": 0,
            "name": "Người dùng facebook"
        },
        {
            "id": "100082196341756",
            "count": 0,
            "name": "Người dùng facebook"
        },
        {
            "id": "100083034093432",
            "count": 0,
            "name": "Người dùng facebook"
        },
        {
            "id": "100090756862810",
            "count": 0,
            "name": "Người dùng facebook"
        },
        {
            "id": "100089679246364",
            "count": 0,
            "name": "Người dùng facebook"
        },
        {
            "id": "100076274884631",
            "count": 0,
            "name": "Người dùng facebook"
        },
        {
            "id": "100071145498088",
            "count": 0,
            "name": "Người dùng facebook"
        },
        {
            "id": "100055416582789",
            "count": 0,
            "name": "Người dùng facebook"
        },
        {
            "id": "100075367776389",
            "count": 0,
            "name": "Người dùng facebook"
        },
        {
            "id": "100071468155130",
            "count": 0,
            "name": "Người dùng facebook"
        },
        {
            "id": "100007552904185",
            "count": 0,
            "name": "Người dùng facebook"
        },
        {
            "id": "100080913170241",
            "count": 0,
            "name": "Người dùng facebook"
        },
        {
            "id": "100078092457875",
            "count": 0,
            "name": "Người dùng facebook"
        },
        {
            "id": "100085761484420",
            "count": 0,
            "name": "Người dùng facebook"
        },
        {
            "id": "100083548166363",
            "count": 0,
            "name": "Người dùng facebook"
        },
        {
            "id": "100057365411602",
            "count": 0,
            "name": "Người dùng facebook"
        },
        {
            "id": "100080655397962",
            "count": 0,
            "name": "Người dùng facebook"
        },
        {
            "id": "100091525464184",
            "count": 0,
            "name": "Người dùng facebook"
        },
        {
            "id": "100006155348307",
            "count": 0,
            "name": "Người dùng facebook"
        },
        {
            "id": "100086748032860",
            "count": 0,
            "name": "Người dùng facebook"
        },
        {
            "id": "100040619143829",
            "count": 0,
            "name": "Người dùng facebook"
        },
        {
            "id": "100080736420158",
            "count": 0,
            "name": "Người dùng facebook"
        },
        {
            "id": "100038245027818",
            "count": 0,
            "name": "Người dùng facebook"
        },
        {
            "id": "100008395188150",
            "count": 0,
            "name": "Người dùng facebook"
        },
        {
            "id": "100079979472813",
            "count": 0,
            "name": "Người dùng facebook"
        },
        {
            "id": "100087565732279",
            "count": 0,
            "name": "Người dùng facebook"
        },
        {
            "id": "61554164277699",
            "count": 0,
            "name": "Người dùng facebook"
        },
        {
            "id": "100073276730541",
            "count": 0,
            "name": "Người dùng facebook"
        },
        {
            "id": "100068860959210",
            "count": 0,
            "name": "Người dùng facebook"
        },
        {
            "id": "100091421190844",
            "count": 0,
            "name": "Người dùng facebook"
        },
        {
            "id": "100073402814348",
            "count": 0,
            "name": "Người dùng facebook"
        },
        {
            "id": "100091316801371",
            "count": 0,
            "name": "Người dùng facebook"
        },
        {
            "id": "100061900513897",
            "count": 0,
            "name": "Người dùng facebook"
        },
        {
            "id": "100095531012534",
            "count": 0,
            "name": "Người dùng facebook"
        },
        {
            "id": "100068958502060",
            "count": 0,
            "name": "Người dùng facebook"
        },
        {
            "id": "100087978954665",
            "count": 0,
            "name": "Người dùng facebook"
        },
        {
            "id": "100085321180551",
            "count": 0,
            "name": "Người dùng facebook"
        },
        {
            "id": "100078886906259",
            "count": 0,
            "name": "Người dùng facebook"
        },
        {
            "id": "100081357993506",
            "count": 0,
            "name": "Người dùng facebook"
        },
        {
            "id": "61555726002697",
            "count": 0,
            "name": "Người dùng facebook"
        },
        {
            "id": "61555651036121",
            "count": 0,
            "name": "Người dùng facebook"
        },
        {
            "id": "538578395",
            "count": 0,
            "name": "Người dùng facebook"
        },
        {
            "id": "100081751174269",
            "count": 0,
            "name": "Người dùng facebook"
        },
        {
            "id": "100072774606343",
            "count": 0,
            "name": "Người dùng facebook"
        },
        {
            "id": "100047456705381",
            "count": 0,
            "name": "Người dùng facebook"
        },
        {
            "id": "100080478378546",
            "count": 0,
            "name": "Người dùng facebook"
        },
        {
            "id": "100064155281925",
            "count": 0,
            "name": "Người dùng facebook"
        },
        {
            "id": "100082154241674",
            "count": 0,
            "name": "Người dùng facebook"
        },
        {
            "id": "100075184272681",
            "count": 0,
            "name": "Người dùng facebook"
        },
        {
            "id": "100069386794874",
            "count": 0,
            "name": "Người dùng facebook"
        },
        {
            "id": "100077925666453",
            "count": 0,
            "name": "Người dùng facebook"
        },
        {
            "id": "100087893191714",
            "count": 0,
            "name": "Người dùng facebook"
        },
        {
            "id": "100014177643484",
            "count": 0,
            "name": "Người dùng facebook"
        },
        {
            "id": "100081867094717",
            "count": 0,
            "name": "Người dùng facebook"
        },
        {
            "id": "100041297011668",
            "count": 0,
            "name": "Người dùng facebook"
        },
        {
            "id": "100053190949049",
            "count": 0,
            "name": "Người dùng facebook"
        },
        {
            "id": "100068760624370",
            "count": 0,
            "name": "Người dùng facebook"
        },
        {
            "id": "100064549933068",
            "count": 0,
            "name": "Người dùng facebook"
        },
        {
            "id": "100087256294578",
            "count": 0,
            "name": "Người dùng facebook"
        },
        {
            "id": "100085354149471",
            "count": 0,
            "name": "Người dùng facebook"
        },
        {
            "id": "100053471057028",
            "count": 0,
            "name": "Người dùng facebook"
        },
        {
            "id": "100081774144410",
            "count": 0,
            "name": "Người dùng facebook"
        },
        {
            "id": "100081150152131",
            "count": 0,
            "name": "Người dùng facebook"
        },
        {
            "id": "100083414765282",
            "count": 0,
            "name": "Người dùng facebook"
        },
        {
            "id": "100075138230154",
            "count": 0,
            "name": "Người dùng facebook"
        },
        {
            "id": "100024035709091",
            "count": 0,
            "name": "Người dùng facebook"
        },
        {
            "id": "100073410858484",
            "count": 0,
            "name": "Người dùng facebook"
        },
        {
            "id": "61553210856503",
            "count": 0,
            "name": "Người dùng facebook"
        },
        {
            "id": "100089548599478",
            "count": 0,
            "name": "Người dùng facebook"
        },
        {
            "id": "100069071951797",
            "count": 0,
            "name": "Người dùng facebook"
        },
        {
            "id": "100083535106615",
            "count": 0,
            "name": "Người dùng facebook"
        },
        {
            "id": "100051806235996",
            "count": 0,
            "name": "Người dùng facebook"
        },
        {
            "id": "100079068818227",
            "count": 0,
            "name": "Người dùng facebook"
        },
        {
            "id": "100056079560429",
            "count": 0,
            "name": "Người dùng facebook"
        },
        {
            "id": "61556439062923",
            "count": 0,
            "name": "Người dùng facebook"
        },
        {
            "id": "100084363526542",
            "count": 0,
            "name": "Người dùng facebook"
        },
        {
            "id": "100069980666770",
            "count": 0,
            "name": "Người dùng facebook"
        },
        {
            "id": "100054742632222",
            "count": 0,
            "name": "Người dùng facebook"
        },
        {
            "id": "100078952747452",
            "count": 0,
            "name": "Người dùng facebook"
        },
        {
            "id": "100054588199661",
            "count": 0,
            "name": "Người dùng facebook"
        },
        {
            "id": "100085060428096",
            "count": 0,
            "name": "Người dùng facebook"
        },
        {
            "id": "100074064003765",
            "count": 0,
            "name": "Người dùng facebook"
        },
        {
            "id": "100041610844231",
            "count": 0,
            "name": "Người dùng facebook"
        },
        {
            "id": "100063927560311",
            "count": 0,
            "name": "Người dùng facebook"
        },
        {
            "id": "100068691711852",
            "count": 0,
            "name": "Người dùng facebook"
        },
        {
            "id": "100078957134685",
            "count": 0,
            "name": "Người dùng facebook"
        },
        {
            "id": "100084181030290",
            "count": 0,
            "name": "Người dùng facebook"
        },
        {
            "id": "100089155935110",
            "count": 0,
            "name": "Người dùng facebook"
        },
        {
            "id": "100094751949770",
            "count": 0,
            "name": "Người dùng facebook"
        },
        {
            "id": "100082807269567",
            "count": 0,
            "name": "Người dùng facebook"
        },
        {
            "id": "61556799560514",
            "count": 0,
            "name": "Người dùng facebook"
        },
        {
            "id": "100049952174283",
            "count": 0,
            "name": "Người dùng facebook"
        },
        {
            "id": "100050926460229",
            "count": 0,
            "name": "Người dùng facebook"
        },
        {
            "id": "100093277495534",
            "count": 0,
            "name": "Người dùng facebook"
        },
        {
            "id": "100057810296093",
            "count": 0,
            "name": "Người dùng facebook"
        },
        {
            "id": "100084261662529",
            "count": 0,
            "name": "Người dùng facebook"
        },
        {
            "id": "100051076116049",
            "count": 0,
            "name": "Người dùng facebook"
        },
        {
            "id": "100089576476515",
            "count": 0,
            "name": "Người dùng facebook"
        },
        {
            "id": "100095375227521",
            "count": 0,
            "name": "Người dùng facebook"
        },
        {
            "id": "100090460094577",
            "count": 0,
            "name": "Người dùng facebook"
        },
        {
            "id": "100093630807185",
            "count": 0,
            "name": "Người dùng facebook"
        },
        {
            "id": "100058583591494",
            "count": 0,
            "name": "Người dùng facebook"
        },
        {
            "id": "100089352882349",
            "count": 0,
            "name": "Người dùng facebook"
        },
        {
            "id": "61551102220070",
            "count": 0,
            "name": "Người dùng facebook"
        },
        {
            "id": "100083326663023",
            "count": 0,
            "name": "Người dùng facebook"
        },
        {
            "id": "100088634905685",
            "count": 0,
            "name": "Người dùng facebook"
        },
        {
            "id": "100067795823817",
            "count": 0,
            "name": "Người dùng facebook"
        },
        {
            "id": "100076598211165",
            "count": 0,
            "name": "Người dùng facebook"
        },
        {
            "id": "100086996432789",
            "count": 0,
            "name": "Người dùng facebook"
        },
        {
            "id": "100053625313973",
            "count": 0,
            "name": "Người dùng facebook"
        },
        {
            "id": "100040053916060",
            "count": 0,
            "name": "Người dùng facebook"
        },
        {
            "id": "100075609579815",
            "count": 0,
            "name": "Người dùng facebook"
        },
        {
            "id": "61550993813635",
            "count": 0,
            "name": "Người dùng facebook"
        },
        {
            "id": "61556808419858",
            "count": 0,
            "name": "Người dùng facebook"
        },
        {
            "id": "100050527387691",
            "count": 0,
            "name": "Người dùng facebook"
        },
        {
            "id": "100058583417172",
            "count": 0,
            "name": "Người dùng facebook"
        },
        {
            "id": "100074687820292",
            "count": 0,
            "name": "Người dùng facebook"
        },
        {
            "id": "100033018346491",
            "count": 0,
            "name": "Người dùng facebook"
        },
        {
            "id": "100050999371837",
            "count": 0,
            "name": "Tiến Nguyễn"
        },
        {
            "id": "100075216610999",
            "count": 0,
            "name": "Hyouka Granger"
        },
        {
            "id": "100074989582648",
            "count": 0,
            "name": "Người dùng facebook"
        },
        {
            "id": "100079966012748",
            "count": 0,
            "name": "Người dùng facebook"
        }
    ],
    "day": [
        {
            "id": "100071330074323",
            "count": 0,
            "name": "Người dùng facebook"
        },
        {
            "id": "100091576656722",
            "count": 0,
            "name": "Người dùng facebook"
        },
        {
            "id": "100083128971445",
            "count": 0,
            "name": "Người dùng facebook"
        },
        {
            "id": "100063984036560",
            "count": 0,
            "name": "Người dùng facebook"
        },
        {
            "id": "100065801912842",
            "count": 0,
            "name": "Người dùng facebook"
        },
        {
            "id": "100073776745631",
            "count": 0,
            "name": "Người dùng facebook"
        },
        {
            "id": "100058243733434",
            "count": 0,
            "name": "Người dùng facebook"
        },
        {
            "id": "100082636134592",
            "count": 0,
            "name": "Người dùng facebook"
        },
        {
            "id": "100085405510639",
            "count": 0,
            "name": "Người dùng facebook"
        },
        {
            "id": "100036010152014",
            "count": 0,
            "name": "Người dùng facebook"
        },
        {
            "id": "100053687375348",
            "count": 0,
            "name": "Người dùng facebook"
        },
        {
            "id": "100082529546826",
            "count": 0,
            "name": "Người dùng facebook"
        },
        {
            "id": "100065524419842",
            "count": 0,
            "name": "Người dùng facebook"
        },
        {
            "id": "100062447143424",
            "count": 0,
            "name": "Người dùng facebook"
        },
        {
            "id": "100047886010196",
            "count": 0,
            "name": "Người dùng facebook"
        },
        {
            "id": "100081236928799",
            "count": 0,
            "name": "Người dùng facebook"
        },
        {
            "id": "100030375939658",
            "count": 0,
            "name": "Người dùng facebook"
        },
        {
            "id": "100090047205472",
            "count": 0,
            "name": "Người dùng facebook"
        },
        {
            "id": "100083948054204",
            "count": 0,
            "name": "Người dùng facebook"
        },
        {
            "id": "100076237045961",
            "count": 0,
            "name": "Người dùng facebook"
        },
        {
            "id": "100024944226777",
            "count": 0,
            "name": "Người dùng facebook"
        },
        {
            "id": "100073930542917",
            "count": 0,
            "name": "Người dùng facebook"
        },
        {
            "id": "100085539852607",
            "count": 0,
            "name": "Người dùng facebook"
        },
        {
            "id": "100080222831196",
            "count": 0,
            "name": "Người dùng facebook"
        },
        {
            "id": "100075082614522",
            "count": 0,
            "name": "Người dùng facebook"
        },
        {
            "id": "100082811946876",
            "count": 0,
            "name": "Người dùng facebook"
        },
        {
            "id": "100082196341756",
            "count": 0,
            "name": "Người dùng facebook"
        },
        {
            "id": "100083034093432",
            "count": 0,
            "name": "Người dùng facebook"
        },
        {
            "id": "100090756862810",
            "count": 0,
            "name": "Người dùng facebook"
        },
        {
            "id": "100089679246364",
            "count": 0,
            "name": "Người dùng facebook"
        },
        {
            "id": "100076274884631",
            "count": 0,
            "name": "Người dùng facebook"
        },
        {
            "id": "100071145498088",
            "count": 0,
            "name": "Người dùng facebook"
        },
        {
            "id": "100055416582789",
            "count": 0,
            "name": "Người dùng facebook"
        },
        {
            "id": "100075367776389",
            "count": 0,
            "name": "Người dùng facebook"
        },
        {
            "id": "100071468155130",
            "count": 0,
            "name": "Người dùng facebook"
        },
        {
            "id": "100007552904185",
            "count": 0,
            "name": "Người dùng facebook"
        },
        {
            "id": "100080913170241",
            "count": 0,
            "name": "Người dùng facebook"
        },
        {
            "id": "100078092457875",
            "count": 0,
            "name": "Người dùng facebook"
        },
        {
            "id": "100085761484420",
            "count": 0,
            "name": "Người dùng facebook"
        },
        {
            "id": "100083548166363",
            "count": 0,
            "name": "Người dùng facebook"
        },
        {
            "id": "100057365411602",
            "count": 0,
            "name": "Người dùng facebook"
        },
        {
            "id": "100080655397962",
            "count": 0,
            "name": "Người dùng facebook"
        },
        {
            "id": "100091525464184",
            "count": 0,
            "name": "Người dùng facebook"
        },
        {
            "id": "100006155348307",
            "count": 0,
            "name": "Người dùng facebook"
        },
        {
            "id": "100086748032860",
            "count": 0,
            "name": "Người dùng facebook"
        },
        {
            "id": "100040619143829",
            "count": 0,
            "name": "Người dùng facebook"
        },
        {
            "id": "100080736420158",
            "count": 0,
            "name": "Người dùng facebook"
        },
        {
            "id": "100038245027818",
            "count": 0,
            "name": "Người dùng facebook"
        },
        {
            "id": "100008395188150",
            "count": 0,
            "name": "Người dùng facebook"
        },
        {
            "id": "100079979472813",
            "count": 0,
            "name": "Người dùng facebook"
        },
        {
            "id": "100087565732279",
            "count": 0,
            "name": "Người dùng facebook"
        },
        {
            "id": "61554164277699",
            "count": 0,
            "name": "Người dùng facebook"
        },
        {
            "id": "100073276730541",
            "count": 0,
            "name": "Người dùng facebook"
        },
        {
            "id": "100068860959210",
            "count": 0,
            "name": "Người dùng facebook"
        },
        {
            "id": "100091421190844",
            "count": 0,
            "name": "Người dùng facebook"
        },
        {
            "id": "100073402814348",
            "count": 0,
            "name": "Người dùng facebook"
        },
        {
            "id": "100091316801371",
            "count": 0,
            "name": "Người dùng facebook"
        },
        {
            "id": "100061900513897",
            "count": 0,
            "name": "Người dùng facebook"
        },
        {
            "id": "100095531012534",
            "count": 0,
            "name": "Người dùng facebook"
        },
        {
            "id": "100068958502060",
            "count": 0,
            "name": "Người dùng facebook"
        },
        {
            "id": "100087978954665",
            "count": 0,
            "name": "Người dùng facebook"
        },
        {
            "id": "100085321180551",
            "count": 0,
            "name": "Người dùng facebook"
        },
        {
            "id": "100078886906259",
            "count": 0,
            "name": "Người dùng facebook"
        },
        {
            "id": "100081357993506",
            "count": 0,
            "name": "Người dùng facebook"
        },
        {
            "id": "61555726002697",
            "count": 0,
            "name": "Người dùng facebook"
        },
        {
            "id": "61555651036121",
            "count": 0,
            "name": "Người dùng facebook"
        },
        {
            "id": "538578395",
            "count": 0,
            "name": "Người dùng facebook"
        },
        {
            "id": "100081751174269",
            "count": 0,
            "name": "Người dùng facebook"
        },
        {
            "id": "100072774606343",
            "count": 0,
            "name": "Người dùng facebook"
        },
        {
            "id": "100047456705381",
            "count": 0,
            "name": "Người dùng facebook"
        },
        {
            "id": "100080478378546",
            "count": 0,
            "name": "Người dùng facebook"
        },
        {
            "id": "100064155281925",
            "count": 0,
            "name": "Người dùng facebook"
        },
        {
            "id": "100082154241674",
            "count": 0,
            "name": "Người dùng facebook"
        },
        {
            "id": "100075184272681",
            "count": 0,
            "name": "Người dùng facebook"
        },
        {
            "id": "100069386794874",
            "count": 0,
            "name": "Người dùng facebook"
        },
        {
            "id": "100077925666453",
            "count": 0,
            "name": "Người dùng facebook"
        },
        {
            "id": "100087893191714",
            "count": 0,
            "name": "Người dùng facebook"
        },
        {
            "id": "100014177643484",
            "count": 0,
            "name": "Người dùng facebook"
        },
        {
            "id": "100081867094717",
            "count": 0,
            "name": "Người dùng facebook"
        },
        {
            "id": "100041297011668",
            "count": 0,
            "name": "Người dùng facebook"
        },
        {
            "id": "100053190949049",
            "count": 0,
            "name": "Người dùng facebook"
        },
        {
            "id": "100068760624370",
            "count": 0,
            "name": "Người dùng facebook"
        },
        {
            "id": "100064549933068",
            "count": 0,
            "name": "Người dùng facebook"
        },
        {
            "id": "100087256294578",
            "count": 0,
            "name": "Người dùng facebook"
        },
        {
            "id": "100085354149471",
            "count": 0,
            "name": "Người dùng facebook"
        },
        {
            "id": "100053471057028",
            "count": 0,
            "name": "Người dùng facebook"
        },
        {
            "id": "100081774144410",
            "count": 0,
            "name": "Người dùng facebook"
        },
        {
            "id": "100081150152131",
            "count": 0,
            "name": "Người dùng facebook"
        },
        {
            "id": "100083414765282",
            "count": 0,
            "name": "Người dùng facebook"
        },
        {
            "id": "100075138230154",
            "count": 0,
            "name": "Người dùng facebook"
        },
        {
            "id": "100024035709091",
            "count": 0,
            "name": "Người dùng facebook"
        },
        {
            "id": "100073410858484",
            "count": 0,
            "name": "Người dùng facebook"
        },
        {
            "id": "61553210856503",
            "count": 0,
            "name": "Người dùng facebook"
        },
        {
            "id": "100089548599478",
            "count": 0,
            "name": "Người dùng facebook"
        },
        {
            "id": "100069071951797",
            "count": 0,
            "name": "Người dùng facebook"
        },
        {
            "id": "100083535106615",
            "count": 0,
            "name": "Người dùng facebook"
        },
        {
            "id": "100051806235996",
            "count": 0,
            "name": "Người dùng facebook"
        },
        {
            "id": "100079068818227",
            "count": 0,
            "name": "Người dùng facebook"
        },
        {
            "id": "100056079560429",
            "count": 0,
            "name": "Người dùng facebook"
        },
        {
            "id": "61556439062923",
            "count": 0,
            "name": "Người dùng facebook"
        },
        {
            "id": "100084363526542",
            "count": 0,
            "name": "Người dùng facebook"
        },
        {
            "id": "100069980666770",
            "count": 0,
            "name": "Người dùng facebook"
        },
        {
            "id": "100054742632222",
            "count": 0,
            "name": "Người dùng facebook"
        },
        {
            "id": "100078952747452",
            "count": 0,
            "name": "Người dùng facebook"
        },
        {
            "id": "100054588199661",
            "count": 0,
            "name": "Người dùng facebook"
        },
        {
            "id": "100085060428096",
            "count": 0,
            "name": "Người dùng facebook"
        },
        {
            "id": "100074064003765",
            "count": 0,
            "name": "Người dùng facebook"
        },
        {
            "id": "100041610844231",
            "count": 0,
            "name": "Người dùng facebook"
        },
        {
            "id": "100063927560311",
            "count": 0,
            "name": "Người dùng facebook"
        },
        {
            "id": "100068691711852",
            "count": 0,
            "name": "Người dùng facebook"
        },
        {
            "id": "100078957134685",
            "count": 0,
            "name": "Người dùng facebook"
        },
        {
            "id": "100084181030290",
            "count": 0,
            "name": "Người dùng facebook"
        },
        {
            "id": "100089155935110",
            "count": 0,
            "name": "Người dùng facebook"
        },
        {
            "id": "100094751949770",
            "count": 0,
            "name": "Người dùng facebook"
        },
        {
            "id": "100082807269567",
            "count": 0,
            "name": "Người dùng facebook"
        },
        {
            "id": "61556799560514",
            "count": 0,
            "name": "Người dùng facebook"
        },
        {
            "id": "100049952174283",
            "count": 0,
            "name": "Người dùng facebook"
        },
        {
            "id": "100050926460229",
            "count": 0,
            "name": "Người dùng facebook"
        },
        {
            "id": "100093277495534",
            "count": 0,
            "name": "Người dùng facebook"
        },
        {
            "id": "100057810296093",
            "count": 0,
            "name": "Người dùng facebook"
        },
        {
            "id": "100084261662529",
            "count": 0,
            "name": "Người dùng facebook"
        },
        {
            "id": "100051076116049",
            "count": 0,
            "name": "Người dùng facebook"
        },
        {
            "id": "100089576476515",
            "count": 0,
            "name": "Người dùng facebook"
        },
        {
            "id": "100095375227521",
            "count": 0,
            "name": "Người dùng facebook"
        },
        {
            "id": "100090460094577",
            "count": 0,
            "name": "Người dùng facebook"
        },
        {
            "id": "100093630807185",
            "count": 0,
            "name": "Người dùng facebook"
        },
        {
            "id": "100058583591494",
            "count": 0,
            "name": "Người dùng facebook"
        },
        {
            "id": "100089352882349",
            "count": 0,
            "name": "Người dùng facebook"
        },
        {
            "id": "61551102220070",
            "count": 0,
            "name": "Người dùng facebook"
        },
        {
            "id": "100083326663023",
            "count": 0,
            "name": "Người dùng facebook"
        },
        {
            "id": "100088634905685",
            "count": 0,
            "name": "Người dùng facebook"
        },
        {
            "id": "100067795823817",
            "count": 0,
            "name": "Người dùng facebook"
        },
        {
            "id": "100076598211165",
            "count": 0,
            "name": "Người dùng facebook"
        },
        {
            "id": "100086996432789",
            "count": 0,
            "name": "Người dùng facebook"
        },
        {
            "id": "100053625313973",
            "count": 0,
            "name": "Người dùng facebook"
        },
        {
            "id": "100040053916060",
            "count": 0,
            "name": "Người dùng facebook"
        },
        {
            "id": "100075609579815",
            "count": 0,
            "name": "Người dùng facebook"
        },
        {
            "id": "61550993813635",
            "count": 0,
            "name": "Người dùng facebook"
        },
        {
            "id": "61556808419858",
            "count": 0,
            "name": "Người dùng facebook"
        },
        {
            "id": "100050527387691",
            "count": 0,
            "name": "Người dùng facebook"
        },
        {
            "id": "100058583417172",
            "count": 0,
            "name": "Người dùng facebook"
        },
        {
            "id": "100074687820292",
            "count": 0,
            "name": "Người dùng facebook"
        },
        {
            "id": "100033018346491",
            "count": 0,
            "name": "Người dùng facebook"
        },
        {
            "id": "100050999371837",
            "count": 0,
            "name": "Tiến Nguyễn"
        },
        {
            "id": "100075216610999",
            "count": 0,
            "name": "Hyouka Granger"
        },
        {
            "id": "100074989582648",
            "count": 0,
            "name": "Người dùng facebook"
        },
        {
            "id": "100079966012748",
            "count": 0,
            "name": "Người dùng facebook"
        }
    ],
    "time": 5,
    "last": {
        "time": 1,
        "day": [
            {
                "id": "100071330074323",
                "count": 0
            },
            {
                "id": "100091576656722",
                "count": 0
            },
            {
                "id": "100083128971445",
                "count": 0
            },
            {
                "id": "100063984036560",
                "count": 0
            },
            {
                "id": "100065801912842",
                "count": 0
            },
            {
                "id": "100073776745631",
                "count": 0
            },
            {
                "id": "100058243733434",
                "count": 0
            },
            {
                "id": "100082636134592",
                "count": 0
            },
            {
                "id": "100085405510639",
                "count": 0
            },
            {
                "id": "100036010152014",
                "count": 0
            },
            {
                "id": "100053687375348",
                "count": 0
            },
            {
                "id": "100082529546826",
                "count": 0
            },
            {
                "id": "100065524419842",
                "count": 0
            },
            {
                "id": "100062447143424",
                "count": 0
            },
            {
                "id": "100047886010196",
                "count": 0
            },
            {
                "id": "100081236928799",
                "count": 0
            },
            {
                "id": "100030375939658",
                "count": 0
            },
            {
                "id": "100090047205472",
                "count": 0
            },
            {
                "id": "100083948054204",
                "count": 0
            },
            {
                "id": "100076237045961",
                "count": 0
            },
            {
                "id": "100024944226777",
                "count": 0
            },
            {
                "id": "100073930542917",
                "count": 0
            },
            {
                "id": "100085539852607",
                "count": 0
            },
            {
                "id": "100080222831196",
                "count": 0
            },
            {
                "id": "100075082614522",
                "count": 0
            },
            {
                "id": "100082811946876",
                "count": 0
            },
            {
                "id": "100082196341756",
                "count": 0
            },
            {
                "id": "100083034093432",
                "count": 0
            },
            {
                "id": "100090756862810",
                "count": 0
            },
            {
                "id": "100089679246364",
                "count": 0
            },
            {
                "id": "100076274884631",
                "count": 0
            },
            {
                "id": "100092516727389",
                "count": 0
            },
            {
                "id": "100071145498088",
                "count": 0
            },
            {
                "id": "100055416582789",
                "count": 0
            },
            {
                "id": "100075367776389",
                "count": 0
            },
            {
                "id": "100071468155130",
                "count": 0
            },
            {
                "id": "100007552904185",
                "count": 0
            },
            {
                "id": "100080913170241",
                "count": 0
            },
            {
                "id": "100078092457875",
                "count": 0
            },
            {
                "id": "100085761484420",
                "count": 0
            },
            {
                "id": "100083548166363",
                "count": 0
            },
            {
                "id": "100057365411602",
                "count": 0
            },
            {
                "id": "100080655397962",
                "count": 0
            },
            {
                "id": "100091525464184",
                "count": 0
            },
            {
                "id": "100006155348307",
                "count": 0
            },
            {
                "id": "100086748032860",
                "count": 0
            },
            {
                "id": "100040619143829",
                "count": 0
            },
            {
                "id": "100080736420158",
                "count": 0
            },
            {
                "id": "100038245027818",
                "count": 0
            },
            {
                "id": "100008395188150",
                "count": 0
            },
            {
                "id": "100079979472813",
                "count": 0
            },
            {
                "id": "100027956533438",
                "count": 0
            },
            {
                "id": "100087565732279",
                "count": 0
            },
            {
                "id": "61554164277699",
                "count": 0
            },
            {
                "id": "100073276730541",
                "count": 0
            },
            {
                "id": "100068860959210",
                "count": 0
            },
            {
                "id": "100091421190844",
                "count": 0
            },
            {
                "id": "100073402814348",
                "count": 0
            },
            {
                "id": "100091316801371",
                "count": 0
            },
            {
                "id": "100061900513897",
                "count": 0
            },
            {
                "id": "100095531012534",
                "count": 0
            },
            {
                "id": "100068958502060",
                "count": 0
            },
            {
                "id": "100087978954665",
                "count": 0
            },
            {
                "id": "100085321180551",
                "count": 0
            },
            {
                "id": "100078886906259",
                "count": 0
            },
            {
                "id": "100081357993506",
                "count": 0
            },
            {
                "id": "61555726002697",
                "count": 0
            },
            {
                "id": "61555651036121",
                "count": 0
            },
            {
                "id": "538578395",
                "count": 0
            },
            {
                "id": "100081751174269",
                "count": 0
            },
            {
                "id": "100072774606343",
                "count": 0
            },
            {
                "id": "100047456705381",
                "count": 0
            },
            {
                "id": "100080478378546",
                "count": 0
            },
            {
                "id": "100064155281925",
                "count": 0
            },
            {
                "id": "100082154241674",
                "count": 0
            },
            {
                "id": "100075184272681",
                "count": 0
            },
            {
                "id": "100069386794874",
                "count": 0
            },
            {
                "id": "100077925666453",
                "count": 0
            },
            {
                "id": "100087893191714",
                "count": 0
            },
            {
                "id": "100014177643484",
                "count": 0
            },
            {
                "id": "100081867094717",
                "count": 0
            },
            {
                "id": "100041297011668",
                "count": 0
            },
            {
                "id": "100053190949049",
                "count": 0
            },
            {
                "id": "100068760624370",
                "count": 0
            },
            {
                "id": "100064549933068",
                "count": 0
            },
            {
                "id": "100087256294578",
                "count": 0
            },
            {
                "id": "100085354149471",
                "count": 0
            },
            {
                "id": "100053471057028",
                "count": 0
            },
            {
                "id": "100081774144410",
                "count": 0
            },
            {
                "id": "100081150152131",
                "count": 0
            },
            {
                "id": "100083414765282",
                "count": 0
            },
            {
                "id": "100075138230154",
                "count": 0
            },
            {
                "id": "100024035709091",
                "count": 0
            },
            {
                "id": "100073410858484",
                "count": 0
            },
            {
                "id": "61553210856503",
                "count": 0
            },
            {
                "id": "100089548599478",
                "count": 0
            },
            {
                "id": "100069071951797",
                "count": 0
            },
            {
                "id": "100083535106615",
                "count": 0
            },
            {
                "id": "100051806235996",
                "count": 0
            },
            {
                "id": "100079068818227",
                "count": 0
            },
            {
                "id": "100056079560429",
                "count": 0
            },
            {
                "id": "61556439062923",
                "count": 0
            },
            {
                "id": "100084363526542",
                "count": 0
            },
            {
                "id": "100069980666770",
                "count": 0
            },
            {
                "id": "100054742632222",
                "count": 0
            },
            {
                "id": "100078952747452",
                "count": 0
            },
            {
                "id": "100054588199661",
                "count": 0
            },
            {
                "id": "100085060428096",
                "count": 0
            },
            {
                "id": "100074064003765",
                "count": 0
            },
            {
                "id": "100041610844231",
                "count": 0
            },
            {
                "id": "100063927560311",
                "count": 0
            },
            {
                "id": "100068691711852",
                "count": 0
            },
            {
                "id": "100078957134685",
                "count": 0
            },
            {
                "id": "100084181030290",
                "count": 0
            },
            {
                "id": "100089155935110",
                "count": 0
            },
            {
                "id": "100094751949770",
                "count": 0
            },
            {
                "id": "100082807269567",
                "count": 0
            },
            {
                "id": "61556799560514",
                "count": 0
            },
            {
                "id": "100049952174283",
                "count": 0
            },
            {
                "id": "100050926460229",
                "count": 0
            },
            {
                "id": "100093277495534",
                "count": 0
            },
            {
                "id": "100057810296093",
                "count": 0
            },
            {
                "id": "100084261662529",
                "count": 0
            },
            {
                "id": "100051076116049",
                "count": 0
            },
            {
                "id": "100089576476515",
                "count": 0
            },
            {
                "id": "100095375227521",
                "count": 0
            },
            {
                "id": "100090460094577",
                "count": 0
            },
            {
                "id": "100093630807185",
                "count": 0
            },
            {
                "id": "100058583591494",
                "count": 0
            },
            {
                "id": "100089352882349",
                "count": 0
            },
            {
                "id": "61551102220070",
                "count": 0
            },
            {
                "id": "100083326663023",
                "count": 0
            },
            {
                "id": "100088634905685",
                "count": 0
            },
            {
                "id": "100067795823817",
                "count": 0
            },
            {
                "id": "100076598211165",
                "count": 0
            },
            {
                "id": "100086996432789",
                "count": 0
            },
            {
                "id": "100053625313973",
                "count": 0
            },
            {
                "id": "100040053916060",
                "count": 0
            },
            {
                "id": "100075609579815",
                "count": 0
            },
            {
                "id": "61550993813635",
                "count": 0
            },
            {
                "id": "61556808419858",
                "count": 0
            },
            {
                "id": "100050527387691",
                "count": 0
            },
            {
                "id": "100058583417172",
                "count": 0
            },
            {
                "id": "100074687820292",
                "count": 0
            },
            {
                "id": "100033018346491",
                "count": 0
            },
            {
                "id": "100050999371837",
                "count": 0
            },
            {
                "id": "100075216610999",
                "count": 0
            },
            {
                "id": "100074989582648",
                "count": 0
            },
            {
                "id": "100079966012748",
                "count": 0
            }
        ],
        "week": [
            {
                "id": "100071330074323",
                "count": 0
            },
            {
                "id": "100091576656722",
                "count": 0
            },
            {
                "id": "100083128971445",
                "count": 0
            },
            {
                "id": "100063984036560",
                "count": 0
            },
            {
                "id": "100065801912842",
                "count": 0
            },
            {
                "id": "100073776745631",
                "count": 0
            },
            {
                "id": "100058243733434",
                "count": 0
            },
            {
                "id": "100082636134592",
                "count": 0
            },
            {
                "id": "100085405510639",
                "count": 0
            },
            {
                "id": "100036010152014",
                "count": 0
            },
            {
                "id": "100053687375348",
                "count": 0
            },
            {
                "id": "100082529546826",
                "count": 0
            },
            {
                "id": "100065524419842",
                "count": 0
            },
            {
                "id": "100062447143424",
                "count": 0
            },
            {
                "id": "100047886010196",
                "count": 0
            },
            {
                "id": "100081236928799",
                "count": 0
            },
            {
                "id": "100030375939658",
                "count": 0
            },
            {
                "id": "100090047205472",
                "count": 0
            },
            {
                "id": "100083948054204",
                "count": 0
            },
            {
                "id": "100076237045961",
                "count": 0
            },
            {
                "id": "100024944226777",
                "count": 0
            },
            {
                "id": "100073930542917",
                "count": 0
            },
            {
                "id": "100085539852607",
                "count": 0
            },
            {
                "id": "100080222831196",
                "count": 0
            },
            {
                "id": "100075082614522",
                "count": 0
            },
            {
                "id": "100082811946876",
                "count": 0
            },
            {
                "id": "100082196341756",
                "count": 0
            },
            {
                "id": "100083034093432",
                "count": 0
            },
            {
                "id": "100090756862810",
                "count": 0
            },
            {
                "id": "100089679246364",
                "count": 0
            },
            {
                "id": "100076274884631",
                "count": 0
            },
            {
                "id": "100092516727389",
                "count": 0
            },
            {
                "id": "100071145498088",
                "count": 0
            },
            {
                "id": "100055416582789",
                "count": 0
            },
            {
                "id": "100075367776389",
                "count": 0
            },
            {
                "id": "100071468155130",
                "count": 0
            },
            {
                "id": "100007552904185",
                "count": 0
            },
            {
                "id": "100080913170241",
                "count": 0
            },
            {
                "id": "100078092457875",
                "count": 0
            },
            {
                "id": "100085761484420",
                "count": 0
            },
            {
                "id": "100083548166363",
                "count": 0
            },
            {
                "id": "100057365411602",
                "count": 0
            },
            {
                "id": "100080655397962",
                "count": 0
            },
            {
                "id": "100091525464184",
                "count": 0
            },
            {
                "id": "100006155348307",
                "count": 0
            },
            {
                "id": "100086748032860",
                "count": 0
            },
            {
                "id": "100040619143829",
                "count": 0
            },
            {
                "id": "100080736420158",
                "count": 0
            },
            {
                "id": "100038245027818",
                "count": 0
            },
            {
                "id": "100008395188150",
                "count": 0
            },
            {
                "id": "100079979472813",
                "count": 0
            },
            {
                "id": "100027956533438",
                "count": 0
            },
            {
                "id": "100087565732279",
                "count": 0
            },
            {
                "id": "61554164277699",
                "count": 0
            },
            {
                "id": "100073276730541",
                "count": 0
            },
            {
                "id": "100068860959210",
                "count": 0
            },
            {
                "id": "100091421190844",
                "count": 0
            },
            {
                "id": "100073402814348",
                "count": 0
            },
            {
                "id": "100091316801371",
                "count": 0
            },
            {
                "id": "100061900513897",
                "count": 0
            },
            {
                "id": "100095531012534",
                "count": 0
            },
            {
                "id": "100068958502060",
                "count": 0
            },
            {
                "id": "100087978954665",
                "count": 0
            },
            {
                "id": "100085321180551",
                "count": 0
            },
            {
                "id": "100078886906259",
                "count": 0
            },
            {
                "id": "100081357993506",
                "count": 0
            },
            {
                "id": "61555726002697",
                "count": 0
            },
            {
                "id": "61555651036121",
                "count": 0
            },
            {
                "id": "538578395",
                "count": 0
            },
            {
                "id": "100081751174269",
                "count": 0
            },
            {
                "id": "100072774606343",
                "count": 0
            },
            {
                "id": "100047456705381",
                "count": 0
            },
            {
                "id": "100080478378546",
                "count": 0
            },
            {
                "id": "100064155281925",
                "count": 0
            },
            {
                "id": "100082154241674",
                "count": 0
            },
            {
                "id": "100075184272681",
                "count": 0
            },
            {
                "id": "100069386794874",
                "count": 0
            },
            {
                "id": "100077925666453",
                "count": 0
            },
            {
                "id": "100087893191714",
                "count": 0
            },
            {
                "id": "100014177643484",
                "count": 0
            },
            {
                "id": "100081867094717",
                "count": 0
            },
            {
                "id": "100041297011668",
                "count": 0
            },
            {
                "id": "100053190949049",
                "count": 0
            },
            {
                "id": "100068760624370",
                "count": 0
            },
            {
                "id": "100064549933068",
                "count": 0
            },
            {
                "id": "100087256294578",
                "count": 0
            },
            {
                "id": "100085354149471",
                "count": 0
            },
            {
                "id": "100053471057028",
                "count": 0
            },
            {
                "id": "100081774144410",
                "count": 0
            },
            {
                "id": "100081150152131",
                "count": 0
            },
            {
                "id": "100083414765282",
                "count": 0
            },
            {
                "id": "100075138230154",
                "count": 0
            },
            {
                "id": "100024035709091",
                "count": 0
            },
            {
                "id": "100073410858484",
                "count": 0
            },
            {
                "id": "61553210856503",
                "count": 0
            },
            {
                "id": "100089548599478",
                "count": 0
            },
            {
                "id": "100069071951797",
                "count": 0
            },
            {
                "id": "100083535106615",
                "count": 0
            },
            {
                "id": "100051806235996",
                "count": 0
            },
            {
                "id": "100079068818227",
                "count": 0
            },
            {
                "id": "100056079560429",
                "count": 0
            },
            {
                "id": "61556439062923",
                "count": 0
            },
            {
                "id": "100084363526542",
                "count": 0
            },
            {
                "id": "100069980666770",
                "count": 0
            },
            {
                "id": "100054742632222",
                "count": 0
            },
            {
                "id": "100078952747452",
                "count": 0
            },
            {
                "id": "100054588199661",
                "count": 0
            },
            {
                "id": "100085060428096",
                "count": 0
            },
            {
                "id": "100074064003765",
                "count": 0
            },
            {
                "id": "100041610844231",
                "count": 0
            },
            {
                "id": "100063927560311",
                "count": 0
            },
            {
                "id": "100068691711852",
                "count": 0
            },
            {
                "id": "100078957134685",
                "count": 0
            },
            {
                "id": "100084181030290",
                "count": 0
            },
            {
                "id": "100089155935110",
                "count": 0
            },
            {
                "id": "100094751949770",
                "count": 0
            },
            {
                "id": "100082807269567",
                "count": 0
            },
            {
                "id": "61556799560514",
                "count": 0
            },
            {
                "id": "100049952174283",
                "count": 0
            },
            {
                "id": "100050926460229",
                "count": 0
            },
            {
                "id": "100093277495534",
                "count": 0
            },
            {
                "id": "100057810296093",
                "count": 0
            },
            {
                "id": "100084261662529",
                "count": 0
            },
            {
                "id": "100051076116049",
                "count": 0
            },
            {
                "id": "100089576476515",
                "count": 0
            },
            {
                "id": "100095375227521",
                "count": 0
            },
            {
                "id": "100090460094577",
                "count": 0
            },
            {
                "id": "100093630807185",
                "count": 0
            },
            {
                "id": "100058583591494",
                "count": 0
            },
            {
                "id": "100089352882349",
                "count": 0
            },
            {
                "id": "61551102220070",
                "count": 0
            },
            {
                "id": "100083326663023",
                "count": 0
            },
            {
                "id": "100088634905685",
                "count": 0
            },
            {
                "id": "100067795823817",
                "count": 0
            },
            {
                "id": "100076598211165",
                "count": 0
            },
            {
                "id": "100086996432789",
                "count": 0
            },
            {
                "id": "100053625313973",
                "count": 0
            },
            {
                "id": "100040053916060",
                "count": 0
            },
            {
                "id": "100075609579815",
                "count": 0
            },
            {
                "id": "61550993813635",
                "count": 0
            },
            {
                "id": "61556808419858",
                "count": 0
            },
            {
                "id": "100050527387691",
                "count": 0
            },
            {
                "id": "100058583417172",
                "count": 0
            },
            {
                "id": "100074687820292",
                "count": 0
            },
            {
                "id": "100033018346491",
                "count": 0
            },
            {
                "id": "100050999371837",
                "count": 0
            },
            {
                "id": "100075216610999",
                "count": 0
            },
            {
                "id": "100074989582648",
                "count": 0
            },
            {
                "id": "100079966012748",
                "count": 0
            }
        ]
    }
}