{
    "total": [
        {
            "id": "100022938398397",
            "count": 0
        },
        {
            "id": "100083895376059",
            "count": 3
        },
        {
            "id": "100069635462259",
            "count": 70
        },
        {
            "id": "100054505594341",
            "count": 0
        },
        {
            "id": "100028271715651",
            "count": 22
        },
        {
            "id": "61557038280773",
            "count": 0
        },
        {
            "id": "100087157105680",
            "count": 0
        },
        {
            "id": "100007441749732",
            "count": 10
        },
        {
            "id": "61557501659583",
            "count": 0
        },
        {
            "id": "100010322868021",
            "count": 10
        },
        {
            "id": "100075799713092",
            "count": 1
        },
        {
            "id": "100039399366220",
            "count": 0
        },
        {
            "id": "100054568890501",
            "count": 2
        },
        {
            "id": "100078312706105",
            "count": 0
        },
        {
            "id": "100094292821528",
            "count": 0
        },
        {
            "id": "61556796980280",
            "count": 0
        },
        {
            "id": "100053038846228",
            "count": 3
        },
        {
            "id": "100079276905924",
            "count": 40
        },
        {
            "id": "100013446468022",
            "count": 0
        },
        {
            "id": "100057355330882",
            "count": 1
        },
        {
            "id": "100076332220113",
            "count": 1
        },
        {
            "id": "61551016824187",
            "count": 5
        },
        {
            "id": "100036991071825",
            "count": 0
        },
        {
            "id": "100021994540226",
            "count": 0
        },
        {
            "id": "100047723045826",
            "count": 9
        },
        {
            "id": "100030918690924",
            "count": 0
        },
        {
            "id": "100047603130784",
            "count": 0
        },
        {
            "id": "61556211419445",
            "count": 0
        },
        {
            "id": "100056756782136",
            "count": 0
        },
        {
            "id": "100017583939422",
            "count": 4
        },
        {
            "id": "100014830152004",
            "count": 1
        },
        {
            "id": "100093199219990",
            "count": 0
        },
        {
            "id": "100093569061830",
            "count": 2
        },
        {
            "id": "100053410298058",
            "count": 0
        },
        {
            "id": "100068383224287",
            "count": 1
        },
        {
            "id": "100083430352915",
            "count": 0
        },
        {
            "id": "100053936630982",
            "count": 6
        },
        {
            "id": "100071236856861",
            "count": 0
        },
        {
            "id": "100075216610999",
            "count": 40
        },
        {
            "id": "100030479267705",
            "count": 14
        }
    ],
    "week": [
        {
            "id": "100022938398397",
            "count": 0,
            "name": "Người dùng facebook"
        },
        {
            "id": "100083895376059",
            "count": 0,
            "name": "Người dùng facebook"
        },
        {
            "id": "100069635462259",
            "count": 0,
            "name": "Người dùng facebook"
        },
        {
            "id": "100054505594341",
            "count": 0,
            "name": "Người dùng facebook"
        },
        {
            "id": "100028271715651",
            "count": 0,
            "name": "Người dùng facebook"
        },
        {
            "id": "61557038280773",
            "count": 0,
            "name": "Người dùng facebook"
        },
        {
            "id": "100087157105680",
            "count": 0,
            "name": "Người dùng facebook"
        },
        {
            "id": "100007441749732",
            "count": 0,
            "name": "Người dùng facebook"
        },
        {
            "id": "61557501659583",
            "count": 0,
            "name": "Người dùng facebook"
        },
        {
            "id": "100010322868021",
            "count": 0,
            "name": "Người dùng facebook"
        },
        {
            "id": "100075799713092",
            "count": 0,
            "name": "Người dùng facebook"
        },
        {
            "id": "100039399366220",
            "count": 0,
            "name": "Người dùng facebook"
        },
        {
            "id": "100054568890501",
            "count": 0,
            "name": "Người dùng facebook"
        },
        {
            "id": "100078312706105",
            "count": 0,
            "name": "Người dùng facebook"
        },
        {
            "id": "100094292821528",
            "count": 0,
            "name": "Người dùng facebook"
        },
        {
            "id": "61556796980280",
            "count": 0,
            "name": "Người dùng facebook"
        },
        {
            "id": "100053038846228",
            "count": 0,
            "name": "Người dùng facebook"
        },
        {
            "id": "100079276905924",
            "count": 0,
            "name": "Trần T.Anh"
        },
        {
            "id": "100013446468022",
            "count": 0,
            "name": "Người dùng facebook"
        },
        {
            "id": "100057355330882",
            "count": 0,
            "name": "Người dùng facebook"
        },
        {
            "id": "100076332220113",
            "count": 0,
            "name": "Người dùng facebook"
        },
        {
            "id": "61551016824187",
            "count": 0,
            "name": "Người dùng facebook"
        },
        {
            "id": "100036991071825",
            "count": 0,
            "name": "Người dùng facebook"
        },
        {
            "id": "100021994540226",
            "count": 0,
            "name": "Người dùng facebook"
        },
        {
            "id": "100047723045826",
            "count": 0,
            "name": "Người dùng facebook"
        },
        {
            "id": "100030918690924",
            "count": 0,
            "name": "Người dùng facebook"
        },
        {
            "id": "100047603130784",
            "count": 0,
            "name": "Người dùng facebook"
        },
        {
            "id": "61556211419445",
            "count": 0,
            "name": "Người dùng facebook"
        },
        {
            "id": "100056756782136",
            "count": 0,
            "name": "Người dùng facebook"
        },
        {
            "id": "100017583939422",
            "count": 0,
            "name": "Người dùng facebook"
        },
        {
            "id": "100014830152004",
            "count": 0,
            "name": "Người dùng facebook"
        },
        {
            "id": "100093199219990",
            "count": 0,
            "name": "Người dùng facebook"
        },
        {
            "id": "100093569061830",
            "count": 0,
            "name": "Người dùng facebook"
        },
        {
            "id": "100053410298058",
            "count": 0,
            "name": "Người dùng facebook"
        },
        {
            "id": "100068383224287",
            "count": 0,
            "name": "Người dùng facebook"
        },
        {
            "id": "100083430352915",
            "count": 0,
            "name": "Người dùng facebook"
        },
        {
            "id": "100053936630982",
            "count": 0,
            "name": "Người dùng facebook"
        },
        {
            "id": "100071236856861",
            "count": 0,
            "name": "Người dùng facebook"
        },
        {
            "id": "100075216610999",
            "count": 0,
            "name": "Hyouka Granger"
        },
        {
            "id": "100030479267705",
            "count": 0,
            "name": "Người dùng facebook"
        }
    ],
    "day": [
        {
            "id": "100022938398397",
            "count": 0,
            "name": "Người dùng facebook"
        },
        {
            "id": "100083895376059",
            "count": 0,
            "name": "Người dùng facebook"
        },
        {
            "id": "100069635462259",
            "count": 0,
            "name": "Người dùng facebook"
        },
        {
            "id": "100054505594341",
            "count": 0,
            "name": "Người dùng facebook"
        },
        {
            "id": "100028271715651",
            "count": 0,
            "name": "Người dùng facebook"
        },
        {
            "id": "61557038280773",
            "count": 0,
            "name": "Người dùng facebook"
        },
        {
            "id": "100087157105680",
            "count": 0,
            "name": "Người dùng facebook"
        },
        {
            "id": "100007441749732",
            "count": 0,
            "name": "Người dùng facebook"
        },
        {
            "id": "61557501659583",
            "count": 0,
            "name": "Người dùng facebook"
        },
        {
            "id": "100010322868021",
            "count": 0,
            "name": "Người dùng facebook"
        },
        {
            "id": "100075799713092",
            "count": 0,
            "name": "Người dùng facebook"
        },
        {
            "id": "100039399366220",
            "count": 0,
            "name": "Người dùng facebook"
        },
        {
            "id": "100054568890501",
            "count": 0,
            "name": "Người dùng facebook"
        },
        {
            "id": "100078312706105",
            "count": 0,
            "name": "Người dùng facebook"
        },
        {
            "id": "100094292821528",
            "count": 0,
            "name": "Người dùng facebook"
        },
        {
            "id": "61556796980280",
            "count": 0,
            "name": "Người dùng facebook"
        },
        {
            "id": "100053038846228",
            "count": 0,
            "name": "Người dùng facebook"
        },
        {
            "id": "100079276905924",
            "count": 0,
            "name": "Trần T.Anh"
        },
        {
            "id": "100013446468022",
            "count": 0,
            "name": "Người dùng facebook"
        },
        {
            "id": "100057355330882",
            "count": 0,
            "name": "Người dùng facebook"
        },
        {
            "id": "100076332220113",
            "count": 0,
            "name": "Người dùng facebook"
        },
        {
            "id": "61551016824187",
            "count": 0,
            "name": "Người dùng facebook"
        },
        {
            "id": "100036991071825",
            "count": 0,
            "name": "Người dùng facebook"
        },
        {
            "id": "100021994540226",
            "count": 0,
            "name": "Người dùng facebook"
        },
        {
            "id": "100047723045826",
            "count": 0,
            "name": "Người dùng facebook"
        },
        {
            "id": "100030918690924",
            "count": 0,
            "name": "Người dùng facebook"
        },
        {
            "id": "100047603130784",
            "count": 0,
            "name": "Người dùng facebook"
        },
        {
            "id": "61556211419445",
            "count": 0,
            "name": "Người dùng facebook"
        },
        {
            "id": "100056756782136",
            "count": 0,
            "name": "Người dùng facebook"
        },
        {
            "id": "100017583939422",
            "count": 0,
            "name": "Người dùng facebook"
        },
        {
            "id": "100014830152004",
            "count": 0,
            "name": "Người dùng facebook"
        },
        {
            "id": "100093199219990",
            "count": 0,
            "name": "Người dùng facebook"
        },
        {
            "id": "100093569061830",
            "count": 0,
            "name": "Người dùng facebook"
        },
        {
            "id": "100053410298058",
            "count": 0,
            "name": "Người dùng facebook"
        },
        {
            "id": "100068383224287",
            "count": 0,
            "name": "Người dùng facebook"
        },
        {
            "id": "100083430352915",
            "count": 0,
            "name": "Người dùng facebook"
        },
        {
            "id": "100053936630982",
            "count": 0,
            "name": "Người dùng facebook"
        },
        {
            "id": "100071236856861",
            "count": 0,
            "name": "Người dùng facebook"
        },
        {
            "id": "100075216610999",
            "count": 0,
            "name": "Hyouka Granger"
        },
        {
            "id": "100030479267705",
            "count": 0,
            "name": "Người dùng facebook"
        }
    ],
    "time": 5,
    "last": {
        "time": 0,
        "day": [
            {
                "id": "100022938398397",
                "count": 0
            },
            {
                "id": "100083895376059",
                "count": 0
            },
            {
                "id": "100069635462259",
                "count": 0
            },
            {
                "id": "100054505594341",
                "count": 0
            },
            {
                "id": "100028271715651",
                "count": 0
            },
            {
                "id": "61557038280773",
                "count": 0
            },
            {
                "id": "100087157105680",
                "count": 0
            },
            {
                "id": "100007441749732",
                "count": 0
            },
            {
                "id": "61557501659583",
                "count": 0
            },
            {
                "id": "100010322868021",
                "count": 0
            },
            {
                "id": "100075799713092",
                "count": 0
            },
            {
                "id": "100039399366220",
                "count": 0
            },
            {
                "id": "100054568890501",
                "count": 0
            },
            {
                "id": "100078312706105",
                "count": 0
            },
            {
                "id": "100094292821528",
                "count": 0
            },
            {
                "id": "61556796980280",
                "count": 0
            },
            {
                "id": "100053038846228",
                "count": 0
            },
            {
                "id": "100079276905924",
                "count": 0
            },
            {
                "id": "100013446468022",
                "count": 0
            },
            {
                "id": "100057355330882",
                "count": 0
            },
            {
                "id": "100076332220113",
                "count": 0
            },
            {
                "id": "61551016824187",
                "count": 0
            },
            {
                "id": "100036991071825",
                "count": 0
            },
            {
                "id": "100021994540226",
                "count": 0
            },
            {
                "id": "100047723045826",
                "count": 0
            },
            {
                "id": "100030918690924",
                "count": 0
            },
            {
                "id": "100047603130784",
                "count": 0
            },
            {
                "id": "61556211419445",
                "count": 0
            },
            {
                "id": "100056756782136",
                "count": 0
            },
            {
                "id": "100017583939422",
                "count": 0
            },
            {
                "id": "100014830152004",
                "count": 0
            },
            {
                "id": "100093199219990",
                "count": 0
            },
            {
                "id": "100093569061830",
                "count": 0
            },
            {
                "id": "100053410298058",
                "count": 0
            },
            {
                "id": "100068383224287",
                "count": 0
            },
            {
                "id": "100083430352915",
                "count": 0
            },
            {
                "id": "100041079390776",
                "count": 0
            },
            {
                "id": "100053936630982",
                "count": 0
            },
            {
                "id": "100071236856861",
                "count": 0
            },
            {
                "id": "100075216610999",
                "count": 0
            },
            {
                "id": "100055356982048",
                "count": 0
            },
            {
                "id": "100030479267705",
                "count": 0
            }
        ],
        "week": [
            {
                "id": "100022938398397",
                "count": 0
            },
            {
                "id": "100083895376059",
                "count": 0
            },
            {
                "id": "100069635462259",
                "count": 0
            },
            {
                "id": "100054505594341",
                "count": 0
            },
            {
                "id": "100028271715651",
                "count": 0
            },
            {
                "id": "61557038280773",
                "count": 0
            },
            {
                "id": "100087157105680",
                "count": 0
            },
            {
                "id": "100007441749732",
                "count": 0
            },
            {
                "id": "61557501659583",
                "count": 0
            },
            {
                "id": "100010322868021",
                "count": 0
            },
            {
                "id": "100075799713092",
                "count": 0
            },
            {
                "id": "100039399366220",
                "count": 0
            },
            {
                "id": "100054568890501",
                "count": 0
            },
            {
                "id": "100078312706105",
                "count": 0
            },
            {
                "id": "100094292821528",
                "count": 0
            },
            {
                "id": "61556796980280",
                "count": 0
            },
            {
                "id": "100053038846228",
                "count": 0
            },
            {
                "id": "100079276905924",
                "count": 0
            },
            {
                "id": "100013446468022",
                "count": 0
            },
            {
                "id": "100057355330882",
                "count": 0
            },
            {
                "id": "100076332220113",
                "count": 0
            },
            {
                "id": "61551016824187",
                "count": 0
            },
            {
                "id": "100036991071825",
                "count": 0
            },
            {
                "id": "100021994540226",
                "count": 0
            },
            {
                "id": "100047723045826",
                "count": 0
            },
            {
                "id": "100030918690924",
                "count": 0
            },
            {
                "id": "100047603130784",
                "count": 0
            },
            {
                "id": "61556211419445",
                "count": 0
            },
            {
                "id": "100056756782136",
                "count": 0
            },
            {
                "id": "100017583939422",
                "count": 0
            },
            {
                "id": "100014830152004",
                "count": 0
            },
            {
                "id": "100093199219990",
                "count": 0
            },
            {
                "id": "100093569061830",
                "count": 0
            },
            {
                "id": "100053410298058",
                "count": 0
            },
            {
                "id": "100068383224287",
                "count": 0
            },
            {
                "id": "100083430352915",
                "count": 0
            },
            {
                "id": "100041079390776",
                "count": 0
            },
            {
                "id": "100053936630982",
                "count": 0
            },
            {
                "id": "100071236856861",
                "count": 0
            },
            {
                "id": "100075216610999",
                "count": 0
            },
            {
                "id": "100055356982048",
                "count": 0
            },
            {
                "id": "100030479267705",
                "count": 0
            }
        ]
    }
}