{
    "total": [
        {
            "id": "100051941207833",
            "count": 0
        },
        {
            "id": "100072652983173",
            "count": 0
        },
        {
            "id": "100045279791001",
            "count": 0
        },
        {
            "id": "100079871204212",
            "count": 0
        },
        {
            "id": "100088902912292",
            "count": 0
        },
        {
            "id": "100090537261514",
            "count": 0
        },
        {
            "id": "100090481286996",
            "count": 0
        },
        {
            "id": "100092982923368",
            "count": 0
        },
        {
            "id": "100093470077059",
            "count": 44
        },
        {
            "id": "100093723706541",
            "count": 0
        },
        {
            "id": "100079386695838",
            "count": 3
        },
        {
            "id": "100061850438289",
            "count": 2
        },
        {
            "id": "100078247112607",
            "count": 31
        },
        {
            "id": "100083791308755",
            "count": 0
        },
        {
            "id": "100087614991589",
            "count": 0
        },
        {
            "id": "100074188788622",
            "count": 0
        },
        {
            "id": "100091490898662",
            "count": 0
        },
        {
            "id": "100077596314396",
            "count": 8
        },
        {
            "id": "100091610710084",
            "count": 0
        },
        {
            "id": "100088916357257",
            "count": 0
        },
        {
            "id": "100091646240934",
            "count": 2
        },
        {
            "id": "100084455647891",
            "count": 0
        },
        {
            "id": "100088811627869",
            "count": 0
        },
        {
            "id": "100082910666394",
            "count": 0
        },
        {
            "id": "100075586951627",
            "count": 0
        },
        {
            "id": "100086275161249",
            "count": 0
        },
        {
            "id": "100083084113626",
            "count": 0
        },
        {
            "id": "100078731953261",
            "count": 0
        },
        {
            "id": "100048586674877",
            "count": 0
        },
        {
            "id": "61550546517288",
            "count": 0
        },
        {
            "id": "100059390802378",
            "count": 0
        },
        {
            "id": "100088338784987",
            "count": 0
        },
        {
            "id": "61552546474490",
            "count": 0
        },
        {
            "id": "100072739879196",
            "count": 2
        },
        {
            "id": "61550011911450",
            "count": 0
        },
        {
            "id": "100092477287520",
            "count": 0
        },
        {
            "id": "100071711284105",
            "count": 0
        },
        {
            "id": "100094041772729",
            "count": 0
        },
        {
            "id": "61550976285449",
            "count": 0
        },
        {
            "id": "61550589531329",
            "count": 0
        },
        {
            "id": "61554269168136",
            "count": 0
        },
        {
            "id": "1014045018",
            "count": 2
        },
        {
            "id": "61555337631426",
            "count": 0
        },
        {
            "id": "100085115461642",
            "count": 0
        },
        {
            "id": "100085044165042",
            "count": 0
        },
        {
            "id": "100064497219856",
            "count": 27
        },
        {
            "id": "100053389634667",
            "count": 0
        },
        {
            "id": "61556007522734",
            "count": 0
        },
        {
            "id": "100089944032906",
            "count": 0
        },
        {
            "id": "61550056254218",
            "count": 0
        },
        {
            "id": "61551005697486",
            "count": 54
        },
        {
            "id": "100087926354491",
            "count": 0
        },
        {
            "id": "100073920794952",
            "count": 13
        },
        {
            "id": "61556355662620",
            "count": 0
        },
        {
            "id": "100067055768969",
            "count": 123
        },
        {
            "id": "100087993527998",
            "count": 0
        },
        {
            "id": "100094405953157",
            "count": 0
        },
        {
            "id": "100091734674963",
            "count": 10
        },
        {
            "id": "61550317321806",
            "count": 0
        },
        {
            "id": "100086293984693",
            "count": 0
        },
        {
            "id": "100050999371837",
            "count": 57
        },
        {
            "id": "61557161942074",
            "count": 173
        }
    ],
    "week": [
        {
            "id": "100051941207833",
            "count": 0,
            "name": "Người dùng facebook"
        },
        {
            "id": "100072652983173",
            "count": 0,
            "name": "Người dùng facebook"
        },
        {
            "id": "100045279791001",
            "count": 0,
            "name": "Người dùng facebook"
        },
        {
            "id": "100079871204212",
            "count": 0,
            "name": "Người dùng facebook"
        },
        {
            "id": "100088902912292",
            "count": 0,
            "name": "Người dùng facebook"
        },
        {
            "id": "100090537261514",
            "count": 0,
            "name": "Người dùng facebook"
        },
        {
            "id": "100090481286996",
            "count": 0,
            "name": "Người dùng facebook"
        },
        {
            "id": "100092982923368",
            "count": 0,
            "name": "Người dùng facebook"
        },
        {
            "id": "100093470077059",
            "count": 0,
            "name": "Người dùng facebook"
        },
        {
            "id": "100093723706541",
            "count": 0,
            "name": "Người dùng facebook"
        },
        {
            "id": "100079386695838",
            "count": 0,
            "name": "Người dùng facebook"
        },
        {
            "id": "100061850438289",
            "count": 0,
            "name": "Người dùng facebook"
        },
        {
            "id": "100078247112607",
            "count": 0,
            "name": "Người dùng facebook"
        },
        {
            "id": "100083791308755",
            "count": 0,
            "name": "Người dùng facebook"
        },
        {
            "id": "100087614991589",
            "count": 0,
            "name": "Người dùng facebook"
        },
        {
            "id": "100074188788622",
            "count": 0,
            "name": "Người dùng facebook"
        },
        {
            "id": "100091490898662",
            "count": 0,
            "name": "Người dùng facebook"
        },
        {
            "id": "100077596314396",
            "count": 0,
            "name": "Người dùng facebook"
        },
        {
            "id": "100091610710084",
            "count": 0,
            "name": "Người dùng facebook"
        },
        {
            "id": "100088916357257",
            "count": 0,
            "name": "Người dùng facebook"
        },
        {
            "id": "100091646240934",
            "count": 0,
            "name": "Người dùng facebook"
        },
        {
            "id": "100084455647891",
            "count": 0,
            "name": "Người dùng facebook"
        },
        {
            "id": "100088811627869",
            "count": 0,
            "name": "Người dùng facebook"
        },
        {
            "id": "100082910666394",
            "count": 0,
            "name": "Người dùng facebook"
        },
        {
            "id": "100075586951627",
            "count": 0,
            "name": "Người dùng facebook"
        },
        {
            "id": "100086275161249",
            "count": 0,
            "name": "Người dùng facebook"
        },
        {
            "id": "100083084113626",
            "count": 0,
            "name": "Người dùng facebook"
        },
        {
            "id": "100078731953261",
            "count": 0,
            "name": "Người dùng facebook"
        },
        {
            "id": "100048586674877",
            "count": 0,
            "name": "Người dùng facebook"
        },
        {
            "id": "61550546517288",
            "count": 0,
            "name": "Người dùng facebook"
        },
        {
            "id": "100059390802378",
            "count": 0,
            "name": "Người dùng facebook"
        },
        {
            "id": "100088338784987",
            "count": 0,
            "name": "Người dùng facebook"
        },
        {
            "id": "61552546474490",
            "count": 0,
            "name": "Người dùng facebook"
        },
        {
            "id": "100072739879196",
            "count": 0,
            "name": "Người dùng facebook"
        },
        {
            "id": "61550011911450",
            "count": 0,
            "name": "Người dùng facebook"
        },
        {
            "id": "100092477287520",
            "count": 0,
            "name": "Người dùng facebook"
        },
        {
            "id": "100071711284105",
            "count": 0,
            "name": "Người dùng facebook"
        },
        {
            "id": "100094041772729",
            "count": 0,
            "name": "Người dùng facebook"
        },
        {
            "id": "61550976285449",
            "count": 0,
            "name": "Người dùng facebook"
        },
        {
            "id": "61550589531329",
            "count": 0,
            "name": "Người dùng facebook"
        },
        {
            "id": "61554269168136",
            "count": 0,
            "name": "Người dùng facebook"
        },
        {
            "id": "1014045018",
            "count": 0,
            "name": "Người dùng facebook"
        },
        {
            "id": "61555337631426",
            "count": 0,
            "name": "Người dùng facebook"
        },
        {
            "id": "100085115461642",
            "count": 0,
            "name": "Người dùng facebook"
        },
        {
            "id": "100085044165042",
            "count": 0,
            "name": "Người dùng facebook"
        },
        {
            "id": "100064497219856",
            "count": 0,
            "name": "Người dùng facebook"
        },
        {
            "id": "100053389634667",
            "count": 0,
            "name": "Người dùng facebook"
        },
        {
            "id": "61556007522734",
            "count": 0,
            "name": "Người dùng facebook"
        },
        {
            "id": "100089944032906",
            "count": 0,
            "name": "Người dùng facebook"
        },
        {
            "id": "61550056254218",
            "count": 0,
            "name": "Người dùng facebook"
        },
        {
            "id": "61551005697486",
            "count": 0,
            "name": "Người dùng facebook"
        },
        {
            "id": "100087926354491",
            "count": 0,
            "name": "Người dùng facebook"
        },
        {
            "id": "100073920794952",
            "count": 0,
            "name": "Người dùng facebook"
        },
        {
            "id": "61556355662620",
            "count": 0,
            "name": "Người dùng facebook"
        },
        {
            "id": "100067055768969",
            "count": 0,
            "name": "Người dùng facebook"
        },
        {
            "id": "100087993527998",
            "count": 0,
            "name": "Người dùng facebook"
        },
        {
            "id": "100094405953157",
            "count": 0,
            "name": "Người dùng facebook"
        },
        {
            "id": "100091734674963",
            "count": 0,
            "name": "Người dùng facebook"
        },
        {
            "id": "61550317321806",
            "count": 0,
            "name": "Người dùng facebook"
        },
        {
            "id": "100086293984693",
            "count": 0,
            "name": "Người dùng facebook"
        },
        {
            "id": "100050999371837",
            "count": 0,
            "name": "Tiến Nguyễn"
        },
        {
            "id": "61557161942074",
            "count": 0,
            "name": "Người dùng facebook"
        }
    ],
    "day": [
        {
            "id": "100051941207833",
            "count": 0,
            "name": "Người dùng facebook"
        },
        {
            "id": "100072652983173",
            "count": 0,
            "name": "Người dùng facebook"
        },
        {
            "id": "100045279791001",
            "count": 0,
            "name": "Người dùng facebook"
        },
        {
            "id": "100079871204212",
            "count": 0,
            "name": "Người dùng facebook"
        },
        {
            "id": "100088902912292",
            "count": 0,
            "name": "Người dùng facebook"
        },
        {
            "id": "100090537261514",
            "count": 0,
            "name": "Người dùng facebook"
        },
        {
            "id": "100090481286996",
            "count": 0,
            "name": "Người dùng facebook"
        },
        {
            "id": "100092982923368",
            "count": 0,
            "name": "Người dùng facebook"
        },
        {
            "id": "100093470077059",
            "count": 0,
            "name": "Người dùng facebook"
        },
        {
            "id": "100093723706541",
            "count": 0,
            "name": "Người dùng facebook"
        },
        {
            "id": "100079386695838",
            "count": 0,
            "name": "Người dùng facebook"
        },
        {
            "id": "100061850438289",
            "count": 0,
            "name": "Người dùng facebook"
        },
        {
            "id": "100078247112607",
            "count": 0,
            "name": "Người dùng facebook"
        },
        {
            "id": "100083791308755",
            "count": 0,
            "name": "Người dùng facebook"
        },
        {
            "id": "100087614991589",
            "count": 0,
            "name": "Người dùng facebook"
        },
        {
            "id": "100074188788622",
            "count": 0,
            "name": "Người dùng facebook"
        },
        {
            "id": "100091490898662",
            "count": 0,
            "name": "Người dùng facebook"
        },
        {
            "id": "100077596314396",
            "count": 0,
            "name": "Người dùng facebook"
        },
        {
            "id": "100091610710084",
            "count": 0,
            "name": "Người dùng facebook"
        },
        {
            "id": "100088916357257",
            "count": 0,
            "name": "Người dùng facebook"
        },
        {
            "id": "100091646240934",
            "count": 0,
            "name": "Người dùng facebook"
        },
        {
            "id": "100084455647891",
            "count": 0,
            "name": "Người dùng facebook"
        },
        {
            "id": "100088811627869",
            "count": 0,
            "name": "Người dùng facebook"
        },
        {
            "id": "100082910666394",
            "count": 0,
            "name": "Người dùng facebook"
        },
        {
            "id": "100075586951627",
            "count": 0,
            "name": "Người dùng facebook"
        },
        {
            "id": "100086275161249",
            "count": 0,
            "name": "Người dùng facebook"
        },
        {
            "id": "100083084113626",
            "count": 0,
            "name": "Người dùng facebook"
        },
        {
            "id": "100078731953261",
            "count": 0,
            "name": "Người dùng facebook"
        },
        {
            "id": "100048586674877",
            "count": 0,
            "name": "Người dùng facebook"
        },
        {
            "id": "61550546517288",
            "count": 0,
            "name": "Người dùng facebook"
        },
        {
            "id": "100059390802378",
            "count": 0,
            "name": "Người dùng facebook"
        },
        {
            "id": "100088338784987",
            "count": 0,
            "name": "Người dùng facebook"
        },
        {
            "id": "61552546474490",
            "count": 0,
            "name": "Người dùng facebook"
        },
        {
            "id": "100072739879196",
            "count": 0,
            "name": "Người dùng facebook"
        },
        {
            "id": "61550011911450",
            "count": 0,
            "name": "Người dùng facebook"
        },
        {
            "id": "100092477287520",
            "count": 0,
            "name": "Người dùng facebook"
        },
        {
            "id": "100071711284105",
            "count": 0,
            "name": "Người dùng facebook"
        },
        {
            "id": "100094041772729",
            "count": 0,
            "name": "Người dùng facebook"
        },
        {
            "id": "61550976285449",
            "count": 0,
            "name": "Người dùng facebook"
        },
        {
            "id": "61550589531329",
            "count": 0,
            "name": "Người dùng facebook"
        },
        {
            "id": "61554269168136",
            "count": 0,
            "name": "Người dùng facebook"
        },
        {
            "id": "1014045018",
            "count": 0,
            "name": "Người dùng facebook"
        },
        {
            "id": "61555337631426",
            "count": 0,
            "name": "Người dùng facebook"
        },
        {
            "id": "100085115461642",
            "count": 0,
            "name": "Người dùng facebook"
        },
        {
            "id": "100085044165042",
            "count": 0,
            "name": "Người dùng facebook"
        },
        {
            "id": "100064497219856",
            "count": 0,
            "name": "Người dùng facebook"
        },
        {
            "id": "100053389634667",
            "count": 0,
            "name": "Người dùng facebook"
        },
        {
            "id": "61556007522734",
            "count": 0,
            "name": "Người dùng facebook"
        },
        {
            "id": "100089944032906",
            "count": 0,
            "name": "Người dùng facebook"
        },
        {
            "id": "61550056254218",
            "count": 0,
            "name": "Người dùng facebook"
        },
        {
            "id": "61551005697486",
            "count": 0,
            "name": "Người dùng facebook"
        },
        {
            "id": "100087926354491",
            "count": 0,
            "name": "Người dùng facebook"
        },
        {
            "id": "100073920794952",
            "count": 0,
            "name": "Người dùng facebook"
        },
        {
            "id": "61556355662620",
            "count": 0,
            "name": "Người dùng facebook"
        },
        {
            "id": "100067055768969",
            "count": 0,
            "name": "Người dùng facebook"
        },
        {
            "id": "100087993527998",
            "count": 0,
            "name": "Người dùng facebook"
        },
        {
            "id": "100094405953157",
            "count": 0,
            "name": "Người dùng facebook"
        },
        {
            "id": "100091734674963",
            "count": 0,
            "name": "Người dùng facebook"
        },
        {
            "id": "61550317321806",
            "count": 0,
            "name": "Người dùng facebook"
        },
        {
            "id": "100086293984693",
            "count": 0,
            "name": "Người dùng facebook"
        },
        {
            "id": "100050999371837",
            "count": 0,
            "name": "Tiến Nguyễn"
        },
        {
            "id": "61557161942074",
            "count": 0,
            "name": "Người dùng facebook"
        }
    ],
    "time": 5,
    "last": {
        "time": 1,
        "day": [
            {
                "id": "100051941207833",
                "count": 0
            },
            {
                "id": "100072652983173",
                "count": 0
            },
            {
                "id": "100045279791001",
                "count": 0
            },
            {
                "id": "100079871204212",
                "count": 0
            },
            {
                "id": "100088902912292",
                "count": 0
            },
            {
                "id": "100090537261514",
                "count": 0
            },
            {
                "id": "100090481286996",
                "count": 0
            },
            {
                "id": "100092982923368",
                "count": 0
            },
            {
                "id": "100093470077059",
                "count": 0
            },
            {
                "id": "100093723706541",
                "count": 0
            },
            {
                "id": "100079386695838",
                "count": 0
            },
            {
                "id": "100061850438289",
                "count": 0
            },
            {
                "id": "100078247112607",
                "count": 0
            },
            {
                "id": "100083791308755",
                "count": 0
            },
            {
                "id": "100087614991589",
                "count": 0
            },
            {
                "id": "100074188788622",
                "count": 0
            },
            {
                "id": "100091490898662",
                "count": 0
            },
            {
                "id": "100077596314396",
                "count": 0
            },
            {
                "id": "100091610710084",
                "count": 0
            },
            {
                "id": "100088916357257",
                "count": 0
            },
            {
                "id": "100091646240934",
                "count": 0
            },
            {
                "id": "100084455647891",
                "count": 0
            },
            {
                "id": "100088811627869",
                "count": 0
            },
            {
                "id": "100082910666394",
                "count": 0
            },
            {
                "id": "100075586951627",
                "count": 0
            },
            {
                "id": "100086275161249",
                "count": 0
            },
            {
                "id": "100083084113626",
                "count": 0
            },
            {
                "id": "100078731953261",
                "count": 0
            },
            {
                "id": "100048586674877",
                "count": 0
            },
            {
                "id": "61550546517288",
                "count": 0
            },
            {
                "id": "100059390802378",
                "count": 0
            },
            {
                "id": "100088338784987",
                "count": 0
            },
            {
                "id": "61552546474490",
                "count": 0
            },
            {
                "id": "100072739879196",
                "count": 0
            },
            {
                "id": "61550011911450",
                "count": 0
            },
            {
                "id": "100092477287520",
                "count": 0
            },
            {
                "id": "100071711284105",
                "count": 0
            },
            {
                "id": "100094041772729",
                "count": 0
            },
            {
                "id": "61550976285449",
                "count": 0
            },
            {
                "id": "61550589531329",
                "count": 0
            },
            {
                "id": "61554269168136",
                "count": 0
            },
            {
                "id": "1014045018",
                "count": 0
            },
            {
                "id": "61555337631426",
                "count": 0
            },
            {
                "id": "100085115461642",
                "count": 0
            },
            {
                "id": "100085044165042",
                "count": 0
            },
            {
                "id": "100064497219856",
                "count": 0
            },
            {
                "id": "100053389634667",
                "count": 0
            },
            {
                "id": "61556007522734",
                "count": 0
            },
            {
                "id": "100089944032906",
                "count": 0
            },
            {
                "id": "61550056254218",
                "count": 0
            },
            {
                "id": "61551005697486",
                "count": 0
            },
            {
                "id": "100087926354491",
                "count": 0
            },
            {
                "id": "100073920794952",
                "count": 0
            },
            {
                "id": "61556355662620",
                "count": 0
            },
            {
                "id": "100067055768969",
                "count": 0
            },
            {
                "id": "100087993527998",
                "count": 0
            },
            {
                "id": "100094405953157",
                "count": 0
            },
            {
                "id": "100091734674963",
                "count": 0
            },
            {
                "id": "61550317321806",
                "count": 0
            },
            {
                "id": "100086293984693",
                "count": 0
            },
            {
                "id": "100050999371837",
                "count": 0
            },
            {
                "id": "61557161942074",
                "count": 0
            }
        ],
        "week": [
            {
                "id": "100051941207833",
                "count": 0
            },
            {
                "id": "100072652983173",
                "count": 0
            },
            {
                "id": "100045279791001",
                "count": 0
            },
            {
                "id": "100079871204212",
                "count": 0
            },
            {
                "id": "100088902912292",
                "count": 0
            },
            {
                "id": "100090537261514",
                "count": 0
            },
            {
                "id": "100090481286996",
                "count": 0
            },
            {
                "id": "100092982923368",
                "count": 0
            },
            {
                "id": "100093470077059",
                "count": 0
            },
            {
                "id": "100093723706541",
                "count": 0
            },
            {
                "id": "100079386695838",
                "count": 0
            },
            {
                "id": "100061850438289",
                "count": 0
            },
            {
                "id": "100078247112607",
                "count": 0
            },
            {
                "id": "100083791308755",
                "count": 0
            },
            {
                "id": "100087614991589",
                "count": 0
            },
            {
                "id": "100074188788622",
                "count": 0
            },
            {
                "id": "100091490898662",
                "count": 0
            },
            {
                "id": "100077596314396",
                "count": 0
            },
            {
                "id": "100091610710084",
                "count": 0
            },
            {
                "id": "100088916357257",
                "count": 0
            },
            {
                "id": "100091646240934",
                "count": 0
            },
            {
                "id": "100084455647891",
                "count": 0
            },
            {
                "id": "100088811627869",
                "count": 0
            },
            {
                "id": "100082910666394",
                "count": 0
            },
            {
                "id": "100075586951627",
                "count": 0
            },
            {
                "id": "100086275161249",
                "count": 0
            },
            {
                "id": "100083084113626",
                "count": 0
            },
            {
                "id": "100078731953261",
                "count": 0
            },
            {
                "id": "100048586674877",
                "count": 0
            },
            {
                "id": "61550546517288",
                "count": 0
            },
            {
                "id": "100059390802378",
                "count": 0
            },
            {
                "id": "100088338784987",
                "count": 0
            },
            {
                "id": "61552546474490",
                "count": 0
            },
            {
                "id": "100072739879196",
                "count": 0
            },
            {
                "id": "61550011911450",
                "count": 0
            },
            {
                "id": "100092477287520",
                "count": 0
            },
            {
                "id": "100071711284105",
                "count": 0
            },
            {
                "id": "100094041772729",
                "count": 0
            },
            {
                "id": "61550976285449",
                "count": 0
            },
            {
                "id": "61550589531329",
                "count": 0
            },
            {
                "id": "61554269168136",
                "count": 0
            },
            {
                "id": "1014045018",
                "count": 0
            },
            {
                "id": "61555337631426",
                "count": 0
            },
            {
                "id": "100085115461642",
                "count": 0
            },
            {
                "id": "100085044165042",
                "count": 0
            },
            {
                "id": "100064497219856",
                "count": 0
            },
            {
                "id": "100053389634667",
                "count": 0
            },
            {
                "id": "61556007522734",
                "count": 0
            },
            {
                "id": "100089944032906",
                "count": 0
            },
            {
                "id": "61550056254218",
                "count": 0
            },
            {
                "id": "61551005697486",
                "count": 0
            },
            {
                "id": "100087926354491",
                "count": 0
            },
            {
                "id": "100073920794952",
                "count": 0
            },
            {
                "id": "61556355662620",
                "count": 0
            },
            {
                "id": "100067055768969",
                "count": 0
            },
            {
                "id": "100087993527998",
                "count": 0
            },
            {
                "id": "100094405953157",
                "count": 0
            },
            {
                "id": "100091734674963",
                "count": 0
            },
            {
                "id": "61550317321806",
                "count": 0
            },
            {
                "id": "100086293984693",
                "count": 0
            },
            {
                "id": "100050999371837",
                "count": 0
            },
            {
                "id": "61557161942074",
                "count": 0
            }
        ]
    }
}