{
    "total": [
        {
            "id": "100074851807436",
            "count": 0
        },
        {
            "id": "100052769434139",
            "count": 0
        },
        {
            "id": "100058627957133",
            "count": 0
        },
        {
            "id": "100095360527805",
            "count": 0
        },
        {
            "id": "100008756746666",
            "count": 0
        },
        {
            "id": "100083378092266",
            "count": 0
        },
        {
            "id": "100071040348250",
            "count": 0
        },
        {
            "id": "100049436469147",
            "count": 1
        },
        {
            "id": "100078901134489",
            "count": 0
        },
        {
            "id": "100070707946306",
            "count": 0
        },
        {
            "id": "100074807430116",
            "count": 0
        },
        {
            "id": "100039660189490",
            "count": 0
        },
        {
            "id": "100013968583540",
            "count": 0
        },
        {
            "id": "61553793410726",
            "count": 0
        },
        {
            "id": "100048170761685",
            "count": 0
        },
        {
            "id": "100093601510039",
            "count": 0
        },
        {
            "id": "100075216610999",
            "count": 287
        },
        {
            "id": "100077604755199",
            "count": 0
        },
        {
            "id": "100072456339040",
            "count": 0
        },
        {
            "id": "100080783954283",
            "count": 7
        },
        {
            "id": "100072897548475",
            "count": 0
        },
        {
            "id": "100062761410468",
            "count": 28
        },
        {
            "id": "100025854812123",
            "count": 0
        },
        {
            "id": "100069697474692",
            "count": 0
        },
        {
            "id": "100041780061216",
            "count": 0
        },
        {
            "id": "61554216901296",
            "count": 0
        },
        {
            "id": "100085530699262",
            "count": 0
        },
        {
            "id": "61551587673329",
            "count": 0
        },
        {
            "id": "100091438134695",
            "count": 0
        },
        {
            "id": "100028099836250",
            "count": 0
        },
        {
            "id": "61550011406073",
            "count": 0
        },
        {
            "id": "100008197624289",
            "count": 0
        },
        {
            "id": "100081778471384",
            "count": 0
        },
        {
            "id": "61550319925956",
            "count": 0
        },
        {
            "id": "100040636485744",
            "count": 0
        },
        {
            "id": "61551131018219",
            "count": 3
        },
        {
            "id": "100083345852865",
            "count": 0
        },
        {
            "id": "100085332946850",
            "count": 0
        },
        {
            "id": "61553000261033",
            "count": 2
        },
        {
            "id": "100050173099706",
            "count": 0
        },
        {
            "id": "61551558173004",
            "count": 0
        },
        {
            "id": "100063502801791",
            "count": 0
        },
        {
            "id": "100038854277742",
            "count": 0
        },
        {
            "id": "61554377380448",
            "count": 0
        },
        {
            "id": "61555106338651",
            "count": 1
        },
        {
            "id": "100080090517088",
            "count": 0
        },
        {
            "id": "100059121600116",
            "count": 0
        },
        {
            "id": "61551720105961",
            "count": 0
        },
        {
            "id": "100071009576654",
            "count": 0
        }
    ],
    "week": [
        {
            "id": "100074851807436",
            "count": 0,
            "name": "Người dùng facebook"
        },
        {
            "id": "100052769434139",
            "count": 0,
            "name": "Người dùng facebook"
        },
        {
            "id": "100058627957133",
            "count": 0,
            "name": "Người dùng facebook"
        },
        {
            "id": "100095360527805",
            "count": 0,
            "name": "Người dùng facebook"
        },
        {
            "id": "100008756746666",
            "count": 0,
            "name": "Người dùng facebook"
        },
        {
            "id": "100083378092266",
            "count": 0,
            "name": "Người dùng facebook"
        },
        {
            "id": "100071040348250",
            "count": 0,
            "name": "Người dùng facebook"
        },
        {
            "id": "100049436469147",
            "count": 0,
            "name": "Người dùng facebook"
        },
        {
            "id": "100078901134489",
            "count": 0,
            "name": "Người dùng facebook"
        },
        {
            "id": "100070707946306",
            "count": 0,
            "name": "Người dùng facebook"
        },
        {
            "id": "100074807430116",
            "count": 0,
            "name": "Người dùng facebook"
        },
        {
            "id": "100039660189490",
            "count": 0,
            "name": "Người dùng facebook"
        },
        {
            "id": "100013968583540",
            "count": 0,
            "name": "Người dùng facebook"
        },
        {
            "id": "61553793410726",
            "count": 0,
            "name": "Người dùng facebook"
        },
        {
            "id": "100048170761685",
            "count": 0,
            "name": "Người dùng facebook"
        },
        {
            "id": "100093601510039",
            "count": 0,
            "name": "Người dùng facebook"
        },
        {
            "id": "100075216610999",
            "count": 0,
            "name": "Hyouka Granger"
        },
        {
            "id": "100077604755199",
            "count": 0,
            "name": "Người dùng facebook"
        },
        {
            "id": "100072456339040",
            "count": 0,
            "name": "Người dùng facebook"
        },
        {
            "id": "100080783954283",
            "count": 0,
            "name": "Người dùng facebook"
        },
        {
            "id": "100072897548475",
            "count": 0,
            "name": "Người dùng facebook"
        },
        {
            "id": "100062761410468",
            "count": 0,
            "name": "Người dùng facebook"
        },
        {
            "id": "100025854812123",
            "count": 0,
            "name": "Người dùng facebook"
        },
        {
            "id": "100069697474692",
            "count": 0,
            "name": "Người dùng facebook"
        },
        {
            "id": "100041780061216",
            "count": 0,
            "name": "Người dùng facebook"
        },
        {
            "id": "61554216901296",
            "count": 0,
            "name": "Người dùng facebook"
        },
        {
            "id": "100085530699262",
            "count": 0,
            "name": "Người dùng facebook"
        },
        {
            "id": "61551587673329",
            "count": 0,
            "name": "Người dùng facebook"
        },
        {
            "id": "100091438134695",
            "count": 0,
            "name": "Người dùng facebook"
        },
        {
            "id": "100028099836250",
            "count": 0,
            "name": "Người dùng facebook"
        },
        {
            "id": "61550011406073",
            "count": 0,
            "name": "Người dùng facebook"
        },
        {
            "id": "100008197624289",
            "count": 0,
            "name": "Người dùng facebook"
        },
        {
            "id": "100081778471384",
            "count": 0,
            "name": "Người dùng facebook"
        },
        {
            "id": "61550319925956",
            "count": 0,
            "name": "Người dùng facebook"
        },
        {
            "id": "100040636485744",
            "count": 0,
            "name": "Người dùng facebook"
        },
        {
            "id": "61551131018219",
            "count": 0,
            "name": "Người dùng facebook"
        },
        {
            "id": "100083345852865",
            "count": 0,
            "name": "Người dùng facebook"
        },
        {
            "id": "100085332946850",
            "count": 0,
            "name": "Người dùng facebook"
        },
        {
            "id": "61553000261033",
            "count": 0,
            "name": "Người dùng facebook"
        },
        {
            "id": "100050173099706",
            "count": 0,
            "name": "Người dùng facebook"
        },
        {
            "id": "61551558173004",
            "count": 0,
            "name": "Người dùng facebook"
        },
        {
            "id": "100063502801791",
            "count": 0,
            "name": "Người dùng facebook"
        },
        {
            "id": "100038854277742",
            "count": 0,
            "name": "Người dùng facebook"
        },
        {
            "id": "61554377380448",
            "count": 0,
            "name": "Người dùng facebook"
        },
        {
            "id": "61555106338651",
            "count": 0,
            "name": "Người dùng facebook"
        },
        {
            "id": "100080090517088",
            "count": 0,
            "name": "Người dùng facebook"
        },
        {
            "id": "100059121600116",
            "count": 0,
            "name": "Người dùng facebook"
        },
        {
            "id": "61551720105961",
            "count": 0,
            "name": "Người dùng facebook"
        },
        {
            "id": "100071009576654",
            "count": 0,
            "name": "Người dùng facebook"
        }
    ],
    "day": [
        {
            "id": "100074851807436",
            "count": 0,
            "name": "Người dùng facebook"
        },
        {
            "id": "100052769434139",
            "count": 0,
            "name": "Người dùng facebook"
        },
        {
            "id": "100058627957133",
            "count": 0,
            "name": "Người dùng facebook"
        },
        {
            "id": "100095360527805",
            "count": 0,
            "name": "Người dùng facebook"
        },
        {
            "id": "100008756746666",
            "count": 0,
            "name": "Người dùng facebook"
        },
        {
            "id": "100083378092266",
            "count": 0,
            "name": "Người dùng facebook"
        },
        {
            "id": "100071040348250",
            "count": 0,
            "name": "Người dùng facebook"
        },
        {
            "id": "100049436469147",
            "count": 0,
            "name": "Người dùng facebook"
        },
        {
            "id": "100078901134489",
            "count": 0,
            "name": "Người dùng facebook"
        },
        {
            "id": "100070707946306",
            "count": 0,
            "name": "Người dùng facebook"
        },
        {
            "id": "100074807430116",
            "count": 0,
            "name": "Người dùng facebook"
        },
        {
            "id": "100039660189490",
            "count": 0,
            "name": "Người dùng facebook"
        },
        {
            "id": "100013968583540",
            "count": 0,
            "name": "Người dùng facebook"
        },
        {
            "id": "61553793410726",
            "count": 0,
            "name": "Người dùng facebook"
        },
        {
            "id": "100048170761685",
            "count": 0,
            "name": "Người dùng facebook"
        },
        {
            "id": "100093601510039",
            "count": 0,
            "name": "Người dùng facebook"
        },
        {
            "id": "100075216610999",
            "count": 0,
            "name": "Hyouka Granger"
        },
        {
            "id": "100077604755199",
            "count": 0,
            "name": "Người dùng facebook"
        },
        {
            "id": "100072456339040",
            "count": 0,
            "name": "Người dùng facebook"
        },
        {
            "id": "100080783954283",
            "count": 0,
            "name": "Người dùng facebook"
        },
        {
            "id": "100072897548475",
            "count": 0,
            "name": "Người dùng facebook"
        },
        {
            "id": "100062761410468",
            "count": 0,
            "name": "Người dùng facebook"
        },
        {
            "id": "100025854812123",
            "count": 0,
            "name": "Người dùng facebook"
        },
        {
            "id": "100069697474692",
            "count": 0,
            "name": "Người dùng facebook"
        },
        {
            "id": "100041780061216",
            "count": 0,
            "name": "Người dùng facebook"
        },
        {
            "id": "61554216901296",
            "count": 0,
            "name": "Người dùng facebook"
        },
        {
            "id": "100085530699262",
            "count": 0,
            "name": "Người dùng facebook"
        },
        {
            "id": "61551587673329",
            "count": 0,
            "name": "Người dùng facebook"
        },
        {
            "id": "100091438134695",
            "count": 0,
            "name": "Người dùng facebook"
        },
        {
            "id": "100028099836250",
            "count": 0,
            "name": "Người dùng facebook"
        },
        {
            "id": "61550011406073",
            "count": 0,
            "name": "Người dùng facebook"
        },
        {
            "id": "100008197624289",
            "count": 0,
            "name": "Người dùng facebook"
        },
        {
            "id": "100081778471384",
            "count": 0,
            "name": "Người dùng facebook"
        },
        {
            "id": "61550319925956",
            "count": 0,
            "name": "Người dùng facebook"
        },
        {
            "id": "100040636485744",
            "count": 0,
            "name": "Người dùng facebook"
        },
        {
            "id": "61551131018219",
            "count": 0,
            "name": "Người dùng facebook"
        },
        {
            "id": "100083345852865",
            "count": 0,
            "name": "Người dùng facebook"
        },
        {
            "id": "100085332946850",
            "count": 0,
            "name": "Người dùng facebook"
        },
        {
            "id": "61553000261033",
            "count": 0,
            "name": "Người dùng facebook"
        },
        {
            "id": "100050173099706",
            "count": 0,
            "name": "Người dùng facebook"
        },
        {
            "id": "61551558173004",
            "count": 0,
            "name": "Người dùng facebook"
        },
        {
            "id": "100063502801791",
            "count": 0,
            "name": "Người dùng facebook"
        },
        {
            "id": "100038854277742",
            "count": 0,
            "name": "Người dùng facebook"
        },
        {
            "id": "61554377380448",
            "count": 0,
            "name": "Người dùng facebook"
        },
        {
            "id": "61555106338651",
            "count": 0,
            "name": "Người dùng facebook"
        },
        {
            "id": "100080090517088",
            "count": 0,
            "name": "Người dùng facebook"
        },
        {
            "id": "100059121600116",
            "count": 0,
            "name": "Người dùng facebook"
        },
        {
            "id": "61551720105961",
            "count": 0,
            "name": "Người dùng facebook"
        },
        {
            "id": "100071009576654",
            "count": 0,
            "name": "Người dùng facebook"
        }
    ],
    "time": 5,
    "last": {
        "time": 4,
        "day": [
            {
                "id": "100041250622064",
                "count": 0
            },
            {
                "id": "100052939611895",
                "count": 0
            },
            {
                "id": "100074851807436",
                "count": 0
            },
            {
                "id": "100052769434139",
                "count": 0
            },
            {
                "id": "100058627957133",
                "count": 0
            },
            {
                "id": "100095360527805",
                "count": 0
            },
            {
                "id": "100093177212614",
                "count": 0
            },
            {
                "id": "100008756746666",
                "count": 0
            },
            {
                "id": "100058738874953",
                "count": 0
            },
            {
                "id": "100083378092266",
                "count": 0
            },
            {
                "id": "100071040348250",
                "count": 0
            },
            {
                "id": "100049436469147",
                "count": 0
            },
            {
                "id": "100078901134489",
                "count": 0
            },
            {
                "id": "100076684822201",
                "count": 0
            },
            {
                "id": "100070707946306",
                "count": 0
            },
            {
                "id": "100074807430116",
                "count": 0
            },
            {
                "id": "100039660189490",
                "count": 0
            },
            {
                "id": "100013968583540",
                "count": 0
            },
            {
                "id": "61553793410726",
                "count": 0
            },
            {
                "id": "100048170761685",
                "count": 0
            },
            {
                "id": "100093601510039",
                "count": 0
            },
            {
                "id": "100075216610999",
                "count": 0
            },
            {
                "id": "100077604755199",
                "count": 0
            },
            {
                "id": "100072456339040",
                "count": 0
            },
            {
                "id": "100080783954283",
                "count": 0
            },
            {
                "id": "100070206293111",
                "count": 0
            },
            {
                "id": "100072897548475",
                "count": 0
            },
            {
                "id": "100062761410468",
                "count": 0
            },
            {
                "id": "100025854812123",
                "count": 0
            },
            {
                "id": "100069697474692",
                "count": 0
            },
            {
                "id": "100041780061216",
                "count": 0
            },
            {
                "id": "61554216901296",
                "count": 0
            },
            {
                "id": "100085530699262",
                "count": 0
            },
            {
                "id": "61551587673329",
                "count": 0
            },
            {
                "id": "100091438134695",
                "count": 0
            },
            {
                "id": "100028099836250",
                "count": 0
            },
            {
                "id": "61550011406073",
                "count": 0
            },
            {
                "id": "100008197624289",
                "count": 0
            },
            {
                "id": "100031219816346",
                "count": 0
            },
            {
                "id": "100081778471384",
                "count": 0
            },
            {
                "id": "61550319925956",
                "count": 0
            },
            {
                "id": "100040636485744",
                "count": 0
            },
            {
                "id": "61551131018219",
                "count": 0
            },
            {
                "id": "100083345852865",
                "count": 0
            },
            {
                "id": "100085332946850",
                "count": 0
            },
            {
                "id": "61553000261033",
                "count": 0
            },
            {
                "id": "100072680184832",
                "count": 0
            },
            {
                "id": "100050173099706",
                "count": 0
            },
            {
                "id": "100013901043607",
                "count": 0
            },
            {
                "id": "61551558173004",
                "count": 0
            },
            {
                "id": "100063502801791",
                "count": 0
            },
            {
                "id": "100038854277742",
                "count": 0
            },
            {
                "id": "61554377380448",
                "count": 0
            },
            {
                "id": "61555106338651",
                "count": 0
            },
            {
                "id": "100080090517088",
                "count": 0
            },
            {
                "id": "100059121600116",
                "count": 0
            },
            {
                "id": "61551720105961",
                "count": 0
            },
            {
                "id": "100071009576654",
                "count": 0
            }
        ],
        "week": [
            {
                "id": "100041250622064",
                "count": 0
            },
            {
                "id": "100052939611895",
                "count": 0
            },
            {
                "id": "100074851807436",
                "count": 0
            },
            {
                "id": "100052769434139",
                "count": 0
            },
            {
                "id": "100058627957133",
                "count": 0
            },
            {
                "id": "100095360527805",
                "count": 0
            },
            {
                "id": "100093177212614",
                "count": 0
            },
            {
                "id": "100008756746666",
                "count": 0
            },
            {
                "id": "100058738874953",
                "count": 0
            },
            {
                "id": "100083378092266",
                "count": 0
            },
            {
                "id": "100071040348250",
                "count": 0
            },
            {
                "id": "100049436469147",
                "count": 0
            },
            {
                "id": "100078901134489",
                "count": 0
            },
            {
                "id": "100076684822201",
                "count": 0
            },
            {
                "id": "100070707946306",
                "count": 0
            },
            {
                "id": "100074807430116",
                "count": 0
            },
            {
                "id": "100039660189490",
                "count": 0
            },
            {
                "id": "100013968583540",
                "count": 0
            },
            {
                "id": "61553793410726",
                "count": 0
            },
            {
                "id": "100048170761685",
                "count": 0
            },
            {
                "id": "100093601510039",
                "count": 0
            },
            {
                "id": "100075216610999",
                "count": 0
            },
            {
                "id": "100077604755199",
                "count": 0
            },
            {
                "id": "100072456339040",
                "count": 0
            },
            {
                "id": "100080783954283",
                "count": 0
            },
            {
                "id": "100070206293111",
                "count": 0
            },
            {
                "id": "100072897548475",
                "count": 0
            },
            {
                "id": "100062761410468",
                "count": 0
            },
            {
                "id": "100025854812123",
                "count": 0
            },
            {
                "id": "100069697474692",
                "count": 0
            },
            {
                "id": "100041780061216",
                "count": 0
            },
            {
                "id": "61554216901296",
                "count": 0
            },
            {
                "id": "100085530699262",
                "count": 0
            },
            {
                "id": "61551587673329",
                "count": 0
            },
            {
                "id": "100091438134695",
                "count": 0
            },
            {
                "id": "100028099836250",
                "count": 0
            },
            {
                "id": "61550011406073",
                "count": 0
            },
            {
                "id": "100008197624289",
                "count": 0
            },
            {
                "id": "100031219816346",
                "count": 0
            },
            {
                "id": "100081778471384",
                "count": 0
            },
            {
                "id": "61550319925956",
                "count": 0
            },
            {
                "id": "100040636485744",
                "count": 0
            },
            {
                "id": "61551131018219",
                "count": 0
            },
            {
                "id": "100083345852865",
                "count": 0
            },
            {
                "id": "100085332946850",
                "count": 0
            },
            {
                "id": "61553000261033",
                "count": 0
            },
            {
                "id": "100072680184832",
                "count": 0
            },
            {
                "id": "100050173099706",
                "count": 0
            },
            {
                "id": "100013901043607",
                "count": 0
            },
            {
                "id": "61551558173004",
                "count": 0
            },
            {
                "id": "100063502801791",
                "count": 0
            },
            {
                "id": "100038854277742",
                "count": 0
            },
            {
                "id": "61554377380448",
                "count": 0
            },
            {
                "id": "61555106338651",
                "count": 0
            },
            {
                "id": "100080090517088",
                "count": 0
            },
            {
                "id": "100059121600116",
                "count": 0
            },
            {
                "id": "61551720105961",
                "count": 0
            },
            {
                "id": "100071009576654",
                "count": 0
            }
        ]
    }
}