{
    "total": [
        {
            "id": "100014931875150",
            "count": 29
        },
        {
            "id": "100023585144922",
            "count": 0
        },
        {
            "id": "100092755486856",
            "count": 2
        },
        {
            "id": "100009381850191",
            "count": 0
        },
        {
            "id": "100075216610999",
            "count": 9
        }
    ],
    "week": [
        {
            "id": "100014931875150",
            "count": 0,
            "name": "Người dùng facebook"
        },
        {
            "id": "100023585144922",
            "count": 0,
            "name": "Người dùng facebook"
        },
        {
            "id": "100092755486856",
            "count": 0,
            "name": "Người dùng facebook"
        },
        {
            "id": "100009381850191",
            "count": 0,
            "name": "Người dùng facebook"
        },
        {
            "id": "100075216610999",
            "count": 0,
            "name": "Hyouka Granger"
        }
    ],
    "day": [
        {
            "id": "100014931875150",
            "count": 0,
            "name": "Người dùng facebook"
        },
        {
            "id": "100023585144922",
            "count": 0,
            "name": "Người dùng facebook"
        },
        {
            "id": "100092755486856",
            "count": 0,
            "name": "Người dùng facebook"
        },
        {
            "id": "100009381850191",
            "count": 0,
            "name": "Người dùng facebook"
        },
        {
            "id": "100075216610999",
            "count": 0,
            "name": "Hyouka Granger"
        }
    ],
    "time": 5,
    "last": {
        "time": 1,
        "day": [
            {
                "id": "100014931875150",
                "count": 0
            },
            {
                "id": "100023585144922",
                "count": 0
            },
            {
                "id": "100092755486856",
                "count": 0
            },
            {
                "id": "100009381850191",
                "count": 0
            },
            {
                "id": "100050999371837",
                "count": 0
            },
            {
                "id": "61557161942074",
                "count": 0
            },
            {
                "id": "100075216610999",
                "count": 0
            }
        ],
        "week": [
            {
                "id": "100014931875150",
                "count": 0
            },
            {
                "id": "100023585144922",
                "count": 0
            },
            {
                "id": "100092755486856",
                "count": 0
            },
            {
                "id": "100009381850191",
                "count": 0
            },
            {
                "id": "100050999371837",
                "count": 0
            },
            {
                "id": "61557161942074",
                "count": 0
            },
            {
                "id": "100075216610999",
                "count": 0
            }
        ]
    }
}