{
    "total": [
        {
            "id": "100056385116028",
            "count": 54
        },
        {
            "id": "100069864945865",
            "count": 3
        },
        {
            "id": "100083205727767",
            "count": 78
        },
        {
            "id": "100029378752728",
            "count": 14
        },
        {
            "id": "100074224563535",
            "count": 10
        },
        {
            "id": "100067508386723",
            "count": 64
        },
        {
            "id": "100068310261131",
            "count": 36
        },
        {
            "id": "100090511285969",
            "count": 142
        },
        {
            "id": "100061160525111",
            "count": 82
        },
        {
            "id": "100092744481406",
            "count": 11
        },
        {
            "id": "100011422572422",
            "count": 0
        },
        {
            "id": "100004458484369",
            "count": 94
        },
        {
            "id": "100088817988946",
            "count": 21
        },
        {
            "id": "100085342716116",
            "count": 2
        },
        {
            "id": "100077256660549",
            "count": 0
        },
        {
            "id": "100069091017023",
            "count": 6
        },
        {
            "id": "100031177811759",
            "count": 2
        },
        {
            "id": "100000194247253",
            "count": 5
        },
        {
            "id": "100030967444445",
            "count": 0
        },
        {
            "id": "100025452960563",
            "count": 17
        },
        {
            "id": "100056101540630",
            "count": 0
        },
        {
            "id": "1417149937",
            "count": 3
        },
        {
            "id": "100085073240621",
            "count": 13
        },
        {
            "id": "100075493308135",
            "count": 10
        },
        {
            "id": "100000493975005",
            "count": 175
        },
        {
            "id": "100038946913086",
            "count": 0
        },
        {
            "id": "100089159412845",
            "count": 0
        },
        {
            "id": "100012917979592",
            "count": 2
        },
        {
            "id": "100050999371837",
            "count": 87
        },
        {
            "id": "832704028",
            "count": 268
        },
        {
            "id": "100067930177504",
            "count": 0
        },
        {
            "id": "100076965934609",
            "count": 11
        },
        {
            "id": "100035421814099",
            "count": 1
        },
        {
            "id": "100090168070553",
            "count": 5
        },
        {
            "id": "61554942840114",
            "count": 118
        },
        {
            "id": "100060865659897",
            "count": 0
        },
        {
            "id": "100078441331190",
            "count": 0
        },
        {
            "id": "100060894693968",
            "count": 0
        },
        {
            "id": "100061172506707",
            "count": 0
        },
        {
            "id": "100082055229744",
            "count": 3
        },
        {
            "id": "100081730332704",
            "count": 3
        },
        {
            "id": "100066601090728",
            "count": 9
        },
        {
            "id": "1074491699",
            "count": 8
        },
        {
            "id": "593577006",
            "count": 114
        },
        {
            "id": "100048031278514",
            "count": 9
        },
        {
            "id": "100071730936354",
            "count": 0
        },
        {
            "id": "100095329730145",
            "count": 2
        },
        {
            "id": "100068096370437",
            "count": 199
        },
        {
            "id": "100074485740415",
            "count": 73
        },
        {
            "id": "61555927277041",
            "count": 95
        },
        {
            "id": "100072696458960",
            "count": 6
        },
        {
            "id": "61554393416358",
            "count": 33
        },
        {
            "id": "100041079390776",
            "count": 3
        },
        {
            "id": "100080647629698",
            "count": 67
        },
        {
            "id": "100041296170925",
            "count": 0
        },
        {
            "id": "100006151832027",
            "count": 57
        },
        {
            "id": "100088868400760",
            "count": 2
        },
        {
            "id": "61557329604394",
            "count": 205
        },
        {
            "id": "100048286966787",
            "count": 27
        },
        {
            "id": "100012547178957",
            "count": 21
        },
        {
            "id": "100075198002506",
            "count": 44
        },
        {
            "id": "100053218521866",
            "count": 97
        },
        {
            "id": "509484270",
            "count": 259
        },
        {
            "id": "100088752576867",
            "count": 10
        },
        {
            "id": "100082668132301",
            "count": 4
        },
        {
            "id": "100029666401539",
            "count": 0
        },
        {
            "id": "61556487776603",
            "count": 0
        },
        {
            "id": "61551085254089",
            "count": 4
        },
        {
            "id": "100000286945731",
            "count": 0
        },
        {
            "id": "100027937773675",
            "count": 72
        },
        {
            "id": "100095295265464",
            "count": 22
        },
        {
            "id": "100004015031111",
            "count": 0
        },
        {
            "id": "61556973076486",
            "count": 21
        },
        {
            "id": "100038791595043",
            "count": 18
        },
        {
            "id": "100001934073913",
            "count": 0
        },
        {
            "id": "61557697311088",
            "count": 32
        },
        {
            "id": "100002323834540",
            "count": 3
        },
        {
            "id": "100093082543154",
            "count": 48
        },
        {
            "id": "100077774382583",
            "count": 15
        },
        {
            "id": "100085088395095",
            "count": 2
        },
        {
            "id": "100075216610999",
            "count": 81
        },
        {
            "id": "100001378940139",
            "count": 0
        },
        {
            "id": "100081129610697",
            "count": 24
        },
        {
            "id": "61557611997499",
            "count": 56
        },
        {
            "id": "61555876516470",
            "count": 52
        }
    ],
    "week": [
        {
            "id": "100056385116028",
            "count": 0,
            "name": "Người dùng facebook"
        },
        {
            "id": "100069864945865",
            "count": 0,
            "name": "Người dùng facebook"
        },
        {
            "id": "100083205727767",
            "count": 0,
            "name": "Người dùng facebook"
        },
        {
            "id": "100029378752728",
            "count": 0,
            "name": "Người dùng facebook"
        },
        {
            "id": "100074224563535",
            "count": 0,
            "name": "Người dùng facebook"
        },
        {
            "id": "100067508386723",
            "count": 0,
            "name": "Người dùng facebook"
        },
        {
            "id": "100068310261131",
            "count": 0,
            "name": "Văn Thuận"
        },
        {
            "id": "100090511285969",
            "count": 0,
            "name": "Người dùng facebook"
        },
        {
            "id": "100061160525111",
            "count": 0,
            "name": "Người dùng facebook"
        },
        {
            "id": "100092744481406",
            "count": 0,
            "name": "Người dùng facebook"
        },
        {
            "id": "100011422572422",
            "count": 0,
            "name": "Người dùng facebook"
        },
        {
            "id": "100004458484369",
            "count": 0,
            "name": "Người dùng facebook"
        },
        {
            "id": "100088817988946",
            "count": 0,
            "name": "Người dùng facebook"
        },
        {
            "id": "100085342716116",
            "count": 0,
            "name": "Người dùng facebook"
        },
        {
            "id": "100077256660549",
            "count": 0,
            "name": "Người dùng facebook"
        },
        {
            "id": "100069091017023",
            "count": 0,
            "name": "Người dùng facebook"
        },
        {
            "id": "100031177811759",
            "count": 0,
            "name": "Người dùng facebook"
        },
        {
            "id": "100000194247253",
            "count": 0,
            "name": "Người dùng facebook"
        },
        {
            "id": "100030967444445",
            "count": 0,
            "name": "Người dùng facebook"
        },
        {
            "id": "100025452960563",
            "count": 0,
            "name": "Người dùng facebook"
        },
        {
            "id": "100056101540630",
            "count": 0,
            "name": "Hưng Culer's"
        },
        {
            "id": "1417149937",
            "count": 0,
            "name": "Người dùng facebook"
        },
        {
            "id": "100085073240621",
            "count": 0,
            "name": "Người dùng facebook"
        },
        {
            "id": "100075493308135",
            "count": 0,
            "name": "Người dùng facebook"
        },
        {
            "id": "100000493975005",
            "count": 0,
            "name": "Người dùng facebook"
        },
        {
            "id": "100038946913086",
            "count": 0,
            "name": "Người dùng facebook"
        },
        {
            "id": "100089159412845",
            "count": 0,
            "name": "Người dùng facebook"
        },
        {
            "id": "100012917979592",
            "count": 0,
            "name": "Người dùng facebook"
        },
        {
            "id": "100050999371837",
            "count": 0,
            "name": "Tiến Nguyễn"
        },
        {
            "id": "832704028",
            "count": 0,
            "name": "Người dùng facebook"
        },
        {
            "id": "100067930177504",
            "count": 0,
            "name": "Người dùng facebook"
        },
        {
            "id": "100076965934609",
            "count": 0,
            "name": "Người dùng facebook"
        },
        {
            "id": "100035421814099",
            "count": 0,
            "name": "Người dùng facebook"
        },
        {
            "id": "100090168070553",
            "count": 0,
            "name": "Người dùng facebook"
        },
        {
            "id": "61554942840114",
            "count": 0,
            "name": "Người dùng facebook"
        },
        {
            "id": "100060865659897",
            "count": 0,
            "name": "Người dùng facebook"
        },
        {
            "id": "100078441331190",
            "count": 0,
            "name": "Người dùng facebook"
        },
        {
            "id": "100060894693968",
            "count": 0,
            "name": "Người dùng facebook"
        },
        {
            "id": "100061172506707",
            "count": 0,
            "name": "Người dùng facebook"
        },
        {
            "id": "100082055229744",
            "count": 0,
            "name": "Phan Bảo Hoàng"
        },
        {
            "id": "100081730332704",
            "count": 0,
            "name": "Người dùng facebook"
        },
        {
            "id": "100066601090728",
            "count": 0,
            "name": "Người dùng facebook"
        },
        {
            "id": "1074491699",
            "count": 0,
            "name": "Người dùng facebook"
        },
        {
            "id": "593577006",
            "count": 0,
            "name": "Người dùng facebook"
        },
        {
            "id": "100048031278514",
            "count": 0,
            "name": "Người dùng facebook"
        },
        {
            "id": "100071730936354",
            "count": 0,
            "name": "Người dùng facebook"
        },
        {
            "id": "100095329730145",
            "count": 0,
            "name": "Người dùng facebook"
        },
        {
            "id": "100068096370437",
            "count": 0,
            "name": "Phạm Minh Đồng"
        },
        {
            "id": "100074485740415",
            "count": 0,
            "name": "Người dùng facebook"
        },
        {
            "id": "61555927277041",
            "count": 0,
            "name": "Người dùng facebook"
        },
        {
            "id": "100072696458960",
            "count": 0,
            "name": "Người dùng facebook"
        },
        {
            "id": "61554393416358",
            "count": 0,
            "name": "Người dùng facebook"
        },
        {
            "id": "100041079390776",
            "count": 0,
            "name": "Chương Thái"
        },
        {
            "id": "100080647629698",
            "count": 0,
            "name": "Người dùng facebook"
        },
        {
            "id": "100041296170925",
            "count": 0,
            "name": "Người dùng facebook"
        },
        {
            "id": "100006151832027",
            "count": 0,
            "name": "Người dùng facebook"
        },
        {
            "id": "100088868400760",
            "count": 0,
            "name": "Người dùng facebook"
        },
        {
            "id": "61557329604394",
            "count": 0,
            "name": "Người dùng facebook"
        },
        {
            "id": "100048286966787",
            "count": 0,
            "name": "Người dùng facebook"
        },
        {
            "id": "100012547178957",
            "count": 0,
            "name": "Người dùng facebook"
        },
        {
            "id": "100075198002506",
            "count": 0,
            "name": "Người dùng facebook"
        },
        {
            "id": "100053218521866",
            "count": 0,
            "name": "Người dùng facebook"
        },
        {
            "id": "509484270",
            "count": 0,
            "name": "Người dùng facebook"
        },
        {
            "id": "100088752576867",
            "count": 0,
            "name": "Người dùng facebook"
        },
        {
            "id": "100082668132301",
            "count": 0,
            "name": "Người dùng facebook"
        },
        {
            "id": "100029666401539",
            "count": 0,
            "name": "Người dùng facebook"
        },
        {
            "id": "61556487776603",
            "count": 0,
            "name": "Người dùng facebook"
        },
        {
            "id": "61551085254089",
            "count": 0,
            "name": "𓇻𑁍Hổ Không Gầm Chó Tưởng Rừng Hoang Không Chủ Đêm Không Ngủ Cạy Két Nạp Phi Phai Vỏ Quýt Dày Có Móng Tay Nhọn IPhone Mười Lăm Thì Gọi Alice Đít Này Mà Đẩy Thì Phê Thôi Rồi Lửa Gần Rơm Lâu Ngày Cũng Bén Sơn Gần Súng Lâu Ngày Cũng Tăng Dame Cần Chi Sóng Ta Vẫn Tung Tăng Lướt Ván Nhảy Lốp Xe Ta Bay Tận Trời Cao.. Ok Mấy Nhóc Anh Bất Tử Mark Tuổi Lồn Thế Cho Nhanh𑁍𓇻"
        },
        {
            "id": "100000286945731",
            "count": 0,
            "name": "Người dùng facebook"
        },
        {
            "id": "100027937773675",
            "count": 0,
            "name": "Người dùng facebook"
        },
        {
            "id": "100095295265464",
            "count": 0,
            "name": "Người dùng facebook"
        },
        {
            "id": "100004015031111",
            "count": 0,
            "name": "Người dùng facebook"
        },
        {
            "id": "61556973076486",
            "count": 0,
            "name": "Người dùng facebook"
        },
        {
            "id": "100038791595043",
            "count": 0,
            "name": "Người dùng facebook"
        },
        {
            "id": "100001934073913",
            "count": 0,
            "name": "Người dùng facebook"
        },
        {
            "id": "61557697311088",
            "count": 0,
            "name": "Người dùng facebook"
        },
        {
            "id": "100002323834540",
            "count": 0,
            "name": "Người dùng facebook"
        },
        {
            "id": "100093082543154",
            "count": 0,
            "name": "Người dùng facebook"
        },
        {
            "id": "100077774382583",
            "count": 0,
            "name": "Người dùng facebook"
        },
        {
            "id": "100085088395095",
            "count": 0,
            "name": "Người dùng facebook"
        },
        {
            "id": "100075216610999",
            "count": 0,
            "name": "Hyouka Granger"
        },
        {
            "id": "100001378940139",
            "count": 0,
            "name": "Người dùng facebook"
        },
        {
            "id": "100081129610697",
            "count": 0,
            "name": "Người dùng facebook"
        },
        {
            "id": "61557611997499",
            "count": 0,
            "name": "Người dùng facebook"
        },
        {
            "id": "61555876516470",
            "count": 0,
            "name": "Người dùng facebook"
        }
    ],
    "day": [
        {
            "id": "100056385116028",
            "count": 0,
            "name": "Người dùng facebook"
        },
        {
            "id": "100069864945865",
            "count": 0,
            "name": "Người dùng facebook"
        },
        {
            "id": "100083205727767",
            "count": 0,
            "name": "Người dùng facebook"
        },
        {
            "id": "100029378752728",
            "count": 0,
            "name": "Người dùng facebook"
        },
        {
            "id": "100074224563535",
            "count": 0,
            "name": "Người dùng facebook"
        },
        {
            "id": "100067508386723",
            "count": 0,
            "name": "Người dùng facebook"
        },
        {
            "id": "100068310261131",
            "count": 0,
            "name": "Người dùng facebook"
        },
        {
            "id": "100090511285969",
            "count": 0,
            "name": "Người dùng facebook"
        },
        {
            "id": "100061160525111",
            "count": 0,
            "name": "Người dùng facebook"
        },
        {
            "id": "100092744481406",
            "count": 0,
            "name": "Người dùng facebook"
        },
        {
            "id": "100011422572422",
            "count": 0,
            "name": "Người dùng facebook"
        },
        {
            "id": "100004458484369",
            "count": 0,
            "name": "Người dùng facebook"
        },
        {
            "id": "100088817988946",
            "count": 0,
            "name": "Người dùng facebook"
        },
        {
            "id": "100085342716116",
            "count": 0,
            "name": "Người dùng facebook"
        },
        {
            "id": "100077256660549",
            "count": 0,
            "name": "Người dùng facebook"
        },
        {
            "id": "100069091017023",
            "count": 0,
            "name": "Người dùng facebook"
        },
        {
            "id": "100031177811759",
            "count": 0,
            "name": "Người dùng facebook"
        },
        {
            "id": "100000194247253",
            "count": 0,
            "name": "Người dùng facebook"
        },
        {
            "id": "100030967444445",
            "count": 0,
            "name": "Người dùng facebook"
        },
        {
            "id": "100025452960563",
            "count": 0,
            "name": "Người dùng facebook"
        },
        {
            "id": "100056101540630",
            "count": 0,
            "name": "Hưng Culer's"
        },
        {
            "id": "1417149937",
            "count": 0,
            "name": "Người dùng facebook"
        },
        {
            "id": "100085073240621",
            "count": 0,
            "name": "Người dùng facebook"
        },
        {
            "id": "100075493308135",
            "count": 0,
            "name": "Người dùng facebook"
        },
        {
            "id": "100000493975005",
            "count": 0,
            "name": "Người dùng facebook"
        },
        {
            "id": "100038946913086",
            "count": 0,
            "name": "Người dùng facebook"
        },
        {
            "id": "100089159412845",
            "count": 0,
            "name": "Người dùng facebook"
        },
        {
            "id": "100012917979592",
            "count": 0,
            "name": "Người dùng facebook"
        },
        {
            "id": "100050999371837",
            "count": 0,
            "name": "Tiến Nguyễn"
        },
        {
            "id": "832704028",
            "count": 0,
            "name": "Người dùng facebook"
        },
        {
            "id": "100067930177504",
            "count": 0,
            "name": "Người dùng facebook"
        },
        {
            "id": "100076965934609",
            "count": 0,
            "name": "Người dùng facebook"
        },
        {
            "id": "100035421814099",
            "count": 0,
            "name": "Người dùng facebook"
        },
        {
            "id": "100090168070553",
            "count": 0,
            "name": "Người dùng facebook"
        },
        {
            "id": "61554942840114",
            "count": 0,
            "name": "Người dùng facebook"
        },
        {
            "id": "100060865659897",
            "count": 0,
            "name": "Người dùng facebook"
        },
        {
            "id": "100078441331190",
            "count": 0,
            "name": "Người dùng facebook"
        },
        {
            "id": "100060894693968",
            "count": 0,
            "name": "Người dùng facebook"
        },
        {
            "id": "100061172506707",
            "count": 0,
            "name": "Người dùng facebook"
        },
        {
            "id": "100082055229744",
            "count": 0,
            "name": "Phan Bảo Hoàng"
        },
        {
            "id": "100081730332704",
            "count": 0,
            "name": "Người dùng facebook"
        },
        {
            "id": "100066601090728",
            "count": 0,
            "name": "Người dùng facebook"
        },
        {
            "id": "1074491699",
            "count": 0,
            "name": "Người dùng facebook"
        },
        {
            "id": "593577006",
            "count": 0,
            "name": "Người dùng facebook"
        },
        {
            "id": "100048031278514",
            "count": 0,
            "name": "Người dùng facebook"
        },
        {
            "id": "100071730936354",
            "count": 0,
            "name": "Người dùng facebook"
        },
        {
            "id": "100095329730145",
            "count": 0,
            "name": "Người dùng facebook"
        },
        {
            "id": "100068096370437",
            "count": 0,
            "name": "Phạm Minh Đồng"
        },
        {
            "id": "100074485740415",
            "count": 0,
            "name": "Người dùng facebook"
        },
        {
            "id": "61555927277041",
            "count": 0,
            "name": "Người dùng facebook"
        },
        {
            "id": "100072696458960",
            "count": 0,
            "name": "Người dùng facebook"
        },
        {
            "id": "61554393416358",
            "count": 0,
            "name": "Người dùng facebook"
        },
        {
            "id": "100041079390776",
            "count": 0,
            "name": "Chương Thái"
        },
        {
            "id": "100080647629698",
            "count": 0,
            "name": "Người dùng facebook"
        },
        {
            "id": "100041296170925",
            "count": 0,
            "name": "Người dùng facebook"
        },
        {
            "id": "100006151832027",
            "count": 0,
            "name": "Người dùng facebook"
        },
        {
            "id": "100088868400760",
            "count": 0,
            "name": "Người dùng facebook"
        },
        {
            "id": "61557329604394",
            "count": 0,
            "name": "Người dùng facebook"
        },
        {
            "id": "100048286966787",
            "count": 0,
            "name": "Người dùng facebook"
        },
        {
            "id": "100012547178957",
            "count": 0,
            "name": "Người dùng facebook"
        },
        {
            "id": "100075198002506",
            "count": 0,
            "name": "Người dùng facebook"
        },
        {
            "id": "100053218521866",
            "count": 0,
            "name": "Người dùng facebook"
        },
        {
            "id": "509484270",
            "count": 0,
            "name": "Người dùng facebook"
        },
        {
            "id": "100088752576867",
            "count": 0,
            "name": "Người dùng facebook"
        },
        {
            "id": "100082668132301",
            "count": 0,
            "name": "Người dùng facebook"
        },
        {
            "id": "100029666401539",
            "count": 0,
            "name": "Người dùng facebook"
        },
        {
            "id": "61556487776603",
            "count": 0,
            "name": "Người dùng facebook"
        },
        {
            "id": "61551085254089",
            "count": 0,
            "name": "𓇻𑁍Hổ Không Gầm Chó Tưởng Rừng Hoang Không Chủ Đêm Không Ngủ Cạy Két Nạp Phi Phai Vỏ Quýt Dày Có Móng Tay Nhọn IPhone Mười Lăm Thì Gọi Alice Đít Này Mà Đẩy Thì Phê Thôi Rồi Lửa Gần Rơm Lâu Ngày Cũng Bén Sơn Gần Súng Lâu Ngày Cũng Tăng Dame Cần Chi Sóng Ta Vẫn Tung Tăng Lướt Ván Nhảy Lốp Xe Ta Bay Tận Trời Cao.. Ok Mấy Nhóc Anh Bất Tử Mark Tuổi Lồn Thế Cho Nhanh𑁍𓇻"
        },
        {
            "id": "100000286945731",
            "count": 0,
            "name": "Người dùng facebook"
        },
        {
            "id": "100027937773675",
            "count": 0,
            "name": "Người dùng facebook"
        },
        {
            "id": "100095295265464",
            "count": 0,
            "name": "Người dùng facebook"
        },
        {
            "id": "100004015031111",
            "count": 0,
            "name": "Người dùng facebook"
        },
        {
            "id": "61556973076486",
            "count": 0,
            "name": "Người dùng facebook"
        },
        {
            "id": "100038791595043",
            "count": 0,
            "name": "Người dùng facebook"
        },
        {
            "id": "100001934073913",
            "count": 0,
            "name": "Người dùng facebook"
        },
        {
            "id": "61557697311088",
            "count": 0,
            "name": "Người dùng facebook"
        },
        {
            "id": "100002323834540",
            "count": 0,
            "name": "Người dùng facebook"
        },
        {
            "id": "100093082543154",
            "count": 0,
            "name": "Người dùng facebook"
        },
        {
            "id": "100077774382583",
            "count": 0,
            "name": "Người dùng facebook"
        },
        {
            "id": "100085088395095",
            "count": 0,
            "name": "Người dùng facebook"
        },
        {
            "id": "100075216610999",
            "count": 0,
            "name": "Hyouka Granger"
        },
        {
            "id": "100001378940139",
            "count": 0,
            "name": "Người dùng facebook"
        },
        {
            "id": "100081129610697",
            "count": 0,
            "name": "Người dùng facebook"
        },
        {
            "id": "61557611997499",
            "count": 0,
            "name": "Người dùng facebook"
        },
        {
            "id": "61555876516470",
            "count": 0,
            "name": "Người dùng facebook"
        }
    ],
    "time": 5,
    "last": {
        "time": 0,
        "day": [
            {
                "id": "509484270",
                "count": 0
            },
            {
                "id": "100056385116028",
                "count": 0
            },
            {
                "id": "100069864945865",
                "count": 0
            },
            {
                "id": "100083205727767",
                "count": 0
            },
            {
                "id": "100029378752728",
                "count": 0
            },
            {
                "id": "100074224563535",
                "count": 0
            },
            {
                "id": "100067508386723",
                "count": 0
            },
            {
                "id": "100000732833159",
                "count": 0
            },
            {
                "id": "100068310261131",
                "count": 0
            },
            {
                "id": "100090511285969",
                "count": 0
            },
            {
                "id": "100061160525111",
                "count": 0
            },
            {
                "id": "100092744481406",
                "count": 0
            },
            {
                "id": "100011422572422",
                "count": 0
            },
            {
                "id": "100004458484369",
                "count": 0
            },
            {
                "id": "100083502499869",
                "count": 0
            },
            {
                "id": "100088817988946",
                "count": 0
            },
            {
                "id": "100085342716116",
                "count": 0
            },
            {
                "id": "100077256660549",
                "count": 0
            },
            {
                "id": "100074293234284",
                "count": 0
            },
            {
                "id": "100069091017023",
                "count": 0
            },
            {
                "id": "100013518348399",
                "count": 0
            },
            {
                "id": "1489675800",
                "count": 0
            },
            {
                "id": "100048033791608",
                "count": 0
            },
            {
                "id": "100031177811759",
                "count": 0
            },
            {
                "id": "100000194247253",
                "count": 0
            },
            {
                "id": "100030967444445",
                "count": 0
            },
            {
                "id": "100025452960563",
                "count": 0
            },
            {
                "id": "100056101540630",
                "count": 0
            },
            {
                "id": "1417149937",
                "count": 0
            },
            {
                "id": "100085073240621",
                "count": 0
            },
            {
                "id": "100088286371303",
                "count": 0
            },
            {
                "id": "100075493308135",
                "count": 0
            },
            {
                "id": "100000493975005",
                "count": 0
            },
            {
                "id": "100051241563318",
                "count": 0
            },
            {
                "id": "100038946913086",
                "count": 0
            },
            {
                "id": "100002670454325",
                "count": 0
            },
            {
                "id": "100089159412845",
                "count": 0
            },
            {
                "id": "100012917979592",
                "count": 0
            },
            {
                "id": "100050999371837",
                "count": 0
            },
            {
                "id": "832704028",
                "count": 0
            },
            {
                "id": "100089352882349",
                "count": 0
            },
            {
                "id": "100029543890778",
                "count": 0
            },
            {
                "id": "100067930177504",
                "count": 0
            },
            {
                "id": "100076965934609",
                "count": 0
            },
            {
                "id": "100094314882749",
                "count": 0
            },
            {
                "id": "100035421814099",
                "count": 0
            },
            {
                "id": "100090168070553",
                "count": 0
            },
            {
                "id": "100047128875560",
                "count": 0
            },
            {
                "id": "61554942840114",
                "count": 0
            },
            {
                "id": "100058313270528",
                "count": 0
            },
            {
                "id": "512037995",
                "count": 0
            },
            {
                "id": "100060865659897",
                "count": 0
            },
            {
                "id": "100078441331190",
                "count": 0
            },
            {
                "id": "100047152010637",
                "count": 0
            },
            {
                "id": "61556574685563",
                "count": 0
            },
            {
                "id": "100060894693968",
                "count": 0
            },
            {
                "id": "100061172506707",
                "count": 0
            },
            {
                "id": "61554619410068",
                "count": 0
            },
            {
                "id": "61552109253372",
                "count": 0
            },
            {
                "id": "100024693671226",
                "count": 0
            },
            {
                "id": "100082055229744",
                "count": 0
            },
            {
                "id": "100087762024208",
                "count": 0
            },
            {
                "id": "100081730332704",
                "count": 0
            },
            {
                "id": "100066601090728",
                "count": 0
            },
            {
                "id": "100037465932663",
                "count": 0
            },
            {
                "id": "1074491699",
                "count": 0
            },
            {
                "id": "593577006",
                "count": 0
            },
            {
                "id": "100084132555348",
                "count": 0
            },
            {
                "id": "100015708247902",
                "count": 0
            },
            {
                "id": "100048031278514",
                "count": 0
            },
            {
                "id": "100071730936354",
                "count": 0
            },
            {
                "id": "100095329730145",
                "count": 0
            },
            {
                "id": "100068096370437",
                "count": 0
            },
            {
                "id": "100074485740415",
                "count": 0
            },
            {
                "id": "61555927277041",
                "count": 0
            },
            {
                "id": "100048879443926",
                "count": 0
            },
            {
                "id": "100072696458960",
                "count": 0
            },
            {
                "id": "100081129610697",
                "count": 0
            },
            {
                "id": "100094245504929",
                "count": 0
            },
            {
                "id": "61554442075052",
                "count": 0
            },
            {
                "id": "61554393416358",
                "count": 0
            },
            {
                "id": "61556010446703",
                "count": 0
            },
            {
                "id": "100057405034104",
                "count": 0
            },
            {
                "id": "100022999090941",
                "count": 0
            },
            {
                "id": "100088410702108",
                "count": 0
            },
            {
                "id": "100077414508075",
                "count": 0
            },
            {
                "id": "100041079390776",
                "count": 0
            },
            {
                "id": "61551058985245",
                "count": 0
            },
            {
                "id": "100080647629698",
                "count": 0
            },
            {
                "id": "100075360925393",
                "count": 0
            },
            {
                "id": "100041296170925",
                "count": 0
            },
            {
                "id": "1157367125",
                "count": 0
            },
            {
                "id": "61550888970666",
                "count": 0
            },
            {
                "id": "100089735529236",
                "count": 0
            },
            {
                "id": "100006151832027",
                "count": 0
            },
            {
                "id": "100084996133963",
                "count": 0
            },
            {
                "id": "100088868400760",
                "count": 0
            },
            {
                "id": "61557161942074",
                "count": 0
            },
            {
                "id": "61557329604394",
                "count": 0
            },
            {
                "id": "100073311773326",
                "count": 0
            },
            {
                "id": "100048286966787",
                "count": 0
            },
            {
                "id": "100012547178957",
                "count": 0
            },
            {
                "id": "100053218521866",
                "count": 0
            },
            {
                "id": "100004989570567",
                "count": 0
            },
            {
                "id": "61552479907169",
                "count": 0
            },
            {
                "id": "100088737923043",
                "count": 0
            },
            {
                "id": "61557369203399",
                "count": 0
            },
            {
                "id": "100030860482751",
                "count": 0
            },
            {
                "id": "61557025613046",
                "count": 0
            },
            {
                "id": "100075198002506",
                "count": 0
            },
            {
                "id": "100074229705151",
                "count": 0
            },
            {
                "id": "100093163953498",
                "count": 0
            },
            {
                "id": "61557163703160",
                "count": 0
            },
            {
                "id": "100078232936023",
                "count": 0
            },
            {
                "id": "100088752576867",
                "count": 0
            },
            {
                "id": "61556439033872",
                "count": 0
            },
            {
                "id": "100082668132301",
                "count": 0
            },
            {
                "id": "100070159519360",
                "count": 0
            },
            {
                "id": "100029666401539",
                "count": 0
            },
            {
                "id": "61556487776603",
                "count": 0
            },
            {
                "id": "61551085254089",
                "count": 0
            },
            {
                "id": "100000286945731",
                "count": 0
            },
            {
                "id": "100027937773675",
                "count": 0
            },
            {
                "id": "100095295265464",
                "count": 0
            },
            {
                "id": "100004015031111",
                "count": 0
            },
            {
                "id": "61556973076486",
                "count": 0
            },
            {
                "id": "100038791595043",
                "count": 0
            },
            {
                "id": "100001934073913",
                "count": 0
            },
            {
                "id": "61557697311088",
                "count": 0
            },
            {
                "id": "100002323834540",
                "count": 0
            },
            {
                "id": "100093082543154",
                "count": 0
            },
            {
                "id": "100077774382583",
                "count": 0
            },
            {
                "id": "100085088395095",
                "count": 0
            },
            {
                "id": "100075216610999",
                "count": 0
            },
            {
                "id": "61557596665853",
                "count": 0
            },
            {
                "id": "100001378940139",
                "count": 0
            },
            {
                "id": "61557611997499",
                "count": 0
            },
            {
                "id": "61555876516470",
                "count": 0
            }
        ],
        "week": [
            {
                "id": "509484270",
                "count": 0
            },
            {
                "id": "100056385116028",
                "count": 0
            },
            {
                "id": "100069864945865",
                "count": 0
            },
            {
                "id": "100083205727767",
                "count": 0
            },
            {
                "id": "100029378752728",
                "count": 0
            },
            {
                "id": "100074224563535",
                "count": 0
            },
            {
                "id": "100067508386723",
                "count": 0
            },
            {
                "id": "100000732833159",
                "count": 0
            },
            {
                "id": "100068310261131",
                "count": 0
            },
            {
                "id": "100090511285969",
                "count": 0
            },
            {
                "id": "100061160525111",
                "count": 0
            },
            {
                "id": "100092744481406",
                "count": 0
            },
            {
                "id": "100011422572422",
                "count": 0
            },
            {
                "id": "100004458484369",
                "count": 0
            },
            {
                "id": "100083502499869",
                "count": 0
            },
            {
                "id": "100088817988946",
                "count": 0
            },
            {
                "id": "100085342716116",
                "count": 0
            },
            {
                "id": "100077256660549",
                "count": 0
            },
            {
                "id": "100074293234284",
                "count": 0
            },
            {
                "id": "100069091017023",
                "count": 0
            },
            {
                "id": "100013518348399",
                "count": 0
            },
            {
                "id": "1489675800",
                "count": 0
            },
            {
                "id": "100048033791608",
                "count": 0
            },
            {
                "id": "100031177811759",
                "count": 0
            },
            {
                "id": "100000194247253",
                "count": 0
            },
            {
                "id": "100030967444445",
                "count": 0
            },
            {
                "id": "100025452960563",
                "count": 0
            },
            {
                "id": "100056101540630",
                "count": 0
            },
            {
                "id": "1417149937",
                "count": 0
            },
            {
                "id": "100085073240621",
                "count": 0
            },
            {
                "id": "100088286371303",
                "count": 0
            },
            {
                "id": "100075493308135",
                "count": 0
            },
            {
                "id": "100000493975005",
                "count": 0
            },
            {
                "id": "100051241563318",
                "count": 0
            },
            {
                "id": "100038946913086",
                "count": 0
            },
            {
                "id": "100002670454325",
                "count": 0
            },
            {
                "id": "100089159412845",
                "count": 0
            },
            {
                "id": "100012917979592",
                "count": 0
            },
            {
                "id": "100050999371837",
                "count": 0
            },
            {
                "id": "832704028",
                "count": 0
            },
            {
                "id": "100089352882349",
                "count": 0
            },
            {
                "id": "100029543890778",
                "count": 0
            },
            {
                "id": "100067930177504",
                "count": 0
            },
            {
                "id": "100076965934609",
                "count": 0
            },
            {
                "id": "100094314882749",
                "count": 0
            },
            {
                "id": "100035421814099",
                "count": 0
            },
            {
                "id": "100090168070553",
                "count": 0
            },
            {
                "id": "100047128875560",
                "count": 0
            },
            {
                "id": "61554942840114",
                "count": 0
            },
            {
                "id": "100058313270528",
                "count": 0
            },
            {
                "id": "512037995",
                "count": 0
            },
            {
                "id": "100060865659897",
                "count": 0
            },
            {
                "id": "100078441331190",
                "count": 0
            },
            {
                "id": "100047152010637",
                "count": 0
            },
            {
                "id": "61556574685563",
                "count": 0
            },
            {
                "id": "100060894693968",
                "count": 0
            },
            {
                "id": "100061172506707",
                "count": 0
            },
            {
                "id": "61554619410068",
                "count": 0
            },
            {
                "id": "61552109253372",
                "count": 0
            },
            {
                "id": "100024693671226",
                "count": 0
            },
            {
                "id": "100082055229744",
                "count": 0
            },
            {
                "id": "100087762024208",
                "count": 0
            },
            {
                "id": "100081730332704",
                "count": 0
            },
            {
                "id": "100066601090728",
                "count": 0
            },
            {
                "id": "100037465932663",
                "count": 0
            },
            {
                "id": "1074491699",
                "count": 0
            },
            {
                "id": "593577006",
                "count": 0
            },
            {
                "id": "100084132555348",
                "count": 0
            },
            {
                "id": "100015708247902",
                "count": 0
            },
            {
                "id": "100048031278514",
                "count": 0
            },
            {
                "id": "100071730936354",
                "count": 0
            },
            {
                "id": "100095329730145",
                "count": 0
            },
            {
                "id": "100068096370437",
                "count": 0
            },
            {
                "id": "100074485740415",
                "count": 0
            },
            {
                "id": "61555927277041",
                "count": 0
            },
            {
                "id": "100048879443926",
                "count": 0
            },
            {
                "id": "100072696458960",
                "count": 0
            },
            {
                "id": "100081129610697",
                "count": 0
            },
            {
                "id": "100094245504929",
                "count": 0
            },
            {
                "id": "61554442075052",
                "count": 0
            },
            {
                "id": "61554393416358",
                "count": 0
            },
            {
                "id": "61556010446703",
                "count": 0
            },
            {
                "id": "100057405034104",
                "count": 0
            },
            {
                "id": "100022999090941",
                "count": 0
            },
            {
                "id": "100088410702108",
                "count": 0
            },
            {
                "id": "100077414508075",
                "count": 0
            },
            {
                "id": "100041079390776",
                "count": 0
            },
            {
                "id": "61551058985245",
                "count": 0
            },
            {
                "id": "100080647629698",
                "count": 0
            },
            {
                "id": "100075360925393",
                "count": 0
            },
            {
                "id": "100041296170925",
                "count": 0
            },
            {
                "id": "1157367125",
                "count": 0
            },
            {
                "id": "61550888970666",
                "count": 0
            },
            {
                "id": "100089735529236",
                "count": 0
            },
            {
                "id": "100006151832027",
                "count": 0
            },
            {
                "id": "100084996133963",
                "count": 0
            },
            {
                "id": "100088868400760",
                "count": 0
            },
            {
                "id": "61557161942074",
                "count": 0
            },
            {
                "id": "61557329604394",
                "count": 0
            },
            {
                "id": "100073311773326",
                "count": 0
            },
            {
                "id": "100048286966787",
                "count": 0
            },
            {
                "id": "100012547178957",
                "count": 0
            },
            {
                "id": "100053218521866",
                "count": 0
            },
            {
                "id": "100004989570567",
                "count": 0
            },
            {
                "id": "61552479907169",
                "count": 0
            },
            {
                "id": "100088737923043",
                "count": 0
            },
            {
                "id": "61557369203399",
                "count": 0
            },
            {
                "id": "100030860482751",
                "count": 0
            },
            {
                "id": "61557025613046",
                "count": 0
            },
            {
                "id": "100075198002506",
                "count": 0
            },
            {
                "id": "100074229705151",
                "count": 0
            },
            {
                "id": "100093163953498",
                "count": 0
            },
            {
                "id": "61557163703160",
                "count": 0
            },
            {
                "id": "100078232936023",
                "count": 0
            },
            {
                "id": "100088752576867",
                "count": 0
            },
            {
                "id": "61556439033872",
                "count": 0
            },
            {
                "id": "100082668132301",
                "count": 0
            },
            {
                "id": "100070159519360",
                "count": 0
            },
            {
                "id": "100029666401539",
                "count": 0
            },
            {
                "id": "61556487776603",
                "count": 0
            },
            {
                "id": "61551085254089",
                "count": 0
            },
            {
                "id": "100000286945731",
                "count": 0
            },
            {
                "id": "100027937773675",
                "count": 0
            },
            {
                "id": "100095295265464",
                "count": 0
            },
            {
                "id": "100004015031111",
                "count": 0
            },
            {
                "id": "61556973076486",
                "count": 0
            },
            {
                "id": "100038791595043",
                "count": 0
            },
            {
                "id": "100001934073913",
                "count": 0
            },
            {
                "id": "61557697311088",
                "count": 0
            },
            {
                "id": "100002323834540",
                "count": 0
            },
            {
                "id": "100093082543154",
                "count": 0
            },
            {
                "id": "100077774382583",
                "count": 0
            },
            {
                "id": "100085088395095",
                "count": 0
            },
            {
                "id": "100075216610999",
                "count": 0
            },
            {
                "id": "61557596665853",
                "count": 0
            },
            {
                "id": "100001378940139",
                "count": 0
            },
            {
                "id": "61557611997499",
                "count": 0
            },
            {
                "id": "61555876516470",
                "count": 0
            }
        ]
    }
}