{
    "total": [
        {
            "id": "100084346316078",
            "count": 0
        },
        {
            "id": "100079458820003",
            "count": 0
        },
        {
            "id": "100069851124748",
            "count": 0
        },
        {
            "id": "100087785870911",
            "count": 12
        },
        {
            "id": "100059768690474",
            "count": 0
        },
        {
            "id": "100081298007232",
            "count": 0
        },
        {
            "id": "100084481492905",
            "count": 0
        },
        {
            "id": "100071239543302",
            "count": 0
        },
        {
            "id": "100081576429847",
            "count": 0
        },
        {
            "id": "61553455123978",
            "count": 0
        },
        {
            "id": "61550747927439",
            "count": 0
        },
        {
            "id": "100091855157631",
            "count": 0
        },
        {
            "id": "61554371671909",
            "count": 0
        },
        {
            "id": "61555416624386",
            "count": 0
        },
        {
            "id": "100089956666355",
            "count": 0
        },
        {
            "id": "100071998490155",
            "count": 0
        },
        {
            "id": "100070035656726",
            "count": 8
        },
        {
            "id": "61556234303674",
            "count": 0
        },
        {
            "id": "100088462730386",
            "count": 0
        },
        {
            "id": "100076353516619",
            "count": 0
        },
        {
            "id": "100087751500899",
            "count": 0
        },
        {
            "id": "100093598442986",
            "count": 0
        },
        {
            "id": "100055717838209",
            "count": 0
        },
        {
            "id": "100088316495251",
            "count": 0
        },
        {
            "id": "61554454048601",
            "count": 0
        },
        {
            "id": "100094248202586",
            "count": 0
        },
        {
            "id": "100087198357369",
            "count": 0
        },
        {
            "id": "100055568445345",
            "count": 0
        },
        {
            "id": "100069522473085",
            "count": 0
        },
        {
            "id": "100069608153699",
            "count": 0
        },
        {
            "id": "61555767821788",
            "count": 0
        },
        {
            "id": "100094197546243",
            "count": 0
        },
        {
            "id": "100085001496485",
            "count": 0
        },
        {
            "id": "100035536847735",
            "count": 0
        },
        {
            "id": "100055558999830",
            "count": 17
        },
        {
            "id": "100054091173464",
            "count": 0
        },
        {
            "id": "100094342874097",
            "count": 0
        },
        {
            "id": "61553140010699",
            "count": 4
        },
        {
            "id": "61551754085065",
            "count": 0
        },
        {
            "id": "100000675966450",
            "count": 0
        },
        {
            "id": "61550315956801",
            "count": 0
        },
        {
            "id": "100089092031034",
            "count": 0
        },
        {
            "id": "100092563316484",
            "count": 0
        },
        {
            "id": "61551953797013",
            "count": 0
        },
        {
            "id": "100078999491288",
            "count": 0
        },
        {
            "id": "100080729894002",
            "count": 11
        },
        {
            "id": "100083708986199",
            "count": 0
        },
        {
            "id": "61555845401593",
            "count": 0
        },
        {
            "id": "100089119006478",
            "count": 0
        },
        {
            "id": "100000012568234",
            "count": 0
        },
        {
            "id": "100085149812273",
            "count": 0
        },
        {
            "id": "100076226546724",
            "count": 2
        },
        {
            "id": "61554268328169",
            "count": 0
        },
        {
            "id": "61556817225073",
            "count": 0
        },
        {
            "id": "100071863473409",
            "count": 0
        },
        {
            "id": "61553962357069",
            "count": 0
        },
        {
            "id": "61552637744797",
            "count": 0
        },
        {
            "id": "100089470313565",
            "count": 0
        },
        {
            "id": "61551455807778",
            "count": 0
        },
        {
            "id": "100074056935652",
            "count": 0
        },
        {
            "id": "1269163581",
            "count": 0
        },
        {
            "id": "100054566631167",
            "count": 0
        },
        {
            "id": "100076453470114",
            "count": 0
        },
        {
            "id": "100074559663707",
            "count": 0
        },
        {
            "id": "100077354653989",
            "count": 0
        },
        {
            "id": "100089716818406",
            "count": 0
        },
        {
            "id": "100091074853072",
            "count": 0
        },
        {
            "id": "100067016293474",
            "count": 0
        },
        {
            "id": "61556891940609",
            "count": 0
        },
        {
            "id": "1456644783",
            "count": 0
        },
        {
            "id": "100082488008602",
            "count": 0
        },
        {
            "id": "100084284884665",
            "count": 0
        },
        {
            "id": "100056939122179",
            "count": 0
        },
        {
            "id": "100074377098549",
            "count": 0
        },
        {
            "id": "100079022161340",
            "count": 0
        },
        {
            "id": "100086213606803",
            "count": 0
        },
        {
            "id": "100050999371837",
            "count": 0
        },
        {
            "id": "100075216610999",
            "count": 29
        }
    ],
    "week": [
        {
            "id": "100084346316078",
            "count": 0,
            "name": "Người dùng facebook"
        },
        {
            "id": "100079458820003",
            "count": 0,
            "name": "Người dùng facebook"
        },
        {
            "id": "100069851124748",
            "count": 0,
            "name": "Người dùng facebook"
        },
        {
            "id": "100087785870911",
            "count": 0,
            "name": "Người dùng facebook"
        },
        {
            "id": "100059768690474",
            "count": 0,
            "name": "Người dùng facebook"
        },
        {
            "id": "100081298007232",
            "count": 0,
            "name": "Người dùng facebook"
        },
        {
            "id": "100084481492905",
            "count": 0,
            "name": "Người dùng facebook"
        },
        {
            "id": "100071239543302",
            "count": 0,
            "name": "Người dùng facebook"
        },
        {
            "id": "100081576429847",
            "count": 0,
            "name": "Người dùng facebook"
        },
        {
            "id": "61553455123978",
            "count": 0,
            "name": "Người dùng facebook"
        },
        {
            "id": "61550747927439",
            "count": 0,
            "name": "Người dùng facebook"
        },
        {
            "id": "100091855157631",
            "count": 0,
            "name": "Người dùng facebook"
        },
        {
            "id": "61554371671909",
            "count": 0,
            "name": "Người dùng facebook"
        },
        {
            "id": "61555416624386",
            "count": 0,
            "name": "Người dùng facebook"
        },
        {
            "id": "100089956666355",
            "count": 0,
            "name": "Người dùng facebook"
        },
        {
            "id": "100071998490155",
            "count": 0,
            "name": "Người dùng facebook"
        },
        {
            "id": "100070035656726",
            "count": 0,
            "name": "Người dùng facebook"
        },
        {
            "id": "61556234303674",
            "count": 0,
            "name": "Người dùng facebook"
        },
        {
            "id": "100088462730386",
            "count": 0,
            "name": "Người dùng facebook"
        },
        {
            "id": "100076353516619",
            "count": 0,
            "name": "Người dùng facebook"
        },
        {
            "id": "100087751500899",
            "count": 0,
            "name": "Người dùng facebook"
        },
        {
            "id": "100093598442986",
            "count": 0,
            "name": "Người dùng facebook"
        },
        {
            "id": "100055717838209",
            "count": 0,
            "name": "Người dùng facebook"
        },
        {
            "id": "100088316495251",
            "count": 0,
            "name": "Người dùng facebook"
        },
        {
            "id": "61554454048601",
            "count": 0,
            "name": "Người dùng facebook"
        },
        {
            "id": "100094248202586",
            "count": 0,
            "name": "Người dùng facebook"
        },
        {
            "id": "100087198357369",
            "count": 0,
            "name": "Người dùng facebook"
        },
        {
            "id": "100055568445345",
            "count": 0,
            "name": "Người dùng facebook"
        },
        {
            "id": "100069522473085",
            "count": 0,
            "name": "Người dùng facebook"
        },
        {
            "id": "100069608153699",
            "count": 0,
            "name": "Người dùng facebook"
        },
        {
            "id": "61555767821788",
            "count": 0,
            "name": "Người dùng facebook"
        },
        {
            "id": "100094197546243",
            "count": 0,
            "name": "Người dùng facebook"
        },
        {
            "id": "100085001496485",
            "count": 0,
            "name": "Người dùng facebook"
        },
        {
            "id": "100035536847735",
            "count": 0,
            "name": "Người dùng facebook"
        },
        {
            "id": "100055558999830",
            "count": 0,
            "name": "Người dùng facebook"
        },
        {
            "id": "100054091173464",
            "count": 0,
            "name": "Người dùng facebook"
        },
        {
            "id": "100094342874097",
            "count": 0,
            "name": "Người dùng facebook"
        },
        {
            "id": "61553140010699",
            "count": 0,
            "name": "Người dùng facebook"
        },
        {
            "id": "61551754085065",
            "count": 0,
            "name": "Người dùng facebook"
        },
        {
            "id": "100000675966450",
            "count": 0,
            "name": "Người dùng facebook"
        },
        {
            "id": "61550315956801",
            "count": 0,
            "name": "Người dùng facebook"
        },
        {
            "id": "100089092031034",
            "count": 0,
            "name": "Người dùng facebook"
        },
        {
            "id": "100092563316484",
            "count": 0,
            "name": "Người dùng facebook"
        },
        {
            "id": "61551953797013",
            "count": 0,
            "name": "Người dùng facebook"
        },
        {
            "id": "100078999491288",
            "count": 0,
            "name": "Người dùng facebook"
        },
        {
            "id": "100080729894002",
            "count": 0,
            "name": "Người dùng facebook"
        },
        {
            "id": "100083708986199",
            "count": 0,
            "name": "Người dùng facebook"
        },
        {
            "id": "61555845401593",
            "count": 0,
            "name": "Người dùng facebook"
        },
        {
            "id": "100089119006478",
            "count": 0,
            "name": "Người dùng facebook"
        },
        {
            "id": "100000012568234",
            "count": 0,
            "name": "Người dùng facebook"
        },
        {
            "id": "100085149812273",
            "count": 0,
            "name": "Người dùng facebook"
        },
        {
            "id": "100076226546724",
            "count": 0,
            "name": "Người dùng facebook"
        },
        {
            "id": "61554268328169",
            "count": 0,
            "name": "Người dùng facebook"
        },
        {
            "id": "61556817225073",
            "count": 0,
            "name": "Người dùng facebook"
        },
        {
            "id": "100071863473409",
            "count": 0,
            "name": "Người dùng facebook"
        },
        {
            "id": "61553962357069",
            "count": 0,
            "name": "Người dùng facebook"
        },
        {
            "id": "61552637744797",
            "count": 0,
            "name": "Người dùng facebook"
        },
        {
            "id": "100089470313565",
            "count": 0,
            "name": "Người dùng facebook"
        },
        {
            "id": "61551455807778",
            "count": 0,
            "name": "Người dùng facebook"
        },
        {
            "id": "100074056935652",
            "count": 0,
            "name": "Người dùng facebook"
        },
        {
            "id": "1269163581",
            "count": 0,
            "name": "Người dùng facebook"
        },
        {
            "id": "100054566631167",
            "count": 0,
            "name": "Người dùng facebook"
        },
        {
            "id": "100076453470114",
            "count": 0,
            "name": "Người dùng facebook"
        },
        {
            "id": "100074559663707",
            "count": 0,
            "name": "Người dùng facebook"
        },
        {
            "id": "100077354653989",
            "count": 0,
            "name": "Người dùng facebook"
        },
        {
            "id": "100089716818406",
            "count": 0,
            "name": "Người dùng facebook"
        },
        {
            "id": "100091074853072",
            "count": 0,
            "name": "Người dùng facebook"
        },
        {
            "id": "100067016293474",
            "count": 0,
            "name": "Người dùng facebook"
        },
        {
            "id": "61556891940609",
            "count": 0,
            "name": "Người dùng facebook"
        },
        {
            "id": "1456644783",
            "count": 0,
            "name": "Người dùng facebook"
        },
        {
            "id": "100082488008602",
            "count": 0,
            "name": "Người dùng facebook"
        },
        {
            "id": "100084284884665",
            "count": 0,
            "name": "Người dùng facebook"
        },
        {
            "id": "100056939122179",
            "count": 0,
            "name": "Người dùng facebook"
        },
        {
            "id": "100074377098549",
            "count": 0,
            "name": "Người dùng facebook"
        },
        {
            "id": "100079022161340",
            "count": 0,
            "name": "Người dùng facebook"
        },
        {
            "id": "100086213606803",
            "count": 0,
            "name": "Người dùng facebook"
        },
        {
            "id": "100050999371837",
            "count": 0,
            "name": "Tiến Nguyễn"
        },
        {
            "id": "100075216610999",
            "count": 0,
            "name": "Hyouka Granger"
        }
    ],
    "day": [
        {
            "id": "100084346316078",
            "count": 0,
            "name": "Người dùng facebook"
        },
        {
            "id": "100079458820003",
            "count": 0,
            "name": "Người dùng facebook"
        },
        {
            "id": "100069851124748",
            "count": 0,
            "name": "Người dùng facebook"
        },
        {
            "id": "100087785870911",
            "count": 0,
            "name": "Người dùng facebook"
        },
        {
            "id": "100059768690474",
            "count": 0,
            "name": "Người dùng facebook"
        },
        {
            "id": "100081298007232",
            "count": 0,
            "name": "Người dùng facebook"
        },
        {
            "id": "100084481492905",
            "count": 0,
            "name": "Người dùng facebook"
        },
        {
            "id": "100071239543302",
            "count": 0,
            "name": "Người dùng facebook"
        },
        {
            "id": "100081576429847",
            "count": 0,
            "name": "Người dùng facebook"
        },
        {
            "id": "61553455123978",
            "count": 0,
            "name": "Người dùng facebook"
        },
        {
            "id": "61550747927439",
            "count": 0,
            "name": "Người dùng facebook"
        },
        {
            "id": "100091855157631",
            "count": 0,
            "name": "Người dùng facebook"
        },
        {
            "id": "61554371671909",
            "count": 0,
            "name": "Người dùng facebook"
        },
        {
            "id": "61555416624386",
            "count": 0,
            "name": "Người dùng facebook"
        },
        {
            "id": "100089956666355",
            "count": 0,
            "name": "Người dùng facebook"
        },
        {
            "id": "100071998490155",
            "count": 0,
            "name": "Người dùng facebook"
        },
        {
            "id": "100070035656726",
            "count": 0,
            "name": "Người dùng facebook"
        },
        {
            "id": "61556234303674",
            "count": 0,
            "name": "Người dùng facebook"
        },
        {
            "id": "100088462730386",
            "count": 0,
            "name": "Người dùng facebook"
        },
        {
            "id": "100076353516619",
            "count": 0,
            "name": "Người dùng facebook"
        },
        {
            "id": "100087751500899",
            "count": 0,
            "name": "Người dùng facebook"
        },
        {
            "id": "100093598442986",
            "count": 0,
            "name": "Người dùng facebook"
        },
        {
            "id": "100055717838209",
            "count": 0,
            "name": "Người dùng facebook"
        },
        {
            "id": "100088316495251",
            "count": 0,
            "name": "Người dùng facebook"
        },
        {
            "id": "61554454048601",
            "count": 0,
            "name": "Người dùng facebook"
        },
        {
            "id": "100094248202586",
            "count": 0,
            "name": "Người dùng facebook"
        },
        {
            "id": "100087198357369",
            "count": 0,
            "name": "Người dùng facebook"
        },
        {
            "id": "100055568445345",
            "count": 0,
            "name": "Người dùng facebook"
        },
        {
            "id": "100069522473085",
            "count": 0,
            "name": "Người dùng facebook"
        },
        {
            "id": "100069608153699",
            "count": 0,
            "name": "Người dùng facebook"
        },
        {
            "id": "61555767821788",
            "count": 0,
            "name": "Người dùng facebook"
        },
        {
            "id": "100094197546243",
            "count": 0,
            "name": "Người dùng facebook"
        },
        {
            "id": "100085001496485",
            "count": 0,
            "name": "Người dùng facebook"
        },
        {
            "id": "100035536847735",
            "count": 0,
            "name": "Người dùng facebook"
        },
        {
            "id": "100055558999830",
            "count": 0,
            "name": "Người dùng facebook"
        },
        {
            "id": "100054091173464",
            "count": 0,
            "name": "Người dùng facebook"
        },
        {
            "id": "100094342874097",
            "count": 0,
            "name": "Người dùng facebook"
        },
        {
            "id": "61553140010699",
            "count": 0,
            "name": "Người dùng facebook"
        },
        {
            "id": "61551754085065",
            "count": 0,
            "name": "Người dùng facebook"
        },
        {
            "id": "100000675966450",
            "count": 0,
            "name": "Người dùng facebook"
        },
        {
            "id": "61550315956801",
            "count": 0,
            "name": "Người dùng facebook"
        },
        {
            "id": "100089092031034",
            "count": 0,
            "name": "Người dùng facebook"
        },
        {
            "id": "100092563316484",
            "count": 0,
            "name": "Người dùng facebook"
        },
        {
            "id": "61551953797013",
            "count": 0,
            "name": "Người dùng facebook"
        },
        {
            "id": "100078999491288",
            "count": 0,
            "name": "Người dùng facebook"
        },
        {
            "id": "100080729894002",
            "count": 0,
            "name": "Người dùng facebook"
        },
        {
            "id": "100083708986199",
            "count": 0,
            "name": "Người dùng facebook"
        },
        {
            "id": "61555845401593",
            "count": 0,
            "name": "Người dùng facebook"
        },
        {
            "id": "100089119006478",
            "count": 0,
            "name": "Người dùng facebook"
        },
        {
            "id": "100000012568234",
            "count": 0,
            "name": "Người dùng facebook"
        },
        {
            "id": "100085149812273",
            "count": 0,
            "name": "Người dùng facebook"
        },
        {
            "id": "100076226546724",
            "count": 0,
            "name": "Người dùng facebook"
        },
        {
            "id": "61554268328169",
            "count": 0,
            "name": "Người dùng facebook"
        },
        {
            "id": "61556817225073",
            "count": 0,
            "name": "Người dùng facebook"
        },
        {
            "id": "100071863473409",
            "count": 0,
            "name": "Người dùng facebook"
        },
        {
            "id": "61553962357069",
            "count": 0,
            "name": "Người dùng facebook"
        },
        {
            "id": "61552637744797",
            "count": 0,
            "name": "Người dùng facebook"
        },
        {
            "id": "100089470313565",
            "count": 0,
            "name": "Người dùng facebook"
        },
        {
            "id": "61551455807778",
            "count": 0,
            "name": "Người dùng facebook"
        },
        {
            "id": "100074056935652",
            "count": 0,
            "name": "Người dùng facebook"
        },
        {
            "id": "1269163581",
            "count": 0,
            "name": "Người dùng facebook"
        },
        {
            "id": "100054566631167",
            "count": 0,
            "name": "Người dùng facebook"
        },
        {
            "id": "100076453470114",
            "count": 0,
            "name": "Người dùng facebook"
        },
        {
            "id": "100074559663707",
            "count": 0,
            "name": "Người dùng facebook"
        },
        {
            "id": "100077354653989",
            "count": 0,
            "name": "Người dùng facebook"
        },
        {
            "id": "100089716818406",
            "count": 0,
            "name": "Người dùng facebook"
        },
        {
            "id": "100091074853072",
            "count": 0,
            "name": "Người dùng facebook"
        },
        {
            "id": "100067016293474",
            "count": 0,
            "name": "Người dùng facebook"
        },
        {
            "id": "61556891940609",
            "count": 0,
            "name": "Người dùng facebook"
        },
        {
            "id": "1456644783",
            "count": 0,
            "name": "Người dùng facebook"
        },
        {
            "id": "100082488008602",
            "count": 0,
            "name": "Người dùng facebook"
        },
        {
            "id": "100084284884665",
            "count": 0,
            "name": "Người dùng facebook"
        },
        {
            "id": "100056939122179",
            "count": 0,
            "name": "Người dùng facebook"
        },
        {
            "id": "100074377098549",
            "count": 0,
            "name": "Người dùng facebook"
        },
        {
            "id": "100079022161340",
            "count": 0,
            "name": "Người dùng facebook"
        },
        {
            "id": "100086213606803",
            "count": 0,
            "name": "Người dùng facebook"
        },
        {
            "id": "100050999371837",
            "count": 0,
            "name": "Tiến Nguyễn"
        },
        {
            "id": "100075216610999",
            "count": 0,
            "name": "Hyouka Granger"
        }
    ],
    "time": 5,
    "last": {
        "time": 5,
        "day": [
            {
                "id": "100084346316078",
                "count": 0
            },
            {
                "id": "100079458820003",
                "count": 0
            },
            {
                "id": "100069851124748",
                "count": 0
            },
            {
                "id": "100087785870911",
                "count": 0
            },
            {
                "id": "100059768690474",
                "count": 0
            },
            {
                "id": "100081298007232",
                "count": 0
            },
            {
                "id": "100084481492905",
                "count": 0
            },
            {
                "id": "100071239543302",
                "count": 0
            },
            {
                "id": "100081576429847",
                "count": 0
            },
            {
                "id": "61553455123978",
                "count": 0
            },
            {
                "id": "61550747927439",
                "count": 0
            },
            {
                "id": "100091855157631",
                "count": 0
            },
            {
                "id": "61554371671909",
                "count": 0
            },
            {
                "id": "61555416624386",
                "count": 0
            },
            {
                "id": "100089956666355",
                "count": 0
            },
            {
                "id": "100071998490155",
                "count": 0
            },
            {
                "id": "100070035656726",
                "count": 0
            },
            {
                "id": "61556234303674",
                "count": 0
            },
            {
                "id": "100088462730386",
                "count": 0
            },
            {
                "id": "100076353516619",
                "count": 0
            },
            {
                "id": "100087751500899",
                "count": 0
            },
            {
                "id": "100093598442986",
                "count": 0
            },
            {
                "id": "100055717838209",
                "count": 0
            },
            {
                "id": "100088316495251",
                "count": 0
            },
            {
                "id": "61554454048601",
                "count": 0
            },
            {
                "id": "100094248202586",
                "count": 0
            },
            {
                "id": "100087198357369",
                "count": 0
            },
            {
                "id": "100055568445345",
                "count": 0
            },
            {
                "id": "100069522473085",
                "count": 0
            },
            {
                "id": "100069608153699",
                "count": 0
            },
            {
                "id": "61555767821788",
                "count": 0
            },
            {
                "id": "100094197546243",
                "count": 0
            },
            {
                "id": "100085001496485",
                "count": 0
            },
            {
                "id": "100035536847735",
                "count": 0
            },
            {
                "id": "100055558999830",
                "count": 0
            },
            {
                "id": "100054091173464",
                "count": 0
            },
            {
                "id": "100094342874097",
                "count": 0
            },
            {
                "id": "61553140010699",
                "count": 0
            },
            {
                "id": "61551754085065",
                "count": 0
            },
            {
                "id": "100000675966450",
                "count": 0
            },
            {
                "id": "61550315956801",
                "count": 0
            },
            {
                "id": "100089092031034",
                "count": 0
            },
            {
                "id": "100092563316484",
                "count": 0
            },
            {
                "id": "61551953797013",
                "count": 0
            },
            {
                "id": "100078999491288",
                "count": 0
            },
            {
                "id": "100080729894002",
                "count": 0
            },
            {
                "id": "100083708986199",
                "count": 0
            },
            {
                "id": "61555845401593",
                "count": 0
            },
            {
                "id": "100089119006478",
                "count": 0
            },
            {
                "id": "100000012568234",
                "count": 0
            },
            {
                "id": "100085149812273",
                "count": 0
            },
            {
                "id": "100076226546724",
                "count": 0
            },
            {
                "id": "61554268328169",
                "count": 0
            },
            {
                "id": "61556817225073",
                "count": 0
            },
            {
                "id": "100071863473409",
                "count": 0
            },
            {
                "id": "61553962357069",
                "count": 0
            },
            {
                "id": "61552637744797",
                "count": 0
            },
            {
                "id": "100089470313565",
                "count": 0
            },
            {
                "id": "61551455807778",
                "count": 0
            },
            {
                "id": "100074056935652",
                "count": 0
            },
            {
                "id": "1269163581",
                "count": 0
            },
            {
                "id": "100054566631167",
                "count": 0
            },
            {
                "id": "100076453470114",
                "count": 0
            },
            {
                "id": "100074559663707",
                "count": 0
            },
            {
                "id": "100077354653989",
                "count": 0
            },
            {
                "id": "100089716818406",
                "count": 0
            },
            {
                "id": "100091074853072",
                "count": 0
            },
            {
                "id": "100067016293474",
                "count": 0
            },
            {
                "id": "61556891940609",
                "count": 0
            },
            {
                "id": "1456644783",
                "count": 0
            },
            {
                "id": "100082488008602",
                "count": 0
            },
            {
                "id": "100084284884665",
                "count": 0
            },
            {
                "id": "100056939122179",
                "count": 0
            },
            {
                "id": "100074377098549",
                "count": 0
            },
            {
                "id": "100079022161340",
                "count": 0
            },
            {
                "id": "100086213606803",
                "count": 0
            },
            {
                "id": "100050999371837",
                "count": 0
            },
            {
                "id": "100075216610999",
                "count": 0
            }
        ],
        "week": [
            {
                "id": "100084346316078",
                "count": 0
            },
            {
                "id": "100079458820003",
                "count": 0
            },
            {
                "id": "100069851124748",
                "count": 0
            },
            {
                "id": "100087785870911",
                "count": 0
            },
            {
                "id": "100059768690474",
                "count": 0
            },
            {
                "id": "100081298007232",
                "count": 0
            },
            {
                "id": "100084481492905",
                "count": 0
            },
            {
                "id": "100071239543302",
                "count": 0
            },
            {
                "id": "100081576429847",
                "count": 0
            },
            {
                "id": "61553455123978",
                "count": 0
            },
            {
                "id": "61550747927439",
                "count": 0
            },
            {
                "id": "100091855157631",
                "count": 0
            },
            {
                "id": "61554371671909",
                "count": 0
            },
            {
                "id": "61555416624386",
                "count": 0
            },
            {
                "id": "100089956666355",
                "count": 0
            },
            {
                "id": "100071998490155",
                "count": 0
            },
            {
                "id": "100070035656726",
                "count": 0
            },
            {
                "id": "61556234303674",
                "count": 0
            },
            {
                "id": "100088462730386",
                "count": 0
            },
            {
                "id": "100076353516619",
                "count": 0
            },
            {
                "id": "100087751500899",
                "count": 0
            },
            {
                "id": "100093598442986",
                "count": 0
            },
            {
                "id": "100055717838209",
                "count": 0
            },
            {
                "id": "100088316495251",
                "count": 0
            },
            {
                "id": "61554454048601",
                "count": 0
            },
            {
                "id": "100094248202586",
                "count": 0
            },
            {
                "id": "100087198357369",
                "count": 0
            },
            {
                "id": "100055568445345",
                "count": 0
            },
            {
                "id": "100069522473085",
                "count": 0
            },
            {
                "id": "100069608153699",
                "count": 0
            },
            {
                "id": "61555767821788",
                "count": 0
            },
            {
                "id": "100094197546243",
                "count": 0
            },
            {
                "id": "100085001496485",
                "count": 0
            },
            {
                "id": "100035536847735",
                "count": 0
            },
            {
                "id": "100055558999830",
                "count": 0
            },
            {
                "id": "100054091173464",
                "count": 0
            },
            {
                "id": "100094342874097",
                "count": 0
            },
            {
                "id": "61553140010699",
                "count": 0
            },
            {
                "id": "61551754085065",
                "count": 0
            },
            {
                "id": "100000675966450",
                "count": 0
            },
            {
                "id": "61550315956801",
                "count": 0
            },
            {
                "id": "100089092031034",
                "count": 0
            },
            {
                "id": "100092563316484",
                "count": 0
            },
            {
                "id": "61551953797013",
                "count": 0
            },
            {
                "id": "100078999491288",
                "count": 0
            },
            {
                "id": "100080729894002",
                "count": 0
            },
            {
                "id": "100083708986199",
                "count": 0
            },
            {
                "id": "61555845401593",
                "count": 0
            },
            {
                "id": "100089119006478",
                "count": 0
            },
            {
                "id": "100000012568234",
                "count": 0
            },
            {
                "id": "100085149812273",
                "count": 0
            },
            {
                "id": "100076226546724",
                "count": 0
            },
            {
                "id": "61554268328169",
                "count": 0
            },
            {
                "id": "61556817225073",
                "count": 0
            },
            {
                "id": "100071863473409",
                "count": 0
            },
            {
                "id": "61553962357069",
                "count": 0
            },
            {
                "id": "61552637744797",
                "count": 0
            },
            {
                "id": "100089470313565",
                "count": 0
            },
            {
                "id": "61551455807778",
                "count": 0
            },
            {
                "id": "100074056935652",
                "count": 0
            },
            {
                "id": "1269163581",
                "count": 0
            },
            {
                "id": "100054566631167",
                "count": 0
            },
            {
                "id": "100076453470114",
                "count": 0
            },
            {
                "id": "100074559663707",
                "count": 0
            },
            {
                "id": "100077354653989",
                "count": 0
            },
            {
                "id": "100089716818406",
                "count": 0
            },
            {
                "id": "100091074853072",
                "count": 0
            },
            {
                "id": "100067016293474",
                "count": 0
            },
            {
                "id": "61556891940609",
                "count": 0
            },
            {
                "id": "1456644783",
                "count": 0
            },
            {
                "id": "100082488008602",
                "count": 0
            },
            {
                "id": "100084284884665",
                "count": 0
            },
            {
                "id": "100056939122179",
                "count": 0
            },
            {
                "id": "100074377098549",
                "count": 0
            },
            {
                "id": "100079022161340",
                "count": 0
            },
            {
                "id": "100086213606803",
                "count": 0
            },
            {
                "id": "100050999371837",
                "count": 0
            },
            {
                "id": "100075216610999",
                "count": 0
            }
        ]
    }
}