{
    "total": [
        {
            "id": "100013467979376",
            "count": 529
        },
        {
            "id": "100060864524690",
            "count": 195
        },
        {
            "id": "100058721495126",
            "count": 0
        },
        {
            "id": "100042223691757",
            "count": 2
        },
        {
            "id": "100069270276402",
            "count": 13
        },
        {
            "id": "100086380152894",
            "count": 3
        },
        {
            "id": "100039547621016",
            "count": 276
        },
        {
            "id": "100089880660537",
            "count": 1
        },
        {
            "id": "100053880011486",
            "count": 171
        },
        {
            "id": "100045490206027",
            "count": 0
        },
        {
            "id": "100027767023973",
            "count": 7
        },
        {
            "id": "100061258514761",
            "count": 852
        },
        {
            "id": "100088603552673",
            "count": 0
        },
        {
            "id": "100075165168388",
            "count": 0
        },
        {
            "id": "100067113545918",
            "count": 1
        },
        {
            "id": "100081930645083",
            "count": 0
        },
        {
            "id": "100054091465276",
            "count": 380
        },
        {
            "id": "100041404355888",
            "count": 0
        },
        {
            "id": "100094635232183",
            "count": 0
        },
        {
            "id": "100087963441329",
            "count": 2
        },
        {
            "id": "100054784372540",
            "count": 0
        },
        {
            "id": "100050999371837",
            "count": 232
        },
        {
            "id": "100030733512726",
            "count": 15
        },
        {
            "id": "100094722228701",
            "count": 718
        },
        {
            "id": "100066742646168",
            "count": 335
        },
        {
            "id": "61554879134226",
            "count": 0
        },
        {
            "id": "100078486450878",
            "count": 156
        },
        {
            "id": "100088614442826",
            "count": 0
        },
        {
            "id": "100076421236545",
            "count": 60
        },
        {
            "id": "100072406550518",
            "count": 1141
        },
        {
            "id": "100093215460715",
            "count": 421
        },
        {
            "id": "100079017055391",
            "count": 3023
        },
        {
            "id": "61550024013512",
            "count": 331
        },
        {
            "id": "100075216610999",
            "count": 254
        },
        {
            "id": "100063400814183",
            "count": 0
        },
        {
            "id": "61558505523635",
            "count": 0
        },
        {
            "id": "100086681899912",
            "count": 164
        },
        {
            "id": "100081911889027",
            "count": 4
        },
        {
            "id": "100083065367917",
            "count": 31
        }
    ],
    "week": [
        {
            "id": "100013467979376",
            "count": 529
        },
        {
            "id": "100060864524690",
            "count": 195
        },
        {
            "id": "100058721495126",
            "count": 0
        },
        {
            "id": "100042223691757",
            "count": 2
        },
        {
            "id": "100069270276402",
            "count": 13
        },
        {
            "id": "100086380152894",
            "count": 3
        },
        {
            "id": "100039547621016",
            "count": 276
        },
        {
            "id": "100089880660537",
            "count": 1
        },
        {
            "id": "100053880011486",
            "count": 171
        },
        {
            "id": "100045490206027",
            "count": 0
        },
        {
            "id": "100027767023973",
            "count": 7
        },
        {
            "id": "100061258514761",
            "count": 852
        },
        {
            "id": "100088603552673",
            "count": 0
        },
        {
            "id": "100075165168388",
            "count": 0
        },
        {
            "id": "100067113545918",
            "count": 1
        },
        {
            "id": "100081930645083",
            "count": 0
        },
        {
            "id": "100054091465276",
            "count": 380
        },
        {
            "id": "100041404355888",
            "count": 0
        },
        {
            "id": "100094635232183",
            "count": 0
        },
        {
            "id": "100087963441329",
            "count": 2
        },
        {
            "id": "100054784372540",
            "count": 0
        },
        {
            "id": "100050999371837",
            "count": 232
        },
        {
            "id": "100030733512726",
            "count": 15
        },
        {
            "id": "100094722228701",
            "count": 718
        },
        {
            "id": "100066742646168",
            "count": 335
        },
        {
            "id": "61554879134226",
            "count": 0
        },
        {
            "id": "100078486450878",
            "count": 156
        },
        {
            "id": "100088614442826",
            "count": 0
        },
        {
            "id": "100076421236545",
            "count": 60
        },
        {
            "id": "100072406550518",
            "count": 1141
        },
        {
            "id": "100093215460715",
            "count": 421
        },
        {
            "id": "100079017055391",
            "count": 3023
        },
        {
            "id": "61550024013512",
            "count": 331
        },
        {
            "id": "100075216610999",
            "count": 254
        },
        {
            "id": "100063400814183",
            "count": 0
        },
        {
            "id": "61558505523635",
            "count": 0
        },
        {
            "id": "100086681899912",
            "count": 164
        },
        {
            "id": "100081911889027",
            "count": 4
        },
        {
            "id": "100083065367917",
            "count": 31
        }
    ],
    "day": [
        {
            "id": "100013467979376",
            "count": 53,
            "name": "Phương Thảo"
        },
        {
            "id": "100060864524690",
            "count": 9,
            "name": "Thanh Khôi"
        },
        {
            "id": "100058721495126",
            "count": 0,
            "name": "Bảo Nam"
        },
        {
            "id": "100042223691757",
            "count": 0,
            "name": "Đạt Phan"
        },
        {
            "id": "100069270276402",
            "count": 0,
            "name": "Nguyễn Đức Hiếuu"
        },
        {
            "id": "100086380152894",
            "count": 1,
            "name": "Thiên Hương"
        },
        {
            "id": "100039547621016",
            "count": 36,
            "name": "Ai Biết Tí Đang"
        },
        {
            "id": "100089880660537",
            "count": 0,
            "name": "Ngg Anh Khoa"
        },
        {
            "id": "100053880011486",
            "count": 28,
            "name": "Nguyễn Hoàng Nam"
        },
        {
            "id": "100045490206027",
            "count": 0,
            "name": "Phan Văn Hòa"
        },
        {
            "id": "100027767023973",
            "count": 5,
            "name": "Do Minh Viet"
        },
        {
            "id": "100061258514761",
            "count": 55,
            "name": "Diem Quynh"
        },
        {
            "id": "100088603552673",
            "count": 0,
            "name": "Nguyễn Khánh Trâm"
        },
        {
            "id": "100075165168388",
            "count": 0,
            "name": "Tâm Minh"
        },
        {
            "id": "100067113545918",
            "count": 0,
            "name": "Lộc Quý"
        },
        {
            "id": "100081930645083",
            "count": 0,
            "name": "Nguyễn Duy Khánh"
        },
        {
            "id": "100054091465276",
            "count": 251,
            "name": "Minh Nguyễn Đại"
        },
        {
            "id": "100041404355888",
            "count": 0,
            "name": "Dươngg Việtt Cườngg"
        },
        {
            "id": "100094635232183",
            "count": 0,
            "name": "Thái Hoàng Khiêm"
        },
        {
            "id": "100087963441329",
            "count": 0,
            "name": "Yến Linh"
        },
        {
            "id": "100054784372540",
            "count": 0,
            "name": "Hoàng Tân"
        },
        {
            "id": "100050999371837",
            "count": 4,
            "name": "Tiến Nguyễn"
        },
        {
            "id": "100030733512726",
            "count": 0,
            "name": "Nguyễn Thiện"
        },
        {
            "id": "100094722228701",
            "count": 95,
            "name": "Thuan Anh"
        },
        {
            "id": "100066742646168",
            "count": 0,
            "name": "Nguyen Tra My "
        },
        {
            "id": "61554879134226",
            "count": 0,
            "name": "Sơn Vo"
        },
        {
            "id": "100078486450878",
            "count": 9,
            "name": "Cn Mel"
        },
        {
            "id": "100088614442826",
            "count": 0,
            "name": "Kha Vee"
        },
        {
            "id": "100076421236545",
            "count": 39,
            "name": "Thái Tiến"
        },
        {
            "id": "100072406550518",
            "count": 36,
            "name": "Thảo Vy"
        },
        {
            "id": "100093215460715",
            "count": 6,
            "name": "Long Nhật"
        },
        {
            "id": "100079017055391",
            "count": 243,
            "name": "Thuoc メ"
        },
        {
            "id": "61550024013512",
            "count": 22,
            "name": "Hai Dang"
        },
        {
            "id": "100075216610999",
            "count": 10,
            "name": "Hyouka Granger"
        },
        {
            "id": "100063400814183",
            "count": 0,
            "name": "Duc Viet"
        },
        {
            "id": "61558505523635",
            "count": 0,
            "name": "Hoàng Đức Huy"
        },
        {
            "id": "100086681899912",
            "count": 29,
            "name": "Ngo Hoang Anh"
        },
        {
            "id": "100081911889027",
            "count": 2,
            "name": "Duy Mai"
        },
        {
            "id": "100083065367917",
            "count": 17,
            "name": "Long Hoàng"
        }
    ],
    "time": 5,
    "last": {
        "time": 3,
        "day": [
            {
                "id": "100013467979376",
                "count": 0
            },
            {
                "id": "100060864524690",
                "count": 0
            },
            {
                "id": "100075589317616",
                "count": 0
            },
            {
                "id": "100058721495126",
                "count": 0
            },
            {
                "id": "100042223691757",
                "count": 0
            },
            {
                "id": "100011481014596",
                "count": 0
            },
            {
                "id": "100069270276402",
                "count": 0
            },
            {
                "id": "100086380152894",
                "count": 0
            },
            {
                "id": "100039547621016",
                "count": 0
            },
            {
                "id": "100089880660537",
                "count": 0
            },
            {
                "id": "100053880011486",
                "count": 0
            },
            {
                "id": "100045490206027",
                "count": 0
            },
            {
                "id": "100027767023973",
                "count": 0
            },
            {
                "id": "100061258514761",
                "count": 0
            },
            {
                "id": "100088603552673",
                "count": 0
            },
            {
                "id": "100075165168388",
                "count": 0
            },
            {
                "id": "100067113545918",
                "count": 0
            },
            {
                "id": "100081930645083",
                "count": 0
            },
            {
                "id": "100054091465276",
                "count": 0
            },
            {
                "id": "100041404355888",
                "count": 0
            },
            {
                "id": "100063400814183",
                "count": 0
            },
            {
                "id": "100094635232183",
                "count": 0
            },
            {
                "id": "100067686370545",
                "count": 0
            },
            {
                "id": "100060556125759",
                "count": 0
            },
            {
                "id": "100087963441329",
                "count": 0
            },
            {
                "id": "100054784372540",
                "count": 0
            },
            {
                "id": "100050999371837",
                "count": 0
            },
            {
                "id": "100030733512726",
                "count": 0
            },
            {
                "id": "100094722228701",
                "count": 0
            },
            {
                "id": "100094077875547",
                "count": 0
            },
            {
                "id": "100066742646168",
                "count": 0
            },
            {
                "id": "61554879134226",
                "count": 0
            },
            {
                "id": "100078486450878",
                "count": 0
            },
            {
                "id": "100088614442826",
                "count": 0
            },
            {
                "id": "100076421236545",
                "count": 0
            },
            {
                "id": "100072406550518",
                "count": 0
            },
            {
                "id": "100093215460715",
                "count": 0
            },
            {
                "id": "100079017055391",
                "count": 0
            },
            {
                "id": "61550024013512",
                "count": 0
            },
            {
                "id": "100075216610999",
                "count": 0
            },
            {
                "id": "100082161774039",
                "count": 0
            },
            {
                "id": "61558505523635",
                "count": 0
            },
            {
                "id": "100086681899912",
                "count": 0
            },
            {
                "id": "100081911889027",
                "count": 0
            },
            {
                "id": "100083065367917",
                "count": 0
            }
        ],
        "week": [
            {
                "id": "100013467979376",
                "count": 0
            },
            {
                "id": "100060864524690",
                "count": 0
            },
            {
                "id": "100075589317616",
                "count": 0
            },
            {
                "id": "100058721495126",
                "count": 0
            },
            {
                "id": "100042223691757",
                "count": 0
            },
            {
                "id": "100011481014596",
                "count": 0
            },
            {
                "id": "100069270276402",
                "count": 0
            },
            {
                "id": "100086380152894",
                "count": 0
            },
            {
                "id": "100039547621016",
                "count": 0
            },
            {
                "id": "100089880660537",
                "count": 0
            },
            {
                "id": "100053880011486",
                "count": 0
            },
            {
                "id": "100045490206027",
                "count": 0
            },
            {
                "id": "100027767023973",
                "count": 0
            },
            {
                "id": "100061258514761",
                "count": 0
            },
            {
                "id": "100088603552673",
                "count": 0
            },
            {
                "id": "100075165168388",
                "count": 0
            },
            {
                "id": "100067113545918",
                "count": 0
            },
            {
                "id": "100081930645083",
                "count": 0
            },
            {
                "id": "100054091465276",
                "count": 0
            },
            {
                "id": "100041404355888",
                "count": 0
            },
            {
                "id": "100063400814183",
                "count": 0
            },
            {
                "id": "100094635232183",
                "count": 0
            },
            {
                "id": "100067686370545",
                "count": 0
            },
            {
                "id": "100060556125759",
                "count": 0
            },
            {
                "id": "100087963441329",
                "count": 0
            },
            {
                "id": "100054784372540",
                "count": 0
            },
            {
                "id": "100050999371837",
                "count": 0
            },
            {
                "id": "100030733512726",
                "count": 0
            },
            {
                "id": "100094722228701",
                "count": 0
            },
            {
                "id": "100094077875547",
                "count": 0
            },
            {
                "id": "100066742646168",
                "count": 0
            },
            {
                "id": "61554879134226",
                "count": 0
            },
            {
                "id": "100078486450878",
                "count": 0
            },
            {
                "id": "100088614442826",
                "count": 0
            },
            {
                "id": "100076421236545",
                "count": 0
            },
            {
                "id": "100072406550518",
                "count": 0
            },
            {
                "id": "100093215460715",
                "count": 0
            },
            {
                "id": "100079017055391",
                "count": 0
            },
            {
                "id": "61550024013512",
                "count": 0
            },
            {
                "id": "100075216610999",
                "count": 0
            },
            {
                "id": "100082161774039",
                "count": 0
            },
            {
                "id": "61558505523635",
                "count": 0
            },
            {
                "id": "100086681899912",
                "count": 0
            },
            {
                "id": "100081911889027",
                "count": 0
            },
            {
                "id": "100083065367917",
                "count": 0
            }
        ]
    }
}