{
    "total": [
        {
            "id": "100034909150242",
            "count": 0
        },
        {
            "id": "100089331018494",
            "count": 0
        },
        {
            "id": "100026279980950",
            "count": 1
        },
        {
            "id": "61552053641237",
            "count": 0
        },
        {
            "id": "100017540898861",
            "count": 2
        },
        {
            "id": "100093332667990",
            "count": 0
        },
        {
            "id": "100042492546655",
            "count": 0
        },
        {
            "id": "61551850031108",
            "count": 4
        },
        {
            "id": "61553583506169",
            "count": 0
        },
        {
            "id": "100087790454161",
            "count": 0
        },
        {
            "id": "100056041240544",
            "count": 0
        },
        {
            "id": "100027560961078",
            "count": 0
        },
        {
            "id": "100088434524951",
            "count": 0
        },
        {
            "id": "100091081441528",
            "count": 0
        },
        {
            "id": "100037388616772",
            "count": 0
        },
        {
            "id": "100069832886527",
            "count": 0
        },
        {
            "id": "100059415829824",
            "count": 0
        },
        {
            "id": "100055490455740",
            "count": 0
        },
        {
            "id": "100031501959287",
            "count": 0
        },
        {
            "id": "100019020030705",
            "count": 0
        },
        {
            "id": "100011631212929",
            "count": 0
        },
        {
            "id": "100057091813330",
            "count": 1
        },
        {
            "id": "100073954630506",
            "count": 0
        },
        {
            "id": "100022060955805",
            "count": 0
        },
        {
            "id": "100073860351769",
            "count": 0
        },
        {
            "id": "100087950806518",
            "count": 0
        },
        {
            "id": "100069824864593",
            "count": 0
        },
        {
            "id": "100090480519399",
            "count": 0
        },
        {
            "id": "100067840072194",
            "count": 0
        },
        {
            "id": "100053636473395",
            "count": 0
        },
        {
            "id": "100013488273178",
            "count": 0
        },
        {
            "id": "100086621261528",
            "count": 0
        },
        {
            "id": "100090985590367",
            "count": 0
        },
        {
            "id": "100066489441947",
            "count": 1
        },
        {
            "id": "100069357288354",
            "count": 0
        },
        {
            "id": "100075755268268",
            "count": 0
        },
        {
            "id": "100078246430879",
            "count": 0
        },
        {
            "id": "100087596304684",
            "count": 0
        },
        {
            "id": "100052298072045",
            "count": 0
        },
        {
            "id": "100016428582164",
            "count": 0
        },
        {
            "id": "100079272127320",
            "count": 0
        },
        {
            "id": "100024661775004",
            "count": 0
        },
        {
            "id": "100092957000711",
            "count": 0
        },
        {
            "id": "100074643199581",
            "count": 0
        },
        {
            "id": "100071826023969",
            "count": 0
        },
        {
            "id": "100086428437411",
            "count": 0
        },
        {
            "id": "61555278689337",
            "count": 0
        },
        {
            "id": "100050999371837",
            "count": 0
        },
        {
            "id": "61557161942074",
            "count": 2
        }
    ],
    "week": [
        {
            "id": "100034909150242",
            "count": 0,
            "name": "Người dùng facebook"
        },
        {
            "id": "100089331018494",
            "count": 0,
            "name": "Người dùng facebook"
        },
        {
            "id": "100026279980950",
            "count": 0,
            "name": "Người dùng facebook"
        },
        {
            "id": "61552053641237",
            "count": 0,
            "name": "Người dùng facebook"
        },
        {
            "id": "100017540898861",
            "count": 0,
            "name": "Người dùng facebook"
        },
        {
            "id": "100093332667990",
            "count": 0,
            "name": "Người dùng facebook"
        },
        {
            "id": "100042492546655",
            "count": 0,
            "name": "Người dùng facebook"
        },
        {
            "id": "61551850031108",
            "count": 0,
            "name": "Người dùng facebook"
        },
        {
            "id": "61553583506169",
            "count": 0,
            "name": "Người dùng facebook"
        },
        {
            "id": "100087790454161",
            "count": 0,
            "name": "Người dùng facebook"
        },
        {
            "id": "100056041240544",
            "count": 0,
            "name": "Người dùng facebook"
        },
        {
            "id": "100027560961078",
            "count": 0,
            "name": "Người dùng facebook"
        },
        {
            "id": "100088434524951",
            "count": 0,
            "name": "Người dùng facebook"
        },
        {
            "id": "100091081441528",
            "count": 0,
            "name": "Người dùng facebook"
        },
        {
            "id": "100037388616772",
            "count": 0,
            "name": "Người dùng facebook"
        },
        {
            "id": "100069832886527",
            "count": 0,
            "name": "Người dùng facebook"
        },
        {
            "id": "100059415829824",
            "count": 0,
            "name": "Người dùng facebook"
        },
        {
            "id": "100055490455740",
            "count": 0,
            "name": "Người dùng facebook"
        },
        {
            "id": "100031501959287",
            "count": 0,
            "name": "Người dùng facebook"
        },
        {
            "id": "100019020030705",
            "count": 0,
            "name": "Người dùng facebook"
        },
        {
            "id": "100011631212929",
            "count": 0,
            "name": "Người dùng facebook"
        },
        {
            "id": "100057091813330",
            "count": 0,
            "name": "Người dùng facebook"
        },
        {
            "id": "100073954630506",
            "count": 0,
            "name": "Người dùng facebook"
        },
        {
            "id": "100022060955805",
            "count": 0,
            "name": "Người dùng facebook"
        },
        {
            "id": "100073860351769",
            "count": 0,
            "name": "Người dùng facebook"
        },
        {
            "id": "100087950806518",
            "count": 0,
            "name": "Người dùng facebook"
        },
        {
            "id": "100069824864593",
            "count": 0,
            "name": "Người dùng facebook"
        },
        {
            "id": "100090480519399",
            "count": 0,
            "name": "Người dùng facebook"
        },
        {
            "id": "100067840072194",
            "count": 0,
            "name": "Người dùng facebook"
        },
        {
            "id": "100053636473395",
            "count": 0,
            "name": "Người dùng facebook"
        },
        {
            "id": "100013488273178",
            "count": 0,
            "name": "Người dùng facebook"
        },
        {
            "id": "100086621261528",
            "count": 0,
            "name": "Người dùng facebook"
        },
        {
            "id": "100090985590367",
            "count": 0,
            "name": "Người dùng facebook"
        },
        {
            "id": "100066489441947",
            "count": 0,
            "name": "Người dùng facebook"
        },
        {
            "id": "100069357288354",
            "count": 0,
            "name": "Người dùng facebook"
        },
        {
            "id": "100075755268268",
            "count": 0,
            "name": "Người dùng facebook"
        },
        {
            "id": "100078246430879",
            "count": 0,
            "name": "Người dùng facebook"
        },
        {
            "id": "100087596304684",
            "count": 0,
            "name": "Người dùng facebook"
        },
        {
            "id": "100052298072045",
            "count": 0,
            "name": "Người dùng facebook"
        },
        {
            "id": "100016428582164",
            "count": 0,
            "name": "Người dùng facebook"
        },
        {
            "id": "100079272127320",
            "count": 0,
            "name": "Người dùng facebook"
        },
        {
            "id": "100024661775004",
            "count": 0,
            "name": "Người dùng facebook"
        },
        {
            "id": "100092957000711",
            "count": 0,
            "name": "Người dùng facebook"
        },
        {
            "id": "100074643199581",
            "count": 0,
            "name": "Người dùng facebook"
        },
        {
            "id": "100071826023969",
            "count": 0,
            "name": "Người dùng facebook"
        },
        {
            "id": "100086428437411",
            "count": 0,
            "name": "Người dùng facebook"
        },
        {
            "id": "61555278689337",
            "count": 0,
            "name": "Người dùng facebook"
        },
        {
            "id": "100050999371837",
            "count": 0,
            "name": "Tiến Nguyễn"
        },
        {
            "id": "61557161942074",
            "count": 0,
            "name": "Người dùng facebook"
        }
    ],
    "day": [
        {
            "id": "100034909150242",
            "count": 0,
            "name": "Người dùng facebook"
        },
        {
            "id": "100089331018494",
            "count": 0,
            "name": "Người dùng facebook"
        },
        {
            "id": "100026279980950",
            "count": 0,
            "name": "Người dùng facebook"
        },
        {
            "id": "61552053641237",
            "count": 0,
            "name": "Người dùng facebook"
        },
        {
            "id": "100017540898861",
            "count": 0,
            "name": "Người dùng facebook"
        },
        {
            "id": "100093332667990",
            "count": 0,
            "name": "Người dùng facebook"
        },
        {
            "id": "100042492546655",
            "count": 0,
            "name": "Người dùng facebook"
        },
        {
            "id": "61551850031108",
            "count": 0,
            "name": "Người dùng facebook"
        },
        {
            "id": "61553583506169",
            "count": 0,
            "name": "Người dùng facebook"
        },
        {
            "id": "100087790454161",
            "count": 0,
            "name": "Người dùng facebook"
        },
        {
            "id": "100056041240544",
            "count": 0,
            "name": "Người dùng facebook"
        },
        {
            "id": "100027560961078",
            "count": 0,
            "name": "Người dùng facebook"
        },
        {
            "id": "100088434524951",
            "count": 0,
            "name": "Người dùng facebook"
        },
        {
            "id": "100091081441528",
            "count": 0,
            "name": "Người dùng facebook"
        },
        {
            "id": "100037388616772",
            "count": 0,
            "name": "Người dùng facebook"
        },
        {
            "id": "100069832886527",
            "count": 0,
            "name": "Người dùng facebook"
        },
        {
            "id": "100059415829824",
            "count": 0,
            "name": "Người dùng facebook"
        },
        {
            "id": "100055490455740",
            "count": 0,
            "name": "Người dùng facebook"
        },
        {
            "id": "100031501959287",
            "count": 0,
            "name": "Người dùng facebook"
        },
        {
            "id": "100019020030705",
            "count": 0,
            "name": "Người dùng facebook"
        },
        {
            "id": "100011631212929",
            "count": 0,
            "name": "Người dùng facebook"
        },
        {
            "id": "100057091813330",
            "count": 0,
            "name": "Người dùng facebook"
        },
        {
            "id": "100073954630506",
            "count": 0,
            "name": "Người dùng facebook"
        },
        {
            "id": "100022060955805",
            "count": 0,
            "name": "Người dùng facebook"
        },
        {
            "id": "100073860351769",
            "count": 0,
            "name": "Người dùng facebook"
        },
        {
            "id": "100087950806518",
            "count": 0,
            "name": "Người dùng facebook"
        },
        {
            "id": "100069824864593",
            "count": 0,
            "name": "Người dùng facebook"
        },
        {
            "id": "100090480519399",
            "count": 0,
            "name": "Người dùng facebook"
        },
        {
            "id": "100067840072194",
            "count": 0,
            "name": "Người dùng facebook"
        },
        {
            "id": "100053636473395",
            "count": 0,
            "name": "Người dùng facebook"
        },
        {
            "id": "100013488273178",
            "count": 0,
            "name": "Người dùng facebook"
        },
        {
            "id": "100086621261528",
            "count": 0,
            "name": "Người dùng facebook"
        },
        {
            "id": "100090985590367",
            "count": 0,
            "name": "Người dùng facebook"
        },
        {
            "id": "100066489441947",
            "count": 0,
            "name": "Người dùng facebook"
        },
        {
            "id": "100069357288354",
            "count": 0,
            "name": "Người dùng facebook"
        },
        {
            "id": "100075755268268",
            "count": 0,
            "name": "Người dùng facebook"
        },
        {
            "id": "100078246430879",
            "count": 0,
            "name": "Người dùng facebook"
        },
        {
            "id": "100087596304684",
            "count": 0,
            "name": "Người dùng facebook"
        },
        {
            "id": "100052298072045",
            "count": 0,
            "name": "Người dùng facebook"
        },
        {
            "id": "100016428582164",
            "count": 0,
            "name": "Người dùng facebook"
        },
        {
            "id": "100079272127320",
            "count": 0,
            "name": "Người dùng facebook"
        },
        {
            "id": "100024661775004",
            "count": 0,
            "name": "Người dùng facebook"
        },
        {
            "id": "100092957000711",
            "count": 0,
            "name": "Người dùng facebook"
        },
        {
            "id": "100074643199581",
            "count": 0,
            "name": "Người dùng facebook"
        },
        {
            "id": "100071826023969",
            "count": 0,
            "name": "Người dùng facebook"
        },
        {
            "id": "100086428437411",
            "count": 0,
            "name": "Người dùng facebook"
        },
        {
            "id": "61555278689337",
            "count": 0,
            "name": "Người dùng facebook"
        },
        {
            "id": "100050999371837",
            "count": 0,
            "name": "Tiến Nguyễn"
        },
        {
            "id": "61557161942074",
            "count": 0,
            "name": "Người dùng facebook"
        }
    ],
    "time": 5,
    "last": {
        "time": 2,
        "day": [
            {
                "id": "100034909150242",
                "count": 0
            },
            {
                "id": "100089331018494",
                "count": 0
            },
            {
                "id": "100026279980950",
                "count": 0
            },
            {
                "id": "61552053641237",
                "count": 0
            },
            {
                "id": "100017540898861",
                "count": 0
            },
            {
                "id": "100093332667990",
                "count": 0
            },
            {
                "id": "100042492546655",
                "count": 0
            },
            {
                "id": "61551850031108",
                "count": 0
            },
            {
                "id": "61553583506169",
                "count": 0
            },
            {
                "id": "100087790454161",
                "count": 0
            },
            {
                "id": "100056041240544",
                "count": 0
            },
            {
                "id": "100027560961078",
                "count": 0
            },
            {
                "id": "100088434524951",
                "count": 0
            },
            {
                "id": "100091081441528",
                "count": 0
            },
            {
                "id": "100037388616772",
                "count": 0
            },
            {
                "id": "100069832886527",
                "count": 0
            },
            {
                "id": "100059415829824",
                "count": 0
            },
            {
                "id": "100055490455740",
                "count": 0
            },
            {
                "id": "100031501959287",
                "count": 0
            },
            {
                "id": "100019020030705",
                "count": 0
            },
            {
                "id": "100011631212929",
                "count": 0
            },
            {
                "id": "100057091813330",
                "count": 0
            },
            {
                "id": "100073954630506",
                "count": 0
            },
            {
                "id": "100022060955805",
                "count": 0
            },
            {
                "id": "100073860351769",
                "count": 0
            },
            {
                "id": "100087950806518",
                "count": 0
            },
            {
                "id": "100069824864593",
                "count": 0
            },
            {
                "id": "100090480519399",
                "count": 0
            },
            {
                "id": "100067840072194",
                "count": 0
            },
            {
                "id": "100053636473395",
                "count": 0
            },
            {
                "id": "100013488273178",
                "count": 0
            },
            {
                "id": "100086621261528",
                "count": 0
            },
            {
                "id": "100090985590367",
                "count": 0
            },
            {
                "id": "100066489441947",
                "count": 0
            },
            {
                "id": "100069357288354",
                "count": 0
            },
            {
                "id": "100075755268268",
                "count": 0
            },
            {
                "id": "100078246430879",
                "count": 0
            },
            {
                "id": "100087596304684",
                "count": 0
            },
            {
                "id": "100052298072045",
                "count": 0
            },
            {
                "id": "100016428582164",
                "count": 0
            },
            {
                "id": "100079272127320",
                "count": 0
            },
            {
                "id": "100024661775004",
                "count": 0
            },
            {
                "id": "100092957000711",
                "count": 0
            },
            {
                "id": "100074643199581",
                "count": 0
            },
            {
                "id": "100071826023969",
                "count": 0
            },
            {
                "id": "100086428437411",
                "count": 0
            },
            {
                "id": "61555278689337",
                "count": 0
            },
            {
                "id": "100050999371837",
                "count": 0
            },
            {
                "id": "61557161942074",
                "count": 0
            }
        ],
        "week": [
            {
                "id": "100034909150242",
                "count": 0
            },
            {
                "id": "100089331018494",
                "count": 0
            },
            {
                "id": "100026279980950",
                "count": 0
            },
            {
                "id": "61552053641237",
                "count": 0
            },
            {
                "id": "100017540898861",
                "count": 0
            },
            {
                "id": "100093332667990",
                "count": 0
            },
            {
                "id": "100042492546655",
                "count": 0
            },
            {
                "id": "61551850031108",
                "count": 0
            },
            {
                "id": "61553583506169",
                "count": 0
            },
            {
                "id": "100087790454161",
                "count": 0
            },
            {
                "id": "100056041240544",
                "count": 0
            },
            {
                "id": "100027560961078",
                "count": 0
            },
            {
                "id": "100088434524951",
                "count": 0
            },
            {
                "id": "100091081441528",
                "count": 0
            },
            {
                "id": "100037388616772",
                "count": 0
            },
            {
                "id": "100069832886527",
                "count": 0
            },
            {
                "id": "100059415829824",
                "count": 0
            },
            {
                "id": "100055490455740",
                "count": 0
            },
            {
                "id": "100031501959287",
                "count": 0
            },
            {
                "id": "100019020030705",
                "count": 0
            },
            {
                "id": "100011631212929",
                "count": 0
            },
            {
                "id": "100057091813330",
                "count": 0
            },
            {
                "id": "100073954630506",
                "count": 0
            },
            {
                "id": "100022060955805",
                "count": 0
            },
            {
                "id": "100073860351769",
                "count": 0
            },
            {
                "id": "100087950806518",
                "count": 0
            },
            {
                "id": "100069824864593",
                "count": 0
            },
            {
                "id": "100090480519399",
                "count": 0
            },
            {
                "id": "100067840072194",
                "count": 0
            },
            {
                "id": "100053636473395",
                "count": 0
            },
            {
                "id": "100013488273178",
                "count": 0
            },
            {
                "id": "100086621261528",
                "count": 0
            },
            {
                "id": "100090985590367",
                "count": 0
            },
            {
                "id": "100066489441947",
                "count": 0
            },
            {
                "id": "100069357288354",
                "count": 0
            },
            {
                "id": "100075755268268",
                "count": 0
            },
            {
                "id": "100078246430879",
                "count": 0
            },
            {
                "id": "100087596304684",
                "count": 0
            },
            {
                "id": "100052298072045",
                "count": 0
            },
            {
                "id": "100016428582164",
                "count": 0
            },
            {
                "id": "100079272127320",
                "count": 0
            },
            {
                "id": "100024661775004",
                "count": 0
            },
            {
                "id": "100092957000711",
                "count": 0
            },
            {
                "id": "100074643199581",
                "count": 0
            },
            {
                "id": "100071826023969",
                "count": 0
            },
            {
                "id": "100086428437411",
                "count": 0
            },
            {
                "id": "61555278689337",
                "count": 0
            },
            {
                "id": "100050999371837",
                "count": 0
            },
            {
                "id": "61557161942074",
                "count": 0
            }
        ]
    }
}