{
    "total": [
        {
            "id": "100040668279242",
            "count": 297
        },
        {
            "id": "100063474094315",
            "count": 140
        },
        {
            "id": "100061974177270",
            "count": 174
        },
        {
            "id": "100082416487508",
            "count": 0
        },
        {
            "id": "100013467979376",
            "count": 295
        },
        {
            "id": "100071582273145",
            "count": 26
        },
        {
            "id": "100061200095467",
            "count": 87
        },
        {
            "id": "100066743076880",
            "count": 35
        },
        {
            "id": "100077306627990",
            "count": 22
        },
        {
            "id": "100076756176687",
            "count": 87
        },
        {
            "id": "100079291809883",
            "count": 57
        },
        {
            "id": "100065093449013",
            "count": 46
        },
        {
            "id": "100069270276402",
            "count": 4
        },
        {
            "id": "100053880011486",
            "count": 310
        },
        {
            "id": "100060864524690",
            "count": 46
        },
        {
            "id": "100039547621016",
            "count": 10
        },
        {
            "id": "100072071527005",
            "count": 8
        },
        {
            "id": "100077456613877",
            "count": 15
        },
        {
            "id": "100027767023973",
            "count": 0
        },
        {
            "id": "100075165168388",
            "count": 0
        },
        {
            "id": "100088603552673",
            "count": 0
        },
        {
            "id": "100069713443947",
            "count": 21
        },
        {
            "id": "100068678053593",
            "count": 59
        },
        {
            "id": "100047448489809",
            "count": 0
        },
        {
            "id": "100073146462109",
            "count": 46
        },
        {
            "id": "100076076467233",
            "count": 10
        },
        {
            "id": "100055641135102",
            "count": 0
        },
        {
            "id": "100083378893417",
            "count": 0
        },
        {
            "id": "100074745660176",
            "count": 690
        },
        {
            "id": "100042223691757",
            "count": 0
        },
        {
            "id": "100074766017065",
            "count": 5
        },
        {
            "id": "100063400814183",
            "count": 1
        },
        {
            "id": "100061258514761",
            "count": 6
        },
        {
            "id": "100078777078495",
            "count": 95
        },
        {
            "id": "100079017055391",
            "count": 172
        },
        {
            "id": "100055880739186",
            "count": 5
        },
        {
            "id": "100028486076228",
            "count": 0
        },
        {
            "id": "100073369300133",
            "count": 1
        },
        {
            "id": "100058721495126",
            "count": 6
        },
        {
            "id": "100070025592872",
            "count": 5
        },
        {
            "id": "100077077383334",
            "count": 1
        },
        {
            "id": "100073084531243",
            "count": 5
        },
        {
            "id": "100053141808570",
            "count": 7
        },
        {
            "id": "100054091465276",
            "count": 13
        },
        {
            "id": "100079209277166",
            "count": 18
        },
        {
            "id": "100086380152894",
            "count": 12
        },
        {
            "id": "100086949336333",
            "count": 2
        },
        {
            "id": "100095124963671",
            "count": 5
        },
        {
            "id": "100011481014596",
            "count": 32
        },
        {
            "id": "100076224217884",
            "count": 1
        },
        {
            "id": "100081930645083",
            "count": 0
        },
        {
            "id": "100045490206027",
            "count": 0
        },
        {
            "id": "100027043860549",
            "count": 0
        },
        {
            "id": "100051457082315",
            "count": 0
        },
        {
            "id": "100070614622898",
            "count": 1
        },
        {
            "id": "100073301618761",
            "count": 3
        },
        {
            "id": "100061658433618",
            "count": 3
        },
        {
            "id": "100094635232183",
            "count": 0
        },
        {
            "id": "100067686370545",
            "count": 27
        },
        {
            "id": "100093215460715",
            "count": 216
        },
        {
            "id": "100071670588406",
            "count": 150
        },
        {
            "id": "100053504707634",
            "count": 0
        },
        {
            "id": "100081068154822",
            "count": 0
        },
        {
            "id": "100060556125759",
            "count": 1
        },
        {
            "id": "100077162244471",
            "count": 13
        },
        {
            "id": "100050999371837",
            "count": 266
        },
        {
            "id": "100075216610999",
            "count": 428
        },
        {
            "id": "100078738729314",
            "count": 0
        },
        {
            "id": "100050070181302",
            "count": 5
        },
        {
            "id": "100003092172554",
            "count": 1
        },
        {
            "id": "100087963441329",
            "count": 50
        },
        {
            "id": "100076549448118",
            "count": 15
        },
        {
            "id": "100038524629178",
            "count": 2
        },
        {
            "id": "100093702377858",
            "count": 51
        },
        {
            "id": "100085105325882",
            "count": 8
        },
        {
            "id": "100073713820257",
            "count": 0
        },
        {
            "id": "100081990332302",
            "count": 16
        },
        {
            "id": "100030733512726",
            "count": 177
        },
        {
            "id": "61551814800929",
            "count": 182
        },
        {
            "id": "100094722228701",
            "count": 83
        },
        {
            "id": "100094077875547",
            "count": 0
        },
        {
            "id": "100078688036361",
            "count": 76
        },
        {
            "id": "100092692429450",
            "count": 30
        },
        {
            "id": "100066742646168",
            "count": 31
        },
        {
            "id": "100071244065545",
            "count": 116
        },
        {
            "id": "100078486450878",
            "count": 13
        },
        {
            "id": "100070833396353",
            "count": 0
        },
        {
            "id": "100033460458373",
            "count": 0
        },
        {
            "id": "100093039952853",
            "count": 36
        },
        {
            "id": "100084990271427",
            "count": 23
        },
        {
            "id": "100058694446859",
            "count": 497
        },
        {
            "id": "100076421236545",
            "count": 13
        },
        {
            "id": "100045902073784",
            "count": 0
        },
        {
            "id": "100053657677551",
            "count": 0
        },
        {
            "id": "100088614442826",
            "count": 0
        },
        {
            "id": "100073189712546",
            "count": 3
        },
        {
            "id": "100076955834728",
            "count": 2
        },
        {
            "id": "100075867189890",
            "count": 2
        },
        {
            "id": "100020533465928",
            "count": 0
        },
        {
            "id": "100080126388378",
            "count": 11
        },
        {
            "id": "100088266404895",
            "count": 24
        },
        {
            "id": "100080472289889",
            "count": 6
        },
        {
            "id": "100090188027893",
            "count": 18
        },
        {
            "id": "100054784372540",
            "count": 44
        },
        {
            "id": "100057025868501",
            "count": 32
        },
        {
            "id": "100056437675576",
            "count": 2
        },
        {
            "id": "100072406550518",
            "count": 0
        },
        {
            "id": "100044066383010",
            "count": 3
        },
        {
            "id": "100069404082801",
            "count": 0
        }
    ],
    "week": [
        {
            "id": "100040668279242",
            "count": 11,
            "name": "Nguyễn Tấn Phát"
        },
        {
            "id": "100063474094315",
            "count": 1,
            "name": "Kimm Ngânn"
        },
        {
            "id": "100061974177270",
            "count": 5,
            "name": "Ph Khanh Bang"
        },
        {
            "id": "100082416487508",
            "count": 0,
            "name": "Uyên Nguyễn"
        },
        {
            "id": "100013467979376",
            "count": 82,
            "name": "Phương Thảo"
        },
        {
            "id": "100071582273145",
            "count": 0,
            "name": "Đặng Quốc Nhật Kỳ"
        },
        {
            "id": "100061200095467",
            "count": 28,
            "name": "Trần Gia Huy"
        },
        {
            "id": "100066743076880",
            "count": 24,
            "name": "Trần Phi"
        },
        {
            "id": "100077306627990",
            "count": 3,
            "name": "TN Vũ"
        },
        {
            "id": "100076756176687",
            "count": 34,
            "name": "Thắm Phạm"
        },
        {
            "id": "100079291809883",
            "count": 35,
            "name": "Duyên Hoàng"
        },
        {
            "id": "100065093449013",
            "count": 18,
            "name": "Phạm Hiếu"
        },
        {
            "id": "100069270276402",
            "count": 0,
            "name": "Nguyễn Đức Hiếuu"
        },
        {
            "id": "100053880011486",
            "count": 175,
            "name": "Nguyễn Hoàng Nam"
        },
        {
            "id": "100060864524690",
            "count": 17,
            "name": "Thanh Khôi"
        },
        {
            "id": "100039547621016",
            "count": 0,
            "name": "Ai Biết Tí Đang"
        },
        {
            "id": "100072071527005",
            "count": 7,
            "name": "ĐứcAnh Phạm"
        },
        {
            "id": "100077456613877",
            "count": 3,
            "name": "Khannh Duyy"
        },
        {
            "id": "100027767023973",
            "count": 0,
            "name": "Do Minh Viet"
        },
        {
            "id": "100075165168388",
            "count": 0,
            "name": "Tâm Minh"
        },
        {
            "id": "100088603552673",
            "count": 0,
            "name": "Nguyễn Khánh Trâm"
        },
        {
            "id": "100069713443947",
            "count": 1,
            "name": "Đặng Trung Nghĩa"
        },
        {
            "id": "100068678053593",
            "count": 0,
            "name": "Nguyễn Thanh Thiện"
        },
        {
            "id": "100047448489809",
            "count": 0,
            "name": "Nguyễn Duy Quân"
        },
        {
            "id": "100073146462109",
            "count": 3,
            "name": "Nguyễn Hiếu"
        },
        {
            "id": "100076076467233",
            "count": 4,
            "name": "Nguyễn Kim Mạnh"
        },
        {
            "id": "100055641135102",
            "count": 0,
            "name": "Ng Hoang Phuc"
        },
        {
            "id": "100083378893417",
            "count": 0,
            "name": "Thảo Linh"
        },
        {
            "id": "100074745660176",
            "count": 237,
            "name": "Woan Lie"
        },
        {
            "id": "100042223691757",
            "count": 0,
            "name": "Đạt Phan"
        },
        {
            "id": "100074766017065",
            "count": 3,
            "name": "Đặng A.Quân"
        },
        {
            "id": "100063400814183",
            "count": 0,
            "name": "Duc Viet"
        },
        {
            "id": "100061258514761",
            "count": 6,
            "name": "Diem Quynh"
        },
        {
            "id": "100078777078495",
            "count": 20,
            "name": "Phan Thanh Hoang Phu"
        },
        {
            "id": "100079017055391",
            "count": 103,
            "name": "Thuoc メ"
        },
        {
            "id": "100055880739186",
            "count": 5,
            "name": "Gia Khang"
        },
        {
            "id": "100028486076228",
            "count": 0,
            "name": "Minh Thái"
        },
        {
            "id": "100073369300133",
            "count": 1,
            "name": "Quốc Bảo"
        },
        {
            "id": "100058721495126",
            "count": 0,
            "name": "Bảo Nam"
        },
        {
            "id": "100070025592872",
            "count": 2,
            "name": "Ph Hung"
        },
        {
            "id": "100077077383334",
            "count": 0,
            "name": "PH Công"
        },
        {
            "id": "100073084531243",
            "count": 5,
            "name": "Lê Gia Huy"
        },
        {
            "id": "100053141808570",
            "count": 0,
            "name": "Nguyễn Văn Trình"
        },
        {
            "id": "100054091465276",
            "count": 0,
            "name": "Minh Nguyễn Đại"
        },
        {
            "id": "100079209277166",
            "count": 0,
            "name": "Tr Ngoc Thao Linh"
        },
        {
            "id": "100086380152894",
            "count": 0,
            "name": "Thiên Hương"
        },
        {
            "id": "100086949336333",
            "count": 0,
            "name": "Thảo Tâyy"
        },
        {
            "id": "100095124963671",
            "count": 0,
            "name": "Bông Dz"
        },
        {
            "id": "100011481014596",
            "count": 4,
            "name": "Ngô Hoàng Minh Hiếu"
        },
        {
            "id": "100076224217884",
            "count": 0,
            "name": "Nam Con"
        },
        {
            "id": "100081930645083",
            "count": 0,
            "name": "Nguyễn Duy Khánh"
        },
        {
            "id": "100045490206027",
            "count": 0,
            "name": "Phan Văn Hòa"
        },
        {
            "id": "100027043860549",
            "count": 0,
            "name": "Huỳnh Như"
        },
        {
            "id": "100051457082315",
            "count": 0,
            "name": "Thànhh Lượng"
        },
        {
            "id": "100070614622898",
            "count": 0,
            "name": "Nguyen Anh Tuấn"
        },
        {
            "id": "100073301618761",
            "count": 0,
            "name": "Nguyễn Quân"
        },
        {
            "id": "100061658433618",
            "count": 0,
            "name": "Hoang Anh"
        },
        {
            "id": "100094635232183",
            "count": 0,
            "name": "Thái Hoàng Khiêm"
        },
        {
            "id": "100067686370545",
            "count": 3,
            "name": "Tuấn Khangg"
        },
        {
            "id": "100093215460715",
            "count": 48,
            "name": "Long Nhật"
        },
        {
            "id": "100071670588406",
            "count": 43,
            "name": "Tấn Tài"
        },
        {
            "id": "100053504707634",
            "count": 0,
            "name": "Hoàng BảoAnh"
        },
        {
            "id": "100081068154822",
            "count": 0,
            "name": "Nguyễn Vinhh"
        },
        {
            "id": "100060556125759",
            "count": 0,
            "name": "Nguyễn Phụng"
        },
        {
            "id": "100077162244471",
            "count": 2,
            "name": "Nguyen Manh Dung"
        },
        {
            "id": "100050999371837",
            "count": 66,
            "name": "Tiến Nguyễn"
        },
        {
            "id": "100075216610999",
            "count": 150,
            "name": "Hyouka Granger"
        },
        {
            "id": "100078738729314",
            "count": 0,
            "name": "Đặng Phúc"
        },
        {
            "id": "100050070181302",
            "count": 0,
            "name": "Tra Myy"
        },
        {
            "id": "100003092172554",
            "count": 0,
            "name": "Tuan Minh"
        },
        {
            "id": "100087963441329",
            "count": 3,
            "name": "Yến Linh"
        },
        {
            "id": "100076549448118",
            "count": 1,
            "name": "Gia Bảo"
        },
        {
            "id": "100038524629178",
            "count": 0,
            "name": "Phạm Hoàng Gia Bảo"
        },
        {
            "id": "100093702377858",
            "count": 1,
            "name": "Thu Changg"
        },
        {
            "id": "100085105325882",
            "count": 0,
            "name": "Phúc Nguyễn"
        },
        {
            "id": "100073713820257",
            "count": 0,
            "name": "Thị Hoàng"
        },
        {
            "id": "100081990332302",
            "count": 1,
            "name": "H Vii Minhh"
        },
        {
            "id": "100030733512726",
            "count": 7,
            "name": "Nguyễn Thiện"
        },
        {
            "id": "61551814800929",
            "count": 13,
            "name": "Yen Nhi Ngocc"
        },
        {
            "id": "100094722228701",
            "count": 74,
            "name": "Thuan Anh"
        },
        {
            "id": "100094077875547",
            "count": 0,
            "name": "Trương Công Mạnh"
        },
        {
            "id": "100078688036361",
            "count": 1,
            "name": "Thaoo Myy"
        },
        {
            "id": "100092692429450",
            "count": 4,
            "name": "Đăng Khoa"
        },
        {
            "id": "100066742646168",
            "count": 31,
            "name": "Nguyen Tra My "
        },
        {
            "id": "100071244065545",
            "count": 115,
            "name": "Ng Khanh Ngoc"
        },
        {
            "id": "100078486450878",
            "count": 11,
            "name": "Cn Mel"
        },
        {
            "id": "100070833396353",
            "count": 0,
            "name": "Ng Đạt"
        },
        {
            "id": "100033460458373",
            "count": 0,
            "name": "Nguyễn Kim Vy"
        },
        {
            "id": "100093039952853",
            "count": 3,
            "name": "Pé Thiên"
        },
        {
            "id": "100084990271427",
            "count": 4,
            "name": "Đinh Kỳ"
        },
        {
            "id": "100058694446859",
            "count": 325,
            "name": "Ngọc My"
        },
        {
            "id": "100076421236545",
            "count": 4,
            "name": "Thái Tiến"
        },
        {
            "id": "100045902073784",
            "count": 0,
            "name": "Người dùng facebook"
        },
        {
            "id": "100053657677551",
            "count": 0,
            "name": "Thanh Ngọc"
        },
        {
            "id": "100088614442826",
            "count": 0,
            "name": "Người dùng facebook"
        },
        {
            "id": "100073189712546",
            "count": 1,
            "name": "Trd Phuongg"
        },
        {
            "id": "100076955834728",
            "count": 0,
            "name": "Anh Phan"
        },
        {
            "id": "100075867189890",
            "count": 0,
            "name": "Ngvan Gnouc"
        },
        {
            "id": "100020533465928",
            "count": 0,
            "name": "Người dùng facebook"
        },
        {
            "id": "100080126388378",
            "count": 0,
            "name": "Huân Nguyễn"
        },
        {
            "id": "100088266404895",
            "count": 24
        },
        {
            "id": "100080472289889",
            "count": 6
        },
        {
            "id": "100090188027893",
            "count": 18
        },
        {
            "id": "100054784372540",
            "count": 44
        },
        {
            "id": "100057025868501",
            "count": 32
        },
        {
            "id": "100056437675576",
            "count": 2
        },
        {
            "id": "100072406550518",
            "count": 0
        },
        {
            "id": "100044066383010",
            "count": 3
        },
        {
            "id": "100069404082801",
            "count": 0
        }
    ],
    "day": [
        {
            "id": "100040668279242",
            "count": 0,
            "name": "Nguyễn Tấn Phát"
        },
        {
            "id": "100063474094315",
            "count": 0,
            "name": "Kimm Ngânn"
        },
        {
            "id": "100061974177270",
            "count": 0,
            "name": "Ph Khanh Bang"
        },
        {
            "id": "100082416487508",
            "count": 0,
            "name": "Uyên Nguyễn"
        },
        {
            "id": "100013467979376",
            "count": 0,
            "name": "Phương Thảo"
        },
        {
            "id": "100071582273145",
            "count": 0,
            "name": "Đặng Quốc Nhật Kỳ"
        },
        {
            "id": "100061200095467",
            "count": 0,
            "name": "Trần Gia Huy"
        },
        {
            "id": "100066743076880",
            "count": 0,
            "name": "Trần Phi"
        },
        {
            "id": "100077306627990",
            "count": 0,
            "name": "TN Vũ"
        },
        {
            "id": "100076756176687",
            "count": 0,
            "name": "Thắm Phạm"
        },
        {
            "id": "100079291809883",
            "count": 0,
            "name": "Duyên Hoàng"
        },
        {
            "id": "100065093449013",
            "count": 0,
            "name": "Phạm Hiếu"
        },
        {
            "id": "100069270276402",
            "count": 0,
            "name": "Nguyễn Đức Hiếuu"
        },
        {
            "id": "100053880011486",
            "count": 0,
            "name": "Nguyễn Hoàng Nam"
        },
        {
            "id": "100060864524690",
            "count": 0,
            "name": "Thanh Khôi"
        },
        {
            "id": "100039547621016",
            "count": 0,
            "name": "Ai Biết Tí Đang"
        },
        {
            "id": "100072071527005",
            "count": 0,
            "name": "ĐứcAnh Phạm"
        },
        {
            "id": "100077456613877",
            "count": 0,
            "name": "Khannh Duyy"
        },
        {
            "id": "100027767023973",
            "count": 0,
            "name": "Do Minh Viet"
        },
        {
            "id": "100075165168388",
            "count": 0,
            "name": "Tâm Minh"
        },
        {
            "id": "100088603552673",
            "count": 0,
            "name": "Nguyễn Khánh Trâm"
        },
        {
            "id": "100069713443947",
            "count": 0,
            "name": "Đặng Trung Nghĩa"
        },
        {
            "id": "100068678053593",
            "count": 0,
            "name": "Nguyễn Thanh Thiện"
        },
        {
            "id": "100047448489809",
            "count": 0,
            "name": "Nguyễn Duy Quân"
        },
        {
            "id": "100073146462109",
            "count": 0,
            "name": "Nguyễn Hiếu"
        },
        {
            "id": "100076076467233",
            "count": 0,
            "name": "Nguyễn Kim Mạnh"
        },
        {
            "id": "100055641135102",
            "count": 0,
            "name": "Ng Hoang Phuc"
        },
        {
            "id": "100083378893417",
            "count": 0,
            "name": "Thảo Linh"
        },
        {
            "id": "100074745660176",
            "count": 0,
            "name": "Woan Lie"
        },
        {
            "id": "100042223691757",
            "count": 0,
            "name": "Đạt Phan"
        },
        {
            "id": "100074766017065",
            "count": 0,
            "name": "Đặng A.Quân"
        },
        {
            "id": "100063400814183",
            "count": 0,
            "name": "Duc Viet"
        },
        {
            "id": "100061258514761",
            "count": 0,
            "name": "Diem Quynh"
        },
        {
            "id": "100078777078495",
            "count": 0,
            "name": "Phan Thanh Hoang Phu"
        },
        {
            "id": "100079017055391",
            "count": 0,
            "name": "Thuoc メ"
        },
        {
            "id": "100055880739186",
            "count": 0,
            "name": "Gia Khang"
        },
        {
            "id": "100028486076228",
            "count": 0,
            "name": "Minh Thái"
        },
        {
            "id": "100073369300133",
            "count": 0,
            "name": "Quốc Bảo"
        },
        {
            "id": "100058721495126",
            "count": 0,
            "name": "Bảo Nam"
        },
        {
            "id": "100070025592872",
            "count": 0,
            "name": "Ph Hung"
        },
        {
            "id": "100077077383334",
            "count": 0,
            "name": "PH Công"
        },
        {
            "id": "100073084531243",
            "count": 0,
            "name": "Lê Gia Huy"
        },
        {
            "id": "100053141808570",
            "count": 0,
            "name": "Nguyễn Văn Trình"
        },
        {
            "id": "100054091465276",
            "count": 0,
            "name": "Minh Nguyễn Đại"
        },
        {
            "id": "100079209277166",
            "count": 0,
            "name": "Tr Ngoc Thao Linh"
        },
        {
            "id": "100086380152894",
            "count": 0,
            "name": "Thiên Hương"
        },
        {
            "id": "100086949336333",
            "count": 0,
            "name": "Thảo Tâyy"
        },
        {
            "id": "100095124963671",
            "count": 0,
            "name": "Bông Dz"
        },
        {
            "id": "100011481014596",
            "count": 0,
            "name": "Ngô Hoàng Minh Hiếu"
        },
        {
            "id": "100076224217884",
            "count": 0,
            "name": "Nam Con"
        },
        {
            "id": "100081930645083",
            "count": 0,
            "name": "Nguyễn Duy Khánh"
        },
        {
            "id": "100045490206027",
            "count": 0,
            "name": "Phan Văn Hòa"
        },
        {
            "id": "100027043860549",
            "count": 0,
            "name": "Huỳnh Như"
        },
        {
            "id": "100051457082315",
            "count": 0,
            "name": "Thànhh Lượng"
        },
        {
            "id": "100070614622898",
            "count": 0,
            "name": "Nguyen Anh Tuấn"
        },
        {
            "id": "100073301618761",
            "count": 0,
            "name": "Nguyễn Quân"
        },
        {
            "id": "100061658433618",
            "count": 0,
            "name": "Hoang Anh"
        },
        {
            "id": "100094635232183",
            "count": 0,
            "name": "Thái Hoàng Khiêm"
        },
        {
            "id": "100067686370545",
            "count": 0,
            "name": "Tuấn Khangg"
        },
        {
            "id": "100093215460715",
            "count": 0,
            "name": "Long Nhật"
        },
        {
            "id": "100071670588406",
            "count": 0,
            "name": "Tấn Tài"
        },
        {
            "id": "100053504707634",
            "count": 0,
            "name": "Hoàng BảoAnh"
        },
        {
            "id": "100081068154822",
            "count": 0,
            "name": "Nguyễn Vinhh"
        },
        {
            "id": "100060556125759",
            "count": 0,
            "name": "Nguyễn Phụng"
        },
        {
            "id": "100077162244471",
            "count": 0,
            "name": "Nguyen Manh Dung"
        },
        {
            "id": "100050999371837",
            "count": 0,
            "name": "Tiến Nguyễn"
        },
        {
            "id": "100075216610999",
            "count": 0,
            "name": "Hyouka Granger"
        },
        {
            "id": "100078738729314",
            "count": 0,
            "name": "Đặng Phúc"
        },
        {
            "id": "100050070181302",
            "count": 0,
            "name": "Tra Myy"
        },
        {
            "id": "100003092172554",
            "count": 0,
            "name": "Tuan Minh"
        },
        {
            "id": "100087963441329",
            "count": 0,
            "name": "Yến Linh"
        },
        {
            "id": "100076549448118",
            "count": 0,
            "name": "Gia Bảo"
        },
        {
            "id": "100038524629178",
            "count": 0,
            "name": "Phạm Hoàng Gia Bảo"
        },
        {
            "id": "100093702377858",
            "count": 0,
            "name": "Thu Changg"
        },
        {
            "id": "100085105325882",
            "count": 0,
            "name": "Phúc Nguyễn"
        },
        {
            "id": "100073713820257",
            "count": 0,
            "name": "Thị Hoàng"
        },
        {
            "id": "100081990332302",
            "count": 0,
            "name": "H Vii Minhh"
        },
        {
            "id": "100030733512726",
            "count": 0,
            "name": "Nguyễn Thiện"
        },
        {
            "id": "61551814800929",
            "count": 0,
            "name": "Yen Nhi Ngocc"
        },
        {
            "id": "100094722228701",
            "count": 0,
            "name": "Thuan Anh"
        },
        {
            "id": "100094077875547",
            "count": 0,
            "name": "Trương Công Mạnh"
        },
        {
            "id": "100078688036361",
            "count": 0,
            "name": "Thaoo Myy"
        },
        {
            "id": "100092692429450",
            "count": 0,
            "name": "Đăng Khoa"
        },
        {
            "id": "100066742646168",
            "count": 0,
            "name": "Nguyen Tra My "
        },
        {
            "id": "100071244065545",
            "count": 0,
            "name": "Ng Khanh Ngoc"
        },
        {
            "id": "100078486450878",
            "count": 0,
            "name": "Cn Mel"
        },
        {
            "id": "100070833396353",
            "count": 0,
            "name": "Ng Đạt"
        },
        {
            "id": "100033460458373",
            "count": 0,
            "name": "Nguyễn Kim Vy"
        },
        {
            "id": "100093039952853",
            "count": 0,
            "name": "Pé Thiên"
        },
        {
            "id": "100084990271427",
            "count": 0,
            "name": "Đinh Kỳ"
        },
        {
            "id": "100058694446859",
            "count": 0,
            "name": "Ngọc My"
        },
        {
            "id": "100076421236545",
            "count": 0,
            "name": "Thái Tiến"
        },
        {
            "id": "100045902073784",
            "count": 0,
            "name": "Nguyễn Hoàng Hải"
        },
        {
            "id": "100053657677551",
            "count": 0,
            "name": "Thanh Ngọc"
        },
        {
            "id": "100088614442826",
            "count": 0,
            "name": "Kha Vee"
        },
        {
            "id": "100073189712546",
            "count": 0,
            "name": "Trd Phuongg"
        },
        {
            "id": "100076955834728",
            "count": 0,
            "name": "Anh Phan"
        },
        {
            "id": "100075867189890",
            "count": 0,
            "name": "Ngvan Gnouc"
        },
        {
            "id": "100020533465928",
            "count": 0,
            "name": "NgNgoc A Ly"
        },
        {
            "id": "100080126388378",
            "count": 0,
            "name": "Huân Nguyễn"
        },
        {
            "id": "100088266404895",
            "count": 0,
            "name": "Ngọc Phong"
        },
        {
            "id": "100080472289889",
            "count": 0,
            "name": "Hè Hé"
        },
        {
            "id": "100090188027893",
            "count": 0,
            "name": "Lê Đạt Thành"
        },
        {
            "id": "100054784372540",
            "count": 0,
            "name": "Hoàng Tân"
        },
        {
            "id": "100057025868501",
            "count": 0,
            "name": "Phúc Hậu"
        },
        {
            "id": "100056437675576",
            "count": 0,
            "name": "Vương Trang"
        },
        {
            "id": "100072406550518",
            "count": 0,
            "name": "Thảo Vy"
        },
        {
            "id": "100044066383010",
            "count": 0,
            "name": "Nguyen Trang"
        },
        {
            "id": "100069404082801",
            "count": 0,
            "name": "Người dùng facebook"
        }
    ],
    "time": 5,
    "last": {
        "time": 1,
        "day": [
            {
                "id": "100040668279242",
                "count": 0
            },
            {
                "id": "100058694446859",
                "count": 0
            },
            {
                "id": "100063474094315",
                "count": 0
            },
            {
                "id": "100070294427154",
                "count": 0
            },
            {
                "id": "100080660240726",
                "count": 0
            },
            {
                "id": "100061974177270",
                "count": 0
            },
            {
                "id": "100082416487508",
                "count": 0
            },
            {
                "id": "100013467979376",
                "count": 0
            },
            {
                "id": "100071582273145",
                "count": 0
            },
            {
                "id": "100061200095467",
                "count": 0
            },
            {
                "id": "100066743076880",
                "count": 0
            },
            {
                "id": "100077306627990",
                "count": 0
            },
            {
                "id": "100076756176687",
                "count": 0
            },
            {
                "id": "100079291809883",
                "count": 0
            },
            {
                "id": "100065093449013",
                "count": 0
            },
            {
                "id": "100069270276402",
                "count": 0
            },
            {
                "id": "100053880011486",
                "count": 0
            },
            {
                "id": "100060864524690",
                "count": 0
            },
            {
                "id": "100039547621016",
                "count": 0
            },
            {
                "id": "100072071527005",
                "count": 0
            },
            {
                "id": "100077456613877",
                "count": 0
            },
            {
                "id": "100027767023973",
                "count": 0
            },
            {
                "id": "100075165168388",
                "count": 0
            },
            {
                "id": "100088603552673",
                "count": 0
            },
            {
                "id": "100069713443947",
                "count": 0
            },
            {
                "id": "100068678053593",
                "count": 0
            },
            {
                "id": "100085841800517",
                "count": 0
            },
            {
                "id": "100047448489809",
                "count": 0
            },
            {
                "id": "100073146462109",
                "count": 0
            },
            {
                "id": "100076076467233",
                "count": 0
            },
            {
                "id": "100055641135102",
                "count": 0
            },
            {
                "id": "100074343787137",
                "count": 0
            },
            {
                "id": "100083378893417",
                "count": 0
            },
            {
                "id": "100074745660176",
                "count": 0
            },
            {
                "id": "100075746546455",
                "count": 0
            },
            {
                "id": "100042223691757",
                "count": 0
            },
            {
                "id": "100074766017065",
                "count": 0
            },
            {
                "id": "100063400814183",
                "count": 0
            },
            {
                "id": "100061258514761",
                "count": 0
            },
            {
                "id": "100078777078495",
                "count": 0
            },
            {
                "id": "100079017055391",
                "count": 0
            },
            {
                "id": "100093001358077",
                "count": 0
            },
            {
                "id": "100055880739186",
                "count": 0
            },
            {
                "id": "100028486076228",
                "count": 0
            },
            {
                "id": "100073369300133",
                "count": 0
            },
            {
                "id": "61554481736597",
                "count": 0
            },
            {
                "id": "61555363606314",
                "count": 0
            },
            {
                "id": "100058721495126",
                "count": 0
            },
            {
                "id": "100070025592872",
                "count": 0
            },
            {
                "id": "100077077383334",
                "count": 0
            },
            {
                "id": "100078655141463",
                "count": 0
            },
            {
                "id": "100081311305959",
                "count": 0
            },
            {
                "id": "100087069398890",
                "count": 0
            },
            {
                "id": "100073084531243",
                "count": 0
            },
            {
                "id": "100053141808570",
                "count": 0
            },
            {
                "id": "100054091465276",
                "count": 0
            },
            {
                "id": "100079209277166",
                "count": 0
            },
            {
                "id": "100086380152894",
                "count": 0
            },
            {
                "id": "100086949336333",
                "count": 0
            },
            {
                "id": "100093092943500",
                "count": 0
            },
            {
                "id": "100095124963671",
                "count": 0
            },
            {
                "id": "100011481014596",
                "count": 0
            },
            {
                "id": "100070833396353",
                "count": 0
            },
            {
                "id": "100088917384786",
                "count": 0
            },
            {
                "id": "100089081659879",
                "count": 0
            },
            {
                "id": "100076224217884",
                "count": 0
            },
            {
                "id": "100093050791803",
                "count": 0
            },
            {
                "id": "100081930645083",
                "count": 0
            },
            {
                "id": "100045490206027",
                "count": 0
            },
            {
                "id": "100074677862280",
                "count": 0
            },
            {
                "id": "100027043860549",
                "count": 0
            },
            {
                "id": "100051457082315",
                "count": 0
            },
            {
                "id": "100090796044483",
                "count": 0
            },
            {
                "id": "100014587967388",
                "count": 0
            },
            {
                "id": "100070614622898",
                "count": 0
            },
            {
                "id": "100081257375818",
                "count": 0
            },
            {
                "id": "100073301618761",
                "count": 0
            },
            {
                "id": "100076214473792",
                "count": 0
            },
            {
                "id": "100061658433618",
                "count": 0
            },
            {
                "id": "61554457720384",
                "count": 0
            },
            {
                "id": "100023375472457",
                "count": 0
            },
            {
                "id": "100094635232183",
                "count": 0
            },
            {
                "id": "100067686370545",
                "count": 0
            },
            {
                "id": "100093215460715",
                "count": 0
            },
            {
                "id": "100071670588406",
                "count": 0
            },
            {
                "id": "100053504707634",
                "count": 0
            },
            {
                "id": "61554576087521",
                "count": 0
            },
            {
                "id": "1429700974",
                "count": 0
            },
            {
                "id": "100081068154822",
                "count": 0
            },
            {
                "id": "100060556125759",
                "count": 0
            },
            {
                "id": "100077162244471",
                "count": 0
            },
            {
                "id": "100050999371837",
                "count": 0
            },
            {
                "id": "100075216610999",
                "count": 0
            },
            {
                "id": "100078738729314",
                "count": 0
            },
            {
                "id": "100050070181302",
                "count": 0
            },
            {
                "id": "100094262648377",
                "count": 0
            },
            {
                "id": "100003092172554",
                "count": 0
            },
            {
                "id": "100087963441329",
                "count": 0
            },
            {
                "id": "100076549448118",
                "count": 0
            },
            {
                "id": "100038524629178",
                "count": 0
            },
            {
                "id": "100093702377858",
                "count": 0
            },
            {
                "id": "100088575602154",
                "count": 0
            },
            {
                "id": "100085105325882",
                "count": 0
            },
            {
                "id": "100073713820257",
                "count": 0
            },
            {
                "id": "100081990332302",
                "count": 0
            },
            {
                "id": "100030733512726",
                "count": 0
            },
            {
                "id": "61551814800929",
                "count": 0
            },
            {
                "id": "100080062084481",
                "count": 0
            },
            {
                "id": "100094722228701",
                "count": 0
            },
            {
                "id": "100094077875547",
                "count": 0
            },
            {
                "id": "100078688036361",
                "count": 0
            },
            {
                "id": "100092692429450",
                "count": 0
            },
            {
                "id": "100066742646168",
                "count": 0
            },
            {
                "id": "61554879134226",
                "count": 0
            },
            {
                "id": "100071244065545",
                "count": 0
            },
            {
                "id": "100074418761837",
                "count": 0
            },
            {
                "id": "100072906695888",
                "count": 0
            },
            {
                "id": "100078486450878",
                "count": 0
            },
            {
                "id": "100065044443043",
                "count": 0
            },
            {
                "id": "100055630701205",
                "count": 0
            },
            {
                "id": "100033460458373",
                "count": 0
            },
            {
                "id": "100093039952853",
                "count": 0
            },
            {
                "id": "100084990271427",
                "count": 0
            },
            {
                "id": "100034256074775",
                "count": 0
            },
            {
                "id": "100076421236545",
                "count": 0
            },
            {
                "id": "100045902073784",
                "count": 0
            },
            {
                "id": "100053657677551",
                "count": 0
            },
            {
                "id": "100088614442826",
                "count": 0
            },
            {
                "id": "100081349304427",
                "count": 0
            },
            {
                "id": "100073189712546",
                "count": 0
            },
            {
                "id": "100076955834728",
                "count": 0
            },
            {
                "id": "100075867189890",
                "count": 0
            },
            {
                "id": "100021873135363",
                "count": 0
            },
            {
                "id": "100020533465928",
                "count": 0
            },
            {
                "id": "100080126388378",
                "count": 0
            },
            {
                "id": "100088266404895",
                "count": 0
            },
            {
                "id": "100080472289889",
                "count": 0
            },
            {
                "id": "100090188027893",
                "count": 0
            },
            {
                "id": "100054784372540",
                "count": 0
            },
            {
                "id": "100057025868501",
                "count": 0
            },
            {
                "id": "100056437675576",
                "count": 0
            },
            {
                "id": "100072406550518",
                "count": 0
            },
            {
                "id": "100044066383010",
                "count": 0
            },
            {
                "id": "100069404082801",
                "count": 0
            }
        ],
        "week": [
            {
                "id": "100040668279242",
                "count": 0
            },
            {
                "id": "100058694446859",
                "count": 0
            },
            {
                "id": "100063474094315",
                "count": 0
            },
            {
                "id": "100070294427154",
                "count": 0
            },
            {
                "id": "100080660240726",
                "count": 0
            },
            {
                "id": "100061974177270",
                "count": 0
            },
            {
                "id": "100082416487508",
                "count": 0
            },
            {
                "id": "100013467979376",
                "count": 0
            },
            {
                "id": "100071582273145",
                "count": 0
            },
            {
                "id": "100061200095467",
                "count": 0
            },
            {
                "id": "100066743076880",
                "count": 0
            },
            {
                "id": "100077306627990",
                "count": 0
            },
            {
                "id": "100076756176687",
                "count": 0
            },
            {
                "id": "100079291809883",
                "count": 0
            },
            {
                "id": "100065093449013",
                "count": 0
            },
            {
                "id": "100069270276402",
                "count": 0
            },
            {
                "id": "100053880011486",
                "count": 0
            },
            {
                "id": "100060864524690",
                "count": 0
            },
            {
                "id": "100039547621016",
                "count": 0
            },
            {
                "id": "100072071527005",
                "count": 0
            },
            {
                "id": "100077456613877",
                "count": 0
            },
            {
                "id": "100027767023973",
                "count": 0
            },
            {
                "id": "100075165168388",
                "count": 0
            },
            {
                "id": "100088603552673",
                "count": 0
            },
            {
                "id": "100069713443947",
                "count": 0
            },
            {
                "id": "100068678053593",
                "count": 0
            },
            {
                "id": "100085841800517",
                "count": 0
            },
            {
                "id": "100047448489809",
                "count": 0
            },
            {
                "id": "100073146462109",
                "count": 0
            },
            {
                "id": "100076076467233",
                "count": 0
            },
            {
                "id": "100055641135102",
                "count": 0
            },
            {
                "id": "100074343787137",
                "count": 0
            },
            {
                "id": "100083378893417",
                "count": 0
            },
            {
                "id": "100074745660176",
                "count": 0
            },
            {
                "id": "100075746546455",
                "count": 0
            },
            {
                "id": "100042223691757",
                "count": 0
            },
            {
                "id": "100074766017065",
                "count": 0
            },
            {
                "id": "100063400814183",
                "count": 0
            },
            {
                "id": "100061258514761",
                "count": 0
            },
            {
                "id": "100078777078495",
                "count": 0
            },
            {
                "id": "100079017055391",
                "count": 0
            },
            {
                "id": "100093001358077",
                "count": 0
            },
            {
                "id": "100055880739186",
                "count": 0
            },
            {
                "id": "100028486076228",
                "count": 0
            },
            {
                "id": "100073369300133",
                "count": 0
            },
            {
                "id": "61554481736597",
                "count": 0
            },
            {
                "id": "61555363606314",
                "count": 0
            },
            {
                "id": "100058721495126",
                "count": 0
            },
            {
                "id": "100070025592872",
                "count": 0
            },
            {
                "id": "100077077383334",
                "count": 0
            },
            {
                "id": "100078655141463",
                "count": 0
            },
            {
                "id": "100081311305959",
                "count": 0
            },
            {
                "id": "100087069398890",
                "count": 0
            },
            {
                "id": "100073084531243",
                "count": 0
            },
            {
                "id": "100053141808570",
                "count": 0
            },
            {
                "id": "100054091465276",
                "count": 0
            },
            {
                "id": "100079209277166",
                "count": 0
            },
            {
                "id": "100086380152894",
                "count": 0
            },
            {
                "id": "100086949336333",
                "count": 0
            },
            {
                "id": "100093092943500",
                "count": 0
            },
            {
                "id": "100095124963671",
                "count": 0
            },
            {
                "id": "100011481014596",
                "count": 0
            },
            {
                "id": "100070833396353",
                "count": 0
            },
            {
                "id": "100088917384786",
                "count": 0
            },
            {
                "id": "100089081659879",
                "count": 0
            },
            {
                "id": "100076224217884",
                "count": 0
            },
            {
                "id": "100093050791803",
                "count": 0
            },
            {
                "id": "100081930645083",
                "count": 0
            },
            {
                "id": "100045490206027",
                "count": 0
            },
            {
                "id": "100074677862280",
                "count": 0
            },
            {
                "id": "100027043860549",
                "count": 0
            },
            {
                "id": "100051457082315",
                "count": 0
            },
            {
                "id": "100090796044483",
                "count": 0
            },
            {
                "id": "100014587967388",
                "count": 0
            },
            {
                "id": "100070614622898",
                "count": 0
            },
            {
                "id": "100081257375818",
                "count": 0
            },
            {
                "id": "100073301618761",
                "count": 0
            },
            {
                "id": "100076214473792",
                "count": 0
            },
            {
                "id": "100061658433618",
                "count": 0
            },
            {
                "id": "61554457720384",
                "count": 0
            },
            {
                "id": "100023375472457",
                "count": 0
            },
            {
                "id": "100094635232183",
                "count": 0
            },
            {
                "id": "100067686370545",
                "count": 0
            },
            {
                "id": "100093215460715",
                "count": 0
            },
            {
                "id": "100071670588406",
                "count": 0
            },
            {
                "id": "100053504707634",
                "count": 0
            },
            {
                "id": "61554576087521",
                "count": 0
            },
            {
                "id": "1429700974",
                "count": 0
            },
            {
                "id": "100081068154822",
                "count": 0
            },
            {
                "id": "100060556125759",
                "count": 0
            },
            {
                "id": "100077162244471",
                "count": 0
            },
            {
                "id": "100050999371837",
                "count": 0
            },
            {
                "id": "100075216610999",
                "count": 0
            },
            {
                "id": "100078738729314",
                "count": 0
            },
            {
                "id": "100050070181302",
                "count": 0
            },
            {
                "id": "100094262648377",
                "count": 0
            },
            {
                "id": "100003092172554",
                "count": 0
            },
            {
                "id": "100087963441329",
                "count": 0
            },
            {
                "id": "100076549448118",
                "count": 0
            },
            {
                "id": "100038524629178",
                "count": 0
            },
            {
                "id": "100093702377858",
                "count": 0
            },
            {
                "id": "100088575602154",
                "count": 0
            },
            {
                "id": "100085105325882",
                "count": 0
            },
            {
                "id": "100073713820257",
                "count": 0
            },
            {
                "id": "100081990332302",
                "count": 0
            },
            {
                "id": "100030733512726",
                "count": 0
            },
            {
                "id": "61551814800929",
                "count": 0
            },
            {
                "id": "100080062084481",
                "count": 0
            },
            {
                "id": "100094722228701",
                "count": 0
            },
            {
                "id": "100094077875547",
                "count": 0
            },
            {
                "id": "100078688036361",
                "count": 0
            },
            {
                "id": "100092692429450",
                "count": 0
            },
            {
                "id": "100066742646168",
                "count": 0
            },
            {
                "id": "61554879134226",
                "count": 0
            },
            {
                "id": "100071244065545",
                "count": 0
            },
            {
                "id": "100074418761837",
                "count": 0
            },
            {
                "id": "100072906695888",
                "count": 0
            },
            {
                "id": "100078486450878",
                "count": 0
            },
            {
                "id": "100065044443043",
                "count": 0
            },
            {
                "id": "100055630701205",
                "count": 0
            },
            {
                "id": "100033460458373",
                "count": 0
            },
            {
                "id": "100093039952853",
                "count": 0
            },
            {
                "id": "100084990271427",
                "count": 0
            },
            {
                "id": "100034256074775",
                "count": 0
            },
            {
                "id": "100076421236545",
                "count": 0
            },
            {
                "id": "100045902073784",
                "count": 0
            },
            {
                "id": "100053657677551",
                "count": 0
            },
            {
                "id": "100088614442826",
                "count": 0
            },
            {
                "id": "100081349304427",
                "count": 0
            },
            {
                "id": "100073189712546",
                "count": 0
            },
            {
                "id": "100076955834728",
                "count": 0
            },
            {
                "id": "100075867189890",
                "count": 0
            },
            {
                "id": "100021873135363",
                "count": 0
            },
            {
                "id": "100020533465928",
                "count": 0
            },
            {
                "id": "100080126388378",
                "count": 0
            },
            {
                "id": "100088266404895",
                "count": 0
            },
            {
                "id": "100080472289889",
                "count": 0
            },
            {
                "id": "100090188027893",
                "count": 0
            },
            {
                "id": "100054784372540",
                "count": 0
            },
            {
                "id": "100057025868501",
                "count": 0
            },
            {
                "id": "100056437675576",
                "count": 0
            },
            {
                "id": "100072406550518",
                "count": 0
            },
            {
                "id": "100044066383010",
                "count": 0
            },
            {
                "id": "100069404082801",
                "count": 0
            }
        ]
    }
}