{
    "total": [
        {
            "id": "100059469228910",
            "count": 2
        },
        {
            "id": "100088161834767",
            "count": 0
        },
        {
            "id": "100039343966667",
            "count": 0
        },
        {
            "id": "100081845686462",
            "count": 40
        },
        {
            "id": "100070683909368",
            "count": 0
        },
        {
            "id": "100088385265012",
            "count": 44
        },
        {
            "id": "61555465756060",
            "count": 0
        },
        {
            "id": "100089381711771",
            "count": 10
        },
        {
            "id": "61550083523276",
            "count": 430
        },
        {
            "id": "100087598527363",
            "count": 0
        },
        {
            "id": "100035854252985",
            "count": 14
        },
        {
            "id": "100069977126920",
            "count": 0
        },
        {
            "id": "100081814310308",
            "count": 0
        },
        {
            "id": "100094243431330",
            "count": 121
        },
        {
            "id": "100040420335636",
            "count": 0
        },
        {
            "id": "100086220070468",
            "count": 11
        },
        {
            "id": "100000179302694",
            "count": 5
        },
        {
            "id": "100075408452080",
            "count": 27
        },
        {
            "id": "100056208391980",
            "count": 4
        },
        {
            "id": "100058431499198",
            "count": 30
        },
        {
            "id": "100053692041778",
            "count": 11
        },
        {
            "id": "100081352925984",
            "count": 44
        },
        {
            "id": "100083689581796",
            "count": 9
        },
        {
            "id": "100063710559476",
            "count": 0
        },
        {
            "id": "100069295223709",
            "count": 651
        },
        {
            "id": "100070323038675",
            "count": 15
        },
        {
            "id": "100055714252168",
            "count": 0
        },
        {
            "id": "100077696552800",
            "count": 0
        },
        {
            "id": "100068951581188",
            "count": 35
        },
        {
            "id": "100003727985702",
            "count": 82
        },
        {
            "id": "100050999371837",
            "count": 5
        },
        {
            "id": "100000571849725",
            "count": 2
        },
        {
            "id": "100081559865817",
            "count": 8
        },
        {
            "id": "100075216610999",
            "count": 251
        },
        {
            "id": "61556902692726",
            "count": 8
        },
        {
            "id": "100050205213240",
            "count": 157
        },
        {
            "id": "100095371625496",
            "count": 4
        },
        {
            "id": "61556080779874",
            "count": 102
        },
        {
            "id": "100094655349307",
            "count": 17
        },
        {
            "id": "61556301728950",
            "count": 20
        }
    ],
    "week": [
        {
            "id": "100059469228910",
            "count": 0,
            "name": "Người dùng facebook"
        },
        {
            "id": "100088161834767",
            "count": 0,
            "name": "Người dùng facebook"
        },
        {
            "id": "100039343966667",
            "count": 0,
            "name": "Người dùng facebook"
        },
        {
            "id": "100081845686462",
            "count": 0,
            "name": "Người dùng facebook"
        },
        {
            "id": "100070683909368",
            "count": 0,
            "name": "Người dùng facebook"
        },
        {
            "id": "100088385265012",
            "count": 0,
            "name": "Người dùng facebook"
        },
        {
            "id": "61555465756060",
            "count": 0,
            "name": "Người dùng facebook"
        },
        {
            "id": "100089381711771",
            "count": 0,
            "name": "Người dùng facebook"
        },
        {
            "id": "61550083523276",
            "count": 0,
            "name": "Người dùng facebook"
        },
        {
            "id": "100087598527363",
            "count": 0,
            "name": "Người dùng facebook"
        },
        {
            "id": "100035854252985",
            "count": 0,
            "name": "Người dùng facebook"
        },
        {
            "id": "100069977126920",
            "count": 0,
            "name": "Đỗ Minh Hiếu"
        },
        {
            "id": "100081814310308",
            "count": 0,
            "name": "Người dùng facebook"
        },
        {
            "id": "100094243431330",
            "count": 0,
            "name": "Người dùng facebook"
        },
        {
            "id": "100040420335636",
            "count": 0,
            "name": "Người dùng facebook"
        },
        {
            "id": "100086220070468",
            "count": 0,
            "name": "Người dùng facebook"
        },
        {
            "id": "100000179302694",
            "count": 0,
            "name": "Người dùng facebook"
        },
        {
            "id": "100075408452080",
            "count": 0,
            "name": "Người dùng facebook"
        },
        {
            "id": "100056208391980",
            "count": 0,
            "name": "Người dùng facebook"
        },
        {
            "id": "100058431499198",
            "count": 0,
            "name": "Người dùng facebook"
        },
        {
            "id": "100053692041778",
            "count": 0,
            "name": "Người dùng facebook"
        },
        {
            "id": "100081352925984",
            "count": 0,
            "name": "Người dùng facebook"
        },
        {
            "id": "100083689581796",
            "count": 0,
            "name": "Người dùng facebook"
        },
        {
            "id": "100063710559476",
            "count": 0,
            "name": "Người dùng facebook"
        },
        {
            "id": "100069295223709",
            "count": 0,
            "name": "Người dùng facebook"
        },
        {
            "id": "100070323038675",
            "count": 0,
            "name": "Người dùng facebook"
        },
        {
            "id": "100055714252168",
            "count": 0,
            "name": "Người dùng facebook"
        },
        {
            "id": "100077696552800",
            "count": 0,
            "name": "Người dùng facebook"
        },
        {
            "id": "100068951581188",
            "count": 0,
            "name": "Người dùng facebook"
        },
        {
            "id": "100003727985702",
            "count": 0,
            "name": "Người dùng facebook"
        },
        {
            "id": "100050999371837",
            "count": 0,
            "name": "Tiến Nguyễn"
        },
        {
            "id": "100000571849725",
            "count": 0,
            "name": "Người dùng facebook"
        },
        {
            "id": "100081559865817",
            "count": 0,
            "name": "Người dùng facebook"
        },
        {
            "id": "100075216610999",
            "count": 0,
            "name": "Hyouka Granger"
        },
        {
            "id": "61556902692726",
            "count": 0,
            "name": "Tèo Đây"
        },
        {
            "id": "100050205213240",
            "count": 0,
            "name": "Người dùng facebook"
        },
        {
            "id": "100095371625496",
            "count": 0,
            "name": "Người dùng facebook"
        },
        {
            "id": "61556080779874",
            "count": 0,
            "name": "Người dùng facebook"
        },
        {
            "id": "100094655349307",
            "count": 0,
            "name": "Anh Là Sadboy"
        },
        {
            "id": "61556301728950",
            "count": 0,
            "name": "Người dùng facebook"
        }
    ],
    "day": [
        {
            "id": "100059469228910",
            "count": 0,
            "name": "Người dùng facebook"
        },
        {
            "id": "100088161834767",
            "count": 0,
            "name": "Người dùng facebook"
        },
        {
            "id": "100039343966667",
            "count": 0,
            "name": "Người dùng facebook"
        },
        {
            "id": "100081845686462",
            "count": 0,
            "name": "Người dùng facebook"
        },
        {
            "id": "100070683909368",
            "count": 0,
            "name": "Người dùng facebook"
        },
        {
            "id": "100088385265012",
            "count": 0,
            "name": "Người dùng facebook"
        },
        {
            "id": "61555465756060",
            "count": 0,
            "name": "Người dùng facebook"
        },
        {
            "id": "100089381711771",
            "count": 0,
            "name": "Người dùng facebook"
        },
        {
            "id": "61550083523276",
            "count": 0,
            "name": "Người dùng facebook"
        },
        {
            "id": "100087598527363",
            "count": 0,
            "name": "Người dùng facebook"
        },
        {
            "id": "100035854252985",
            "count": 0,
            "name": "Người dùng facebook"
        },
        {
            "id": "100069977126920",
            "count": 0,
            "name": "Đỗ Minh Hiếu"
        },
        {
            "id": "100081814310308",
            "count": 0,
            "name": "Người dùng facebook"
        },
        {
            "id": "100094243431330",
            "count": 0,
            "name": "Người dùng facebook"
        },
        {
            "id": "100040420335636",
            "count": 0,
            "name": "Người dùng facebook"
        },
        {
            "id": "100086220070468",
            "count": 0,
            "name": "Người dùng facebook"
        },
        {
            "id": "100000179302694",
            "count": 0,
            "name": "Người dùng facebook"
        },
        {
            "id": "100075408452080",
            "count": 0,
            "name": "Người dùng facebook"
        },
        {
            "id": "100056208391980",
            "count": 0,
            "name": "Người dùng facebook"
        },
        {
            "id": "100058431499198",
            "count": 0,
            "name": "Người dùng facebook"
        },
        {
            "id": "100053692041778",
            "count": 0,
            "name": "Người dùng facebook"
        },
        {
            "id": "100081352925984",
            "count": 0,
            "name": "Người dùng facebook"
        },
        {
            "id": "100083689581796",
            "count": 0,
            "name": "Người dùng facebook"
        },
        {
            "id": "100063710559476",
            "count": 0,
            "name": "Người dùng facebook"
        },
        {
            "id": "100069295223709",
            "count": 0,
            "name": "Người dùng facebook"
        },
        {
            "id": "100070323038675",
            "count": 0,
            "name": "Người dùng facebook"
        },
        {
            "id": "100055714252168",
            "count": 0,
            "name": "Người dùng facebook"
        },
        {
            "id": "100077696552800",
            "count": 0,
            "name": "Người dùng facebook"
        },
        {
            "id": "100068951581188",
            "count": 0,
            "name": "Người dùng facebook"
        },
        {
            "id": "100003727985702",
            "count": 0,
            "name": "Người dùng facebook"
        },
        {
            "id": "100050999371837",
            "count": 0,
            "name": "Tiến Nguyễn"
        },
        {
            "id": "100000571849725",
            "count": 0,
            "name": "Người dùng facebook"
        },
        {
            "id": "100081559865817",
            "count": 0,
            "name": "Người dùng facebook"
        },
        {
            "id": "100075216610999",
            "count": 0,
            "name": "Hyouka Granger"
        },
        {
            "id": "61556902692726",
            "count": 0,
            "name": "Tèo Đây"
        },
        {
            "id": "100050205213240",
            "count": 0,
            "name": "Người dùng facebook"
        },
        {
            "id": "100095371625496",
            "count": 0,
            "name": "Người dùng facebook"
        },
        {
            "id": "61556080779874",
            "count": 0,
            "name": "Người dùng facebook"
        },
        {
            "id": "100094655349307",
            "count": 0,
            "name": "Nguyễn Thương"
        },
        {
            "id": "61556301728950",
            "count": 0,
            "name": "Người dùng facebook"
        }
    ],
    "time": 5,
    "last": {
        "time": 5,
        "day": [
            {
                "id": "100059469228910",
                "count": 0
            },
            {
                "id": "100088161834767",
                "count": 0
            },
            {
                "id": "100039343966667",
                "count": 0
            },
            {
                "id": "100081845686462",
                "count": 0
            },
            {
                "id": "100070683909368",
                "count": 0
            },
            {
                "id": "100088385265012",
                "count": 0
            },
            {
                "id": "61555465756060",
                "count": 0
            },
            {
                "id": "100071054924515",
                "count": 0
            },
            {
                "id": "100089381711771",
                "count": 0
            },
            {
                "id": "61550083523276",
                "count": 0
            },
            {
                "id": "100087598527363",
                "count": 0
            },
            {
                "id": "100035854252985",
                "count": 0
            },
            {
                "id": "100069977126920",
                "count": 0
            },
            {
                "id": "100081814310308",
                "count": 0
            },
            {
                "id": "100094243431330",
                "count": 0
            },
            {
                "id": "100040420335636",
                "count": 0
            },
            {
                "id": "100086220070468",
                "count": 0
            },
            {
                "id": "100000179302694",
                "count": 0
            },
            {
                "id": "100085238797767",
                "count": 0
            },
            {
                "id": "100075408452080",
                "count": 0
            },
            {
                "id": "100056208391980",
                "count": 0
            },
            {
                "id": "100058431499198",
                "count": 0
            },
            {
                "id": "100053692041778",
                "count": 0
            },
            {
                "id": "100081352925984",
                "count": 0
            },
            {
                "id": "100083689581796",
                "count": 0
            },
            {
                "id": "100050090723404",
                "count": 0
            },
            {
                "id": "100063710559476",
                "count": 0
            },
            {
                "id": "61552522321047",
                "count": 0
            },
            {
                "id": "100069295223709",
                "count": 0
            },
            {
                "id": "100070323038675",
                "count": 0
            },
            {
                "id": "100055714252168",
                "count": 0
            },
            {
                "id": "100086537623008",
                "count": 0
            },
            {
                "id": "100077696552800",
                "count": 0
            },
            {
                "id": "100068951581188",
                "count": 0
            },
            {
                "id": "100003727985702",
                "count": 0
            },
            {
                "id": "61554669151733",
                "count": 0
            },
            {
                "id": "100050999371837",
                "count": 0
            },
            {
                "id": "100050205213240",
                "count": 0
            },
            {
                "id": "100000571849725",
                "count": 0
            },
            {
                "id": "100081559865817",
                "count": 0
            },
            {
                "id": "100075216610999",
                "count": 0
            },
            {
                "id": "61556902692726",
                "count": 0
            },
            {
                "id": "100095371625496",
                "count": 0
            },
            {
                "id": "100090570307446",
                "count": 0
            },
            {
                "id": "61556080779874",
                "count": 0
            },
            {
                "id": "100094655349307",
                "count": 0
            },
            {
                "id": "61553870709790",
                "count": 0
            },
            {
                "id": "61556301728950",
                "count": 0
            }
        ],
        "week": [
            {
                "id": "100059469228910",
                "count": 0
            },
            {
                "id": "100088161834767",
                "count": 0
            },
            {
                "id": "100039343966667",
                "count": 0
            },
            {
                "id": "100081845686462",
                "count": 0
            },
            {
                "id": "100070683909368",
                "count": 0
            },
            {
                "id": "100088385265012",
                "count": 0
            },
            {
                "id": "61555465756060",
                "count": 0
            },
            {
                "id": "100071054924515",
                "count": 0
            },
            {
                "id": "100089381711771",
                "count": 0
            },
            {
                "id": "61550083523276",
                "count": 0
            },
            {
                "id": "100087598527363",
                "count": 0
            },
            {
                "id": "100035854252985",
                "count": 0
            },
            {
                "id": "100069977126920",
                "count": 0
            },
            {
                "id": "100081814310308",
                "count": 0
            },
            {
                "id": "100094243431330",
                "count": 0
            },
            {
                "id": "100040420335636",
                "count": 0
            },
            {
                "id": "100086220070468",
                "count": 0
            },
            {
                "id": "100000179302694",
                "count": 0
            },
            {
                "id": "100085238797767",
                "count": 0
            },
            {
                "id": "100075408452080",
                "count": 0
            },
            {
                "id": "100056208391980",
                "count": 0
            },
            {
                "id": "100058431499198",
                "count": 0
            },
            {
                "id": "100053692041778",
                "count": 0
            },
            {
                "id": "100081352925984",
                "count": 0
            },
            {
                "id": "100083689581796",
                "count": 0
            },
            {
                "id": "100050090723404",
                "count": 0
            },
            {
                "id": "100063710559476",
                "count": 0
            },
            {
                "id": "61552522321047",
                "count": 0
            },
            {
                "id": "100069295223709",
                "count": 0
            },
            {
                "id": "100070323038675",
                "count": 0
            },
            {
                "id": "100055714252168",
                "count": 0
            },
            {
                "id": "100086537623008",
                "count": 0
            },
            {
                "id": "100077696552800",
                "count": 0
            },
            {
                "id": "100068951581188",
                "count": 0
            },
            {
                "id": "100003727985702",
                "count": 0
            },
            {
                "id": "61554669151733",
                "count": 0
            },
            {
                "id": "100050999371837",
                "count": 0
            },
            {
                "id": "100050205213240",
                "count": 0
            },
            {
                "id": "100000571849725",
                "count": 0
            },
            {
                "id": "100081559865817",
                "count": 0
            },
            {
                "id": "100075216610999",
                "count": 0
            },
            {
                "id": "61556902692726",
                "count": 0
            },
            {
                "id": "100095371625496",
                "count": 0
            },
            {
                "id": "100090570307446",
                "count": 0
            },
            {
                "id": "61556080779874",
                "count": 0
            },
            {
                "id": "100094655349307",
                "count": 0
            },
            {
                "id": "61553870709790",
                "count": 0
            },
            {
                "id": "61556301728950",
                "count": 0
            }
        ]
    }
}