{
    "total": [
        {
            "id": "100009542016417",
            "count": 153
        },
        {
            "id": "100057645233147",
            "count": 236
        },
        {
            "id": "100079276905924",
            "count": 1511
        },
        {
            "id": "100088655395032",
            "count": 104
        },
        {
            "id": "100094769636657",
            "count": 2184
        },
        {
            "id": "100025522848638",
            "count": 1154
        },
        {
            "id": "100080103117860",
            "count": 60
        },
        {
            "id": "100073352905523",
            "count": 147
        },
        {
            "id": "100031618760108",
            "count": 273
        },
        {
            "id": "100075872511961",
            "count": 237
        },
        {
            "id": "100077333515452",
            "count": 84
        },
        {
            "id": "100074762745664",
            "count": 261
        },
        {
            "id": "100093956405768",
            "count": 64
        },
        {
            "id": "100088674249510",
            "count": 53
        },
        {
            "id": "100078207290264",
            "count": 417
        },
        {
            "id": "100041079390776",
            "count": 3697
        },
        {
            "id": "100044272032349",
            "count": 722
        },
        {
            "id": "100084062712799",
            "count": 1331
        },
        {
            "id": "100094014594979",
            "count": 36
        },
        {
            "id": "100087391440368",
            "count": 59
        },
        {
            "id": "100075394647965",
            "count": 1445
        },
        {
            "id": "100073518551939",
            "count": 1058
        },
        {
            "id": "61552013202054",
            "count": 58
        },
        {
            "id": "100050999371837",
            "count": 46
        },
        {
            "id": "100075216610999",
            "count": 1692
        },
        {
            "id": "100095256289378",
            "count": 343
        },
        {
            "id": "61555259807422",
            "count": 49
        },
        {
            "id": "100054370732954",
            "count": 272
        },
        {
            "id": "100072160653079",
            "count": 167
        },
        {
            "id": "100083382621709",
            "count": 32
        },
        {
            "id": "100086646916664",
            "count": 105
        },
        {
            "id": "100067681911442",
            "count": 1468
        },
        {
            "id": "100078821520975",
            "count": 49
        },
        {
            "id": "100080816895706",
            "count": 413
        },
        {
            "id": "61553119929965",
            "count": 57
        },
        {
            "id": "100077749897356",
            "count": 25
        },
        {
            "id": "100023135303187",
            "count": 83
        },
        {
            "id": "100077100556115",
            "count": 185
        },
        {
            "id": "100042017804043",
            "count": 77
        },
        {
            "id": "100077444302663",
            "count": 140
        },
        {
            "id": "100069365274872",
            "count": 5761
        },
        {
            "id": "100093853188739",
            "count": 44
        },
        {
            "id": "100090070061407",
            "count": 46
        },
        {
            "id": "100063479313483",
            "count": 34
        },
        {
            "id": "100064536092892",
            "count": 541
        },
        {
            "id": "100009917388372",
            "count": 50
        },
        {
            "id": "100072518052116",
            "count": 151
        },
        {
            "id": "100089778085821",
            "count": 99
        },
        {
            "id": "61554567651409",
            "count": 167
        },
        {
            "id": "61550031685336",
            "count": 373
        },
        {
            "id": "100069977126920",
            "count": 296
        },
        {
            "id": "100063404344237",
            "count": 80
        },
        {
            "id": "100074453623068",
            "count": 338
        },
        {
            "id": "100074291101007",
            "count": 141
        },
        {
            "id": "100062240262293",
            "count": 40
        },
        {
            "id": "100093428628118",
            "count": 50
        },
        {
            "id": "100068807527245",
            "count": 130
        },
        {
            "id": "100058575609386",
            "count": 843
        },
        {
            "id": "100086920814791",
            "count": 46
        },
        {
            "id": "100034638332621",
            "count": 276
        },
        {
            "id": "61556157031312",
            "count": 65
        },
        {
            "id": "100082860623631",
            "count": 20
        },
        {
            "id": "61551001858720",
            "count": 102
        },
        {
            "id": "100087472137515",
            "count": 670
        },
        {
            "id": "100021536883759",
            "count": 36
        },
        {
            "id": "61550048439327",
            "count": 162
        },
        {
            "id": "100067454006045",
            "count": 91
        },
        {
            "id": "100093037317993",
            "count": 38
        },
        {
            "id": "61557599305219",
            "count": 75
        },
        {
            "id": "61557758376147",
            "count": 39
        },
        {
            "id": "100077183996744",
            "count": 547
        },
        {
            "id": "100054910448155",
            "count": 5
        },
        {
            "id": "100063549919641",
            "count": 221
        },
        {
            "id": "100055938529993",
            "count": 17
        },
        {
            "id": "100087067992887",
            "count": 2
        },
        {
            "id": "100069249897053",
            "count": 10
        },
        {
            "id": "100051886997435",
            "count": 112
        },
        {
            "id": "100081322854158",
            "count": 48
        },
        {
            "id": "100021719146988",
            "count": 15
        },
        {
            "id": "100075697854509",
            "count": 14
        },
        {
            "id": "61551532670039",
            "count": 5
        },
        {
            "id": "100091002253213",
            "count": 3
        },
        {
            "id": "100029604590379",
            "count": 5
        },
        {
            "id": "61555188151732",
            "count": 0
        }
    ],
    "week": [
        {
            "id": "100009542016417",
            "count": 43,
            "name": "Đường Tam"
        },
        {
            "id": "100057645233147",
            "count": 3,
            "name": "Triệu Thu Lành"
        },
        {
            "id": "100079276905924",
            "count": 61,
            "name": "Trần T.Anh"
        },
        {
            "id": "100088655395032",
            "count": 76,
            "name": "Hiếu Hà Tĩnh"
        },
        {
            "id": "100094769636657",
            "count": 94,
            "name": "Ranzinimeiko Yanuka"
        },
        {
            "id": "100025522848638",
            "count": 95,
            "name": "Nguyễn Trung Thành"
        },
        {
            "id": "100080103117860",
            "count": 7,
            "name": "Nguyễn Duy Khánh"
        },
        {
            "id": "100073352905523",
            "count": 0,
            "name": "Lê Thiên Hữu"
        },
        {
            "id": "100031618760108",
            "count": 24,
            "name": "Hà Nguyễn"
        },
        {
            "id": "100075872511961",
            "count": 17,
            "name": "Cacao Nóng"
        },
        {
            "id": "100077333515452",
            "count": 2,
            "name": "Kio Vô Tri"
        },
        {
            "id": "100074762745664",
            "count": 49,
            "name": "Phạm Văn Đăng"
        },
        {
            "id": "100093956405768",
            "count": 0,
            "name": "Cao Huynh Kieu Ly"
        },
        {
            "id": "100088674249510",
            "count": 18,
            "name": "Duy Ngy"
        },
        {
            "id": "100078207290264",
            "count": 14,
            "name": "Phan Anhh Như"
        },
        {
            "id": "100041079390776",
            "count": 227,
            "name": "Chương Thái"
        },
        {
            "id": "100044272032349",
            "count": 344,
            "name": "Võ Công Minh Võ"
        },
        {
            "id": "100084062712799",
            "count": 61,
            "name": "Lê Đức Trung"
        },
        {
            "id": "100094014594979",
            "count": 0,
            "name": "Hoang Đức Huy"
        },
        {
            "id": "100087391440368",
            "count": 1,
            "name": "Nguyễn Đức Tuan Anh"
        },
        {
            "id": "100075394647965",
            "count": 189,
            "name": "Giaa Hanw"
        },
        {
            "id": "100073518551939",
            "count": 231,
            "name": "Bánh Tiêu Biết Pùn"
        },
        {
            "id": "61552013202054",
            "count": 5,
            "name": "Le Trường Ji"
        },
        {
            "id": "100050999371837",
            "count": 2,
            "name": "Tiến Nguyễn"
        },
        {
            "id": "100075216610999",
            "count": 129,
            "name": "Hyouka Granger"
        },
        {
            "id": "100095256289378",
            "count": 14,
            "name": "Nguyễn Hoàng Khôi"
        },
        {
            "id": "61555259807422",
            "count": 11,
            "name": "Thần Vũ Thiên Tôn"
        },
        {
            "id": "100054370732954",
            "count": 43,
            "name": "Đặng Minh"
        },
        {
            "id": "100072160653079",
            "count": 34,
            "name": "Lại Tài"
        },
        {
            "id": "100083382621709",
            "count": 6,
            "name": "Uchiha Hiếu"
        },
        {
            "id": "100086646916664",
            "count": 40,
            "name": "Tú Trinh"
        },
        {
            "id": "100067681911442",
            "count": 135,
            "name": "Duy Võ"
        },
        {
            "id": "100078821520975",
            "count": 12,
            "name": "Patrick Angus"
        },
        {
            "id": "100080816895706",
            "count": 79,
            "name": "Son Duy"
        },
        {
            "id": "61553119929965",
            "count": 21,
            "name": "Phạm Thanh Huy"
        },
        {
            "id": "100077749897356",
            "count": 0,
            "name": "Le Nguyen Thanh"
        },
        {
            "id": "100023135303187",
            "count": 0,
            "name": "Nguyễn Xuân Thành"
        },
        {
            "id": "100077100556115",
            "count": 17,
            "name": "Thư Phạm"
        },
        {
            "id": "100042017804043",
            "count": 39,
            "name": "Trang Anh"
        },
        {
            "id": "100077444302663",
            "count": 23,
            "name": "Trần Đạt"
        },
        {
            "id": "100069365274872",
            "count": 118,
            "name": "Như Quỳnh"
        },
        {
            "id": "100093853188739",
            "count": 0,
            "name": "Thanh Hiếu"
        },
        {
            "id": "100090070061407",
            "count": 3,
            "name": "Hiệp Sĩ Thỏ"
        },
        {
            "id": "100063479313483",
            "count": 0,
            "name": "Huy Tran"
        },
        {
            "id": "100064536092892",
            "count": 22,
            "name": "Đặng Kiên"
        },
        {
            "id": "100009917388372",
            "count": 0,
            "name": "Nguyễn Mạnh"
        },
        {
            "id": "100072518052116",
            "count": 57,
            "name": "Lê Vinh"
        },
        {
            "id": "100089778085821",
            "count": 1,
            "name": "Dương Thoại"
        },
        {
            "id": "61554567651409",
            "count": 18,
            "name": "Nguyễn Tâm"
        },
        {
            "id": "61550031685336",
            "count": 6,
            "name": "Le Thi Yen Nhi"
        },
        {
            "id": "100069977126920",
            "count": 28,
            "name": "Đỗ Minh Hiếu"
        },
        {
            "id": "100063404344237",
            "count": 1,
            "name": "Gia Nghiep"
        },
        {
            "id": "100074453623068",
            "count": 18,
            "name": "Đình Đạtt"
        },
        {
            "id": "100074291101007",
            "count": 10,
            "name": "Ngô Phạm Quốc Trung"
        },
        {
            "id": "100062240262293",
            "count": 1,
            "name": "Phạm Đạt"
        },
        {
            "id": "100093428628118",
            "count": 8,
            "name": "Nhã TD"
        },
        {
            "id": "100068807527245",
            "count": 9,
            "name": "Chin Chin"
        },
        {
            "id": "100058575609386",
            "count": 82,
            "name": "Trần Phúc Vũ"
        },
        {
            "id": "100086920814791",
            "count": 6,
            "name": "Ng Hoag Huy"
        },
        {
            "id": "100034638332621",
            "count": 54,
            "name": "Trinh Dai"
        },
        {
            "id": "61556157031312",
            "count": 0,
            "name": "Allainhai Top"
        },
        {
            "id": "100082860623631",
            "count": 0,
            "name": "Đỗ Đạt"
        },
        {
            "id": "61551001858720",
            "count": 2,
            "name": "Vũ Nhật"
        },
        {
            "id": "100087472137515",
            "count": 209,
            "name": "Thunder Sky"
        },
        {
            "id": "100021536883759",
            "count": 0,
            "name": "Hoàng Thuỳ Trang"
        },
        {
            "id": "61550048439327",
            "count": 6,
            "name": "Như Quỳnh"
        },
        {
            "id": "100067454006045",
            "count": 4,
            "name": "Phạm Quang"
        },
        {
            "id": "100093037317993",
            "count": 18,
            "name": "Nguyen Ngan"
        },
        {
            "id": "61557599305219",
            "count": 63,
            "name": "Too Mee"
        },
        {
            "id": "61557758376147",
            "count": 8,
            "name": "Lê Khánh Triều"
        },
        {
            "id": "100077183996744",
            "count": 300,
            "name": "Facebook User"
        },
        {
            "id": "100054910448155",
            "count": 0,
            "name": "Nguyễn Hữu Lộc"
        },
        {
            "id": "100063549919641",
            "count": 147,
            "name": "Tường Vy"
        },
        {
            "id": "100055938529993",
            "count": 17
        },
        {
            "id": "100087067992887",
            "count": 2
        },
        {
            "id": "100069249897053",
            "count": 10
        },
        {
            "id": "100051886997435",
            "count": 112
        },
        {
            "id": "100081322854158",
            "count": 48
        },
        {
            "id": "100021719146988",
            "count": 15
        },
        {
            "id": "100075697854509",
            "count": 14
        },
        {
            "id": "61551532670039",
            "count": 5
        },
        {
            "id": "100091002253213",
            "count": 3
        },
        {
            "id": "100029604590379",
            "count": 5
        },
        {
            "id": "61555188151732",
            "count": 0
        }
    ],
    "day": [
        {
            "id": "100009542016417",
            "count": 0,
            "name": "Đường Tam"
        },
        {
            "id": "100057645233147",
            "count": 0,
            "name": "Triệu Thu Lành"
        },
        {
            "id": "100079276905924",
            "count": 2,
            "name": "Trần T.Anh"
        },
        {
            "id": "100088655395032",
            "count": 2,
            "name": "Hiếu Hà Tĩnh"
        },
        {
            "id": "100094769636657",
            "count": 15,
            "name": "Ranzinimeiko Yanuka"
        },
        {
            "id": "100025522848638",
            "count": 4,
            "name": "Nguyễn Trung Thành"
        },
        {
            "id": "100080103117860",
            "count": 0,
            "name": "Nguyễn Duy Khánh"
        },
        {
            "id": "100073352905523",
            "count": 0,
            "name": "Lê Thiên Hữu"
        },
        {
            "id": "100031618760108",
            "count": 0,
            "name": "Hà Nguyễn"
        },
        {
            "id": "100075872511961",
            "count": 0,
            "name": "Cacao Nóng"
        },
        {
            "id": "100077333515452",
            "count": 0,
            "name": "Kio Vô Tri"
        },
        {
            "id": "100074762745664",
            "count": 2,
            "name": "Phạm Văn Đăng"
        },
        {
            "id": "100093956405768",
            "count": 0,
            "name": "Cao Huynh Kieu Ly"
        },
        {
            "id": "100088674249510",
            "count": 0,
            "name": "Duy Ngy"
        },
        {
            "id": "100078207290264",
            "count": 0,
            "name": "Phan Anhh Như"
        },
        {
            "id": "100041079390776",
            "count": 16,
            "name": "Chương Thái"
        },
        {
            "id": "100044272032349",
            "count": 39,
            "name": "Võ Công Minh Võ"
        },
        {
            "id": "100084062712799",
            "count": 16,
            "name": "Lê Đức Trung"
        },
        {
            "id": "100094014594979",
            "count": 0,
            "name": "Hoang Đức Huy"
        },
        {
            "id": "100087391440368",
            "count": 0,
            "name": "Nguyễn Đức Tuan Anh"
        },
        {
            "id": "100075394647965",
            "count": 15,
            "name": "Giaa Hanw"
        },
        {
            "id": "100073518551939",
            "count": 1,
            "name": "Bánh Tiêu Biết Pùn"
        },
        {
            "id": "61552013202054",
            "count": 1,
            "name": "Le Trường Ji"
        },
        {
            "id": "100050999371837",
            "count": 0,
            "name": "Tiến Nguyễn"
        },
        {
            "id": "100075216610999",
            "count": 10,
            "name": "Hyouka Granger"
        },
        {
            "id": "100095256289378",
            "count": 0,
            "name": "Nguyễn Hoàng Khôi"
        },
        {
            "id": "61555259807422",
            "count": 0,
            "name": "Thần Vũ Thiên Tôn"
        },
        {
            "id": "100054370732954",
            "count": 3,
            "name": "Đặng Minh"
        },
        {
            "id": "100072160653079",
            "count": 0,
            "name": "Lại Tài"
        },
        {
            "id": "100083382621709",
            "count": 0,
            "name": "Uchiha Hiếu"
        },
        {
            "id": "100086646916664",
            "count": 2,
            "name": "Tú Trinh"
        },
        {
            "id": "100067681911442",
            "count": 1,
            "name": "Duy Võ"
        },
        {
            "id": "100078821520975",
            "count": 0,
            "name": "Patrick Angus"
        },
        {
            "id": "100080816895706",
            "count": 0,
            "name": "Son Duy"
        },
        {
            "id": "61553119929965",
            "count": 0,
            "name": "Phạm Thanh Huy"
        },
        {
            "id": "100077749897356",
            "count": 0,
            "name": "Le Nguyen Thanh"
        },
        {
            "id": "100023135303187",
            "count": 0,
            "name": "Nguyễn Xuân Thành"
        },
        {
            "id": "100077100556115",
            "count": 1,
            "name": "Thư Phạm"
        },
        {
            "id": "100042017804043",
            "count": 3,
            "name": "Trang Anh"
        },
        {
            "id": "100077444302663",
            "count": 0,
            "name": "Trần Đạt"
        },
        {
            "id": "100069365274872",
            "count": 8,
            "name": "Như Quỳnh"
        },
        {
            "id": "100093853188739",
            "count": 0,
            "name": "Thanh Hiếu"
        },
        {
            "id": "100090070061407",
            "count": 0,
            "name": "Hiệp Sĩ Thỏ"
        },
        {
            "id": "100063479313483",
            "count": 0,
            "name": "Huy Tran"
        },
        {
            "id": "100064536092892",
            "count": 6,
            "name": "Đặng Kiên"
        },
        {
            "id": "100009917388372",
            "count": 0,
            "name": "Nguyễn Mạnh"
        },
        {
            "id": "100072518052116",
            "count": 0,
            "name": "Lê Vinh"
        },
        {
            "id": "100089778085821",
            "count": 0,
            "name": "Dương Thoại"
        },
        {
            "id": "61554567651409",
            "count": 0,
            "name": "Nguyễn Tâm"
        },
        {
            "id": "61550031685336",
            "count": 0,
            "name": "Le Thi Yen Nhi"
        },
        {
            "id": "100069977126920",
            "count": 2,
            "name": "Đỗ Minh Hiếu"
        },
        {
            "id": "100063404344237",
            "count": 0,
            "name": "Gia Nghiep"
        },
        {
            "id": "100074453623068",
            "count": 0,
            "name": "Đình Đạtt"
        },
        {
            "id": "100074291101007",
            "count": 0,
            "name": "Ngô Phạm Quốc Trung"
        },
        {
            "id": "100062240262293",
            "count": 0,
            "name": "Phạm Đạt"
        },
        {
            "id": "100093428628118",
            "count": 0,
            "name": "Nhã TD"
        },
        {
            "id": "100068807527245",
            "count": 0,
            "name": "Chin Chin"
        },
        {
            "id": "100058575609386",
            "count": 0,
            "name": "Trần Phúc Vũ"
        },
        {
            "id": "100086920814791",
            "count": 0,
            "name": "Ng Hoag Huy"
        },
        {
            "id": "100034638332621",
            "count": 3,
            "name": "Trinh Dai"
        },
        {
            "id": "61556157031312",
            "count": 0,
            "name": "Allainhai Top"
        },
        {
            "id": "100082860623631",
            "count": 0,
            "name": "Đỗ Đạt"
        },
        {
            "id": "61551001858720",
            "count": 0,
            "name": "Vũ Nhật"
        },
        {
            "id": "100087472137515",
            "count": 1,
            "name": "Thunder Sky"
        },
        {
            "id": "100021536883759",
            "count": 0,
            "name": "Hoàng Thuỳ Trang"
        },
        {
            "id": "61550048439327",
            "count": 0,
            "name": "Như Quỳnh"
        },
        {
            "id": "100067454006045",
            "count": 4,
            "name": "Phạm Quang"
        },
        {
            "id": "100093037317993",
            "count": 1,
            "name": "Nguyen Ngan"
        },
        {
            "id": "61557599305219",
            "count": 3,
            "name": "Too Mee"
        },
        {
            "id": "61557758376147",
            "count": 0,
            "name": "Lê Khánh Triều"
        },
        {
            "id": "100077183996744",
            "count": 2,
            "name": "Hà T Nhung"
        },
        {
            "id": "100054910448155",
            "count": 0,
            "name": "Nguyễn Hữu Lộc"
        },
        {
            "id": "100063549919641",
            "count": 2,
            "name": "Tường Vy"
        },
        {
            "id": "100055938529993",
            "count": 2,
            "name": "Nguyễn Hiếu"
        },
        {
            "id": "100087067992887",
            "count": 0,
            "name": "Rsg Nguyen"
        },
        {
            "id": "100069249897053",
            "count": 1,
            "name": "공작"
        },
        {
            "id": "100051886997435",
            "count": 3,
            "name": "Thuận Huỳnh"
        },
        {
            "id": "100081322854158",
            "count": 29,
            "name": "Vũ Xuânn Huấnn"
        },
        {
            "id": "100021719146988",
            "count": 4,
            "name": "Vũ Đức Quang"
        },
        {
            "id": "100075697854509",
            "count": 1,
            "name": "Chu Dũng"
        },
        {
            "id": "61551532670039",
            "count": 0,
            "name": "Ngọc Ánh"
        },
        {
            "id": "100091002253213",
            "count": 0,
            "name": "Nguyễn Gia Hiếu"
        },
        {
            "id": "100029604590379",
            "count": 1,
            "name": "Bao Han"
        },
        {
            "id": "61555188151732",
            "count": 0,
            "name": "Người dùng facebook"
        }
    ],
    "time": 5,
    "last": {
        "time": 0,
        "day": [
            {
                "id": "100009542016417",
                "count": 0
            },
            {
                "id": "100057645233147",
                "count": 0
            },
            {
                "id": "100074453623068",
                "count": 0
            },
            {
                "id": "100079276905924",
                "count": 0
            },
            {
                "id": "100088655395032",
                "count": 0
            },
            {
                "id": "100087472137515",
                "count": 0
            },
            {
                "id": "100094769636657",
                "count": 0
            },
            {
                "id": "100025522848638",
                "count": 0
            },
            {
                "id": "100080103117860",
                "count": 0
            },
            {
                "id": "100073352905523",
                "count": 0
            },
            {
                "id": "100031618760108",
                "count": 0
            },
            {
                "id": "100075872511961",
                "count": 0
            },
            {
                "id": "100060544485459",
                "count": 0
            },
            {
                "id": "100083159775068",
                "count": 0
            },
            {
                "id": "100077333515452",
                "count": 0
            },
            {
                "id": "100074762745664",
                "count": 0
            },
            {
                "id": "100092276560802",
                "count": 0
            },
            {
                "id": "100093956405768",
                "count": 0
            },
            {
                "id": "100053333080529",
                "count": 0
            },
            {
                "id": "100088674249510",
                "count": 0
            },
            {
                "id": "100060595552028",
                "count": 0
            },
            {
                "id": "100078207290264",
                "count": 0
            },
            {
                "id": "100078374744561",
                "count": 0
            },
            {
                "id": "100041079390776",
                "count": 0
            },
            {
                "id": "100044272032349",
                "count": 0
            },
            {
                "id": "100084062712799",
                "count": 0
            },
            {
                "id": "100075468978665",
                "count": 0
            },
            {
                "id": "100027871187362",
                "count": 0
            },
            {
                "id": "100037956642822",
                "count": 0
            },
            {
                "id": "100094014594979",
                "count": 0
            },
            {
                "id": "100044060777656",
                "count": 0
            },
            {
                "id": "100087391440368",
                "count": 0
            },
            {
                "id": "100075394647965",
                "count": 0
            },
            {
                "id": "61553565249662",
                "count": 0
            },
            {
                "id": "100073518551939",
                "count": 0
            },
            {
                "id": "61552013202054",
                "count": 0
            },
            {
                "id": "100050999371837",
                "count": 0
            },
            {
                "id": "100087519023753",
                "count": 0
            },
            {
                "id": "100075216610999",
                "count": 0
            },
            {
                "id": "100016288983487",
                "count": 0
            },
            {
                "id": "100051211545412",
                "count": 0
            },
            {
                "id": "100057336846140",
                "count": 0
            },
            {
                "id": "100043010345355",
                "count": 0
            },
            {
                "id": "100095256289378",
                "count": 0
            },
            {
                "id": "61555259807422",
                "count": 0
            },
            {
                "id": "100054370732954",
                "count": 0
            },
            {
                "id": "100066375102866",
                "count": 0
            },
            {
                "id": "100062972964451",
                "count": 0
            },
            {
                "id": "100095388666410",
                "count": 0
            },
            {
                "id": "100086685612789",
                "count": 0
            },
            {
                "id": "100083190843965",
                "count": 0
            },
            {
                "id": "100072160653079",
                "count": 0
            },
            {
                "id": "61557314750801",
                "count": 0
            },
            {
                "id": "100073493419013",
                "count": 0
            },
            {
                "id": "100093037317993",
                "count": 0
            },
            {
                "id": "100090382860248",
                "count": 0
            },
            {
                "id": "100083382621709",
                "count": 0
            },
            {
                "id": "61557031796139",
                "count": 0
            },
            {
                "id": "100069365274872",
                "count": 0
            },
            {
                "id": "100051964776463",
                "count": 0
            },
            {
                "id": "100009926806972",
                "count": 0
            },
            {
                "id": "100086646916664",
                "count": 0
            },
            {
                "id": "100067681911442",
                "count": 0
            },
            {
                "id": "100092612400765",
                "count": 0
            },
            {
                "id": "100079494723173",
                "count": 0
            },
            {
                "id": "100078821520975",
                "count": 0
            },
            {
                "id": "100080816895706",
                "count": 0
            },
            {
                "id": "100095320832577",
                "count": 0
            },
            {
                "id": "100045933922448",
                "count": 0
            },
            {
                "id": "61556902692726",
                "count": 0
            },
            {
                "id": "61553119929965",
                "count": 0
            },
            {
                "id": "100078722409885",
                "count": 0
            },
            {
                "id": "61552360661354",
                "count": 0
            },
            {
                "id": "100074351657773",
                "count": 0
            },
            {
                "id": "61556684176563",
                "count": 0
            },
            {
                "id": "100079159916251",
                "count": 0
            },
            {
                "id": "100077749897356",
                "count": 0
            },
            {
                "id": "100081334260415",
                "count": 0
            },
            {
                "id": "100042851507664",
                "count": 0
            },
            {
                "id": "100042209504638",
                "count": 0
            },
            {
                "id": "100072642233346",
                "count": 0
            },
            {
                "id": "100023135303187",
                "count": 0
            },
            {
                "id": "100051886997435",
                "count": 0
            },
            {
                "id": "100044066102424",
                "count": 0
            },
            {
                "id": "61550779378280",
                "count": 0
            },
            {
                "id": "100057070412625",
                "count": 0
            },
            {
                "id": "100082326242963",
                "count": 0
            },
            {
                "id": "100078707484814",
                "count": 0
            },
            {
                "id": "100077100556115",
                "count": 0
            },
            {
                "id": "100055966831557",
                "count": 0
            },
            {
                "id": "100094962375072",
                "count": 0
            },
            {
                "id": "100068648815019",
                "count": 0
            },
            {
                "id": "61553756864030",
                "count": 0
            },
            {
                "id": "100042017804043",
                "count": 0
            },
            {
                "id": "100077444302663",
                "count": 0
            },
            {
                "id": "61554201941108",
                "count": 0
            },
            {
                "id": "61554423033745",
                "count": 0
            },
            {
                "id": "61556693205109",
                "count": 0
            },
            {
                "id": "100077183996744",
                "count": 0
            },
            {
                "id": "100064536092892",
                "count": 0
            },
            {
                "id": "100049538453753",
                "count": 0
            },
            {
                "id": "100093853188739",
                "count": 0
            },
            {
                "id": "100074233206510",
                "count": 0
            },
            {
                "id": "100087675135324",
                "count": 0
            },
            {
                "id": "61551769731070",
                "count": 0
            },
            {
                "id": "100081666063622",
                "count": 0
            },
            {
                "id": "100089446394616",
                "count": 0
            },
            {
                "id": "100063721656897",
                "count": 0
            },
            {
                "id": "100090070061407",
                "count": 0
            },
            {
                "id": "100079477705360",
                "count": 0
            },
            {
                "id": "100095668740098",
                "count": 0
            },
            {
                "id": "100091749480744",
                "count": 0
            },
            {
                "id": "100063479313483",
                "count": 0
            },
            {
                "id": "100092749668167",
                "count": 0
            },
            {
                "id": "100018747679174",
                "count": 0
            },
            {
                "id": "100090512332458",
                "count": 0
            },
            {
                "id": "100064361078747",
                "count": 0
            },
            {
                "id": "100092460188037",
                "count": 0
            },
            {
                "id": "100057094063538",
                "count": 0
            },
            {
                "id": "100068441332805",
                "count": 0
            },
            {
                "id": "100009917388372",
                "count": 0
            },
            {
                "id": "100074765653692",
                "count": 0
            },
            {
                "id": "61552397020763",
                "count": 0
            },
            {
                "id": "100072518052116",
                "count": 0
            },
            {
                "id": "100089778085821",
                "count": 0
            },
            {
                "id": "61552863427996",
                "count": 0
            },
            {
                "id": "100080943463364",
                "count": 0
            },
            {
                "id": "61554567651409",
                "count": 0
            },
            {
                "id": "61555362740270",
                "count": 0
            },
            {
                "id": "61552016237796",
                "count": 0
            },
            {
                "id": "61550031685336",
                "count": 0
            },
            {
                "id": "100055512099429",
                "count": 0
            },
            {
                "id": "100063521056924",
                "count": 0
            },
            {
                "id": "100072710452763",
                "count": 0
            },
            {
                "id": "100053153406409",
                "count": 0
            },
            {
                "id": "100085224471022",
                "count": 0
            },
            {
                "id": "100069977126920",
                "count": 0
            },
            {
                "id": "61556164626187",
                "count": 0
            },
            {
                "id": "100084742162976",
                "count": 0
            },
            {
                "id": "100063404344237",
                "count": 0
            },
            {
                "id": "100058575609386",
                "count": 0
            },
            {
                "id": "100046430226547",
                "count": 0
            },
            {
                "id": "100085364383862",
                "count": 0
            },
            {
                "id": "100010180989743",
                "count": 0
            },
            {
                "id": "100074649072169",
                "count": 0
            },
            {
                "id": "100054520384147",
                "count": 0
            },
            {
                "id": "100047044890483",
                "count": 0
            },
            {
                "id": "100074291101007",
                "count": 0
            },
            {
                "id": "61550476866182",
                "count": 0
            },
            {
                "id": "100094214799193",
                "count": 0
            },
            {
                "id": "100068080076700",
                "count": 0
            },
            {
                "id": "100032506277532",
                "count": 0
            },
            {
                "id": "61553994632055",
                "count": 0
            },
            {
                "id": "100036912391074",
                "count": 0
            },
            {
                "id": "100062240262293",
                "count": 0
            },
            {
                "id": "100063549919641",
                "count": 0
            },
            {
                "id": "100039960244490",
                "count": 0
            },
            {
                "id": "100072397536038",
                "count": 0
            },
            {
                "id": "100076665556197",
                "count": 0
            },
            {
                "id": "100091271882223",
                "count": 0
            },
            {
                "id": "61551201280468",
                "count": 0
            },
            {
                "id": "100094135350976",
                "count": 0
            },
            {
                "id": "100093428628118",
                "count": 0
            },
            {
                "id": "100089547746640",
                "count": 0
            },
            {
                "id": "100068807527245",
                "count": 0
            },
            {
                "id": "61556252267290",
                "count": 0
            },
            {
                "id": "61553829434293",
                "count": 0
            },
            {
                "id": "100086920814791",
                "count": 0
            },
            {
                "id": "100034638332621",
                "count": 0
            },
            {
                "id": "61556157031312",
                "count": 0
            },
            {
                "id": "100082860623631",
                "count": 0
            },
            {
                "id": "61555818815690",
                "count": 0
            },
            {
                "id": "100080049009042",
                "count": 0
            },
            {
                "id": "100010014995382",
                "count": 0
            },
            {
                "id": "100093382945854",
                "count": 0
            },
            {
                "id": "100013501894215",
                "count": 0
            },
            {
                "id": "100078214212367",
                "count": 0
            },
            {
                "id": "61551001858720",
                "count": 0
            },
            {
                "id": "100088432275967",
                "count": 0
            },
            {
                "id": "100021536883759",
                "count": 0
            },
            {
                "id": "100021256986724",
                "count": 0
            },
            {
                "id": "61557478118546",
                "count": 0
            },
            {
                "id": "100066767890046",
                "count": 0
            },
            {
                "id": "61557774727099",
                "count": 0
            },
            {
                "id": "100083309685391",
                "count": 0
            },
            {
                "id": "61557947164071",
                "count": 0
            },
            {
                "id": "61558008480825",
                "count": 0
            },
            {
                "id": "61550048439327",
                "count": 0
            },
            {
                "id": "61552029149572",
                "count": 0
            },
            {
                "id": "100091514499907",
                "count": 0
            },
            {
                "id": "61550954618626",
                "count": 0
            },
            {
                "id": "100090151830811",
                "count": 0
            },
            {
                "id": "61552241724325",
                "count": 0
            },
            {
                "id": "100035831400557",
                "count": 0
            },
            {
                "id": "100067454006045",
                "count": 0
            },
            {
                "id": "61557599305219",
                "count": 0
            },
            {
                "id": "61557758376147",
                "count": 0
            },
            {
                "id": "100054910448155",
                "count": 0
            },
            {
                "id": "100071718864593",
                "count": 0
            },
            {
                "id": "100051503002752",
                "count": 0
            },
            {
                "id": "100055938529993",
                "count": 0
            },
            {
                "id": "100095680500938",
                "count": 0
            },
            {
                "id": "100087067992887",
                "count": 0
            },
            {
                "id": "100095334154491",
                "count": 0
            },
            {
                "id": "100069249897053",
                "count": 0
            },
            {
                "id": "100081322854158",
                "count": 0
            },
            {
                "id": "100021719146988",
                "count": 0
            },
            {
                "id": "100075697854509",
                "count": 0
            },
            {
                "id": "61551532670039",
                "count": 0
            },
            {
                "id": "100091002253213",
                "count": 0
            },
            {
                "id": "100029604590379",
                "count": 0
            },
            {
                "id": "61555188151732",
                "count": 0
            }
        ],
        "week": [
            {
                "id": "100009542016417",
                "count": 0
            },
            {
                "id": "100057645233147",
                "count": 0
            },
            {
                "id": "100074453623068",
                "count": 0
            },
            {
                "id": "100079276905924",
                "count": 0
            },
            {
                "id": "100088655395032",
                "count": 0
            },
            {
                "id": "100087472137515",
                "count": 0
            },
            {
                "id": "100094769636657",
                "count": 0
            },
            {
                "id": "100025522848638",
                "count": 0
            },
            {
                "id": "100080103117860",
                "count": 0
            },
            {
                "id": "100073352905523",
                "count": 0
            },
            {
                "id": "100031618760108",
                "count": 0
            },
            {
                "id": "100075872511961",
                "count": 0
            },
            {
                "id": "100060544485459",
                "count": 0
            },
            {
                "id": "100083159775068",
                "count": 0
            },
            {
                "id": "100077333515452",
                "count": 0
            },
            {
                "id": "100074762745664",
                "count": 0
            },
            {
                "id": "100092276560802",
                "count": 0
            },
            {
                "id": "100093956405768",
                "count": 0
            },
            {
                "id": "100053333080529",
                "count": 0
            },
            {
                "id": "100088674249510",
                "count": 0
            },
            {
                "id": "100060595552028",
                "count": 0
            },
            {
                "id": "100078207290264",
                "count": 0
            },
            {
                "id": "100078374744561",
                "count": 0
            },
            {
                "id": "100041079390776",
                "count": 0
            },
            {
                "id": "100044272032349",
                "count": 0
            },
            {
                "id": "100084062712799",
                "count": 0
            },
            {
                "id": "100075468978665",
                "count": 0
            },
            {
                "id": "100027871187362",
                "count": 0
            },
            {
                "id": "100037956642822",
                "count": 0
            },
            {
                "id": "100094014594979",
                "count": 0
            },
            {
                "id": "100044060777656",
                "count": 0
            },
            {
                "id": "100087391440368",
                "count": 0
            },
            {
                "id": "100075394647965",
                "count": 0
            },
            {
                "id": "61553565249662",
                "count": 0
            },
            {
                "id": "100073518551939",
                "count": 0
            },
            {
                "id": "61552013202054",
                "count": 0
            },
            {
                "id": "100050999371837",
                "count": 0
            },
            {
                "id": "100087519023753",
                "count": 0
            },
            {
                "id": "100075216610999",
                "count": 0
            },
            {
                "id": "100016288983487",
                "count": 0
            },
            {
                "id": "100051211545412",
                "count": 0
            },
            {
                "id": "100057336846140",
                "count": 0
            },
            {
                "id": "100043010345355",
                "count": 0
            },
            {
                "id": "100095256289378",
                "count": 0
            },
            {
                "id": "61555259807422",
                "count": 0
            },
            {
                "id": "100054370732954",
                "count": 0
            },
            {
                "id": "100066375102866",
                "count": 0
            },
            {
                "id": "100062972964451",
                "count": 0
            },
            {
                "id": "100095388666410",
                "count": 0
            },
            {
                "id": "100086685612789",
                "count": 0
            },
            {
                "id": "100083190843965",
                "count": 0
            },
            {
                "id": "100072160653079",
                "count": 0
            },
            {
                "id": "61557314750801",
                "count": 0
            },
            {
                "id": "100073493419013",
                "count": 0
            },
            {
                "id": "100093037317993",
                "count": 0
            },
            {
                "id": "100090382860248",
                "count": 0
            },
            {
                "id": "100083382621709",
                "count": 0
            },
            {
                "id": "61557031796139",
                "count": 0
            },
            {
                "id": "100069365274872",
                "count": 0
            },
            {
                "id": "100051964776463",
                "count": 0
            },
            {
                "id": "100009926806972",
                "count": 0
            },
            {
                "id": "100086646916664",
                "count": 0
            },
            {
                "id": "100067681911442",
                "count": 0
            },
            {
                "id": "100092612400765",
                "count": 0
            },
            {
                "id": "100079494723173",
                "count": 0
            },
            {
                "id": "100078821520975",
                "count": 0
            },
            {
                "id": "100080816895706",
                "count": 0
            },
            {
                "id": "100095320832577",
                "count": 0
            },
            {
                "id": "100045933922448",
                "count": 0
            },
            {
                "id": "61556902692726",
                "count": 0
            },
            {
                "id": "61553119929965",
                "count": 0
            },
            {
                "id": "100078722409885",
                "count": 0
            },
            {
                "id": "61552360661354",
                "count": 0
            },
            {
                "id": "100074351657773",
                "count": 0
            },
            {
                "id": "61556684176563",
                "count": 0
            },
            {
                "id": "100079159916251",
                "count": 0
            },
            {
                "id": "100077749897356",
                "count": 0
            },
            {
                "id": "100081334260415",
                "count": 0
            },
            {
                "id": "100042851507664",
                "count": 0
            },
            {
                "id": "100042209504638",
                "count": 0
            },
            {
                "id": "100072642233346",
                "count": 0
            },
            {
                "id": "100023135303187",
                "count": 0
            },
            {
                "id": "100051886997435",
                "count": 0
            },
            {
                "id": "100044066102424",
                "count": 0
            },
            {
                "id": "61550779378280",
                "count": 0
            },
            {
                "id": "100057070412625",
                "count": 0
            },
            {
                "id": "100082326242963",
                "count": 0
            },
            {
                "id": "100078707484814",
                "count": 0
            },
            {
                "id": "100077100556115",
                "count": 0
            },
            {
                "id": "100055966831557",
                "count": 0
            },
            {
                "id": "100094962375072",
                "count": 0
            },
            {
                "id": "100068648815019",
                "count": 0
            },
            {
                "id": "61553756864030",
                "count": 0
            },
            {
                "id": "100042017804043",
                "count": 0
            },
            {
                "id": "100077444302663",
                "count": 0
            },
            {
                "id": "61554201941108",
                "count": 0
            },
            {
                "id": "61554423033745",
                "count": 0
            },
            {
                "id": "61556693205109",
                "count": 0
            },
            {
                "id": "100077183996744",
                "count": 0
            },
            {
                "id": "100064536092892",
                "count": 0
            },
            {
                "id": "100049538453753",
                "count": 0
            },
            {
                "id": "100093853188739",
                "count": 0
            },
            {
                "id": "100074233206510",
                "count": 0
            },
            {
                "id": "100087675135324",
                "count": 0
            },
            {
                "id": "61551769731070",
                "count": 0
            },
            {
                "id": "100081666063622",
                "count": 0
            },
            {
                "id": "100089446394616",
                "count": 0
            },
            {
                "id": "100063721656897",
                "count": 0
            },
            {
                "id": "100090070061407",
                "count": 0
            },
            {
                "id": "100079477705360",
                "count": 0
            },
            {
                "id": "100095668740098",
                "count": 0
            },
            {
                "id": "100091749480744",
                "count": 0
            },
            {
                "id": "100063479313483",
                "count": 0
            },
            {
                "id": "100092749668167",
                "count": 0
            },
            {
                "id": "100018747679174",
                "count": 0
            },
            {
                "id": "100090512332458",
                "count": 0
            },
            {
                "id": "100064361078747",
                "count": 0
            },
            {
                "id": "100092460188037",
                "count": 0
            },
            {
                "id": "100057094063538",
                "count": 0
            },
            {
                "id": "100068441332805",
                "count": 0
            },
            {
                "id": "100009917388372",
                "count": 0
            },
            {
                "id": "100074765653692",
                "count": 0
            },
            {
                "id": "61552397020763",
                "count": 0
            },
            {
                "id": "100072518052116",
                "count": 0
            },
            {
                "id": "100089778085821",
                "count": 0
            },
            {
                "id": "61552863427996",
                "count": 0
            },
            {
                "id": "100080943463364",
                "count": 0
            },
            {
                "id": "61554567651409",
                "count": 0
            },
            {
                "id": "61555362740270",
                "count": 0
            },
            {
                "id": "61552016237796",
                "count": 0
            },
            {
                "id": "61550031685336",
                "count": 0
            },
            {
                "id": "100055512099429",
                "count": 0
            },
            {
                "id": "100063521056924",
                "count": 0
            },
            {
                "id": "100072710452763",
                "count": 0
            },
            {
                "id": "100053153406409",
                "count": 0
            },
            {
                "id": "100085224471022",
                "count": 0
            },
            {
                "id": "100069977126920",
                "count": 0
            },
            {
                "id": "61556164626187",
                "count": 0
            },
            {
                "id": "100084742162976",
                "count": 0
            },
            {
                "id": "100063404344237",
                "count": 0
            },
            {
                "id": "100058575609386",
                "count": 0
            },
            {
                "id": "100046430226547",
                "count": 0
            },
            {
                "id": "100085364383862",
                "count": 0
            },
            {
                "id": "100010180989743",
                "count": 0
            },
            {
                "id": "100074649072169",
                "count": 0
            },
            {
                "id": "100054520384147",
                "count": 0
            },
            {
                "id": "100047044890483",
                "count": 0
            },
            {
                "id": "100074291101007",
                "count": 0
            },
            {
                "id": "61550476866182",
                "count": 0
            },
            {
                "id": "100094214799193",
                "count": 0
            },
            {
                "id": "100068080076700",
                "count": 0
            },
            {
                "id": "100032506277532",
                "count": 0
            },
            {
                "id": "61553994632055",
                "count": 0
            },
            {
                "id": "100036912391074",
                "count": 0
            },
            {
                "id": "100062240262293",
                "count": 0
            },
            {
                "id": "100063549919641",
                "count": 0
            },
            {
                "id": "100039960244490",
                "count": 0
            },
            {
                "id": "100072397536038",
                "count": 0
            },
            {
                "id": "100076665556197",
                "count": 0
            },
            {
                "id": "100091271882223",
                "count": 0
            },
            {
                "id": "61551201280468",
                "count": 0
            },
            {
                "id": "100094135350976",
                "count": 0
            },
            {
                "id": "100093428628118",
                "count": 0
            },
            {
                "id": "100089547746640",
                "count": 0
            },
            {
                "id": "100068807527245",
                "count": 0
            },
            {
                "id": "61556252267290",
                "count": 0
            },
            {
                "id": "61553829434293",
                "count": 0
            },
            {
                "id": "100086920814791",
                "count": 0
            },
            {
                "id": "100034638332621",
                "count": 0
            },
            {
                "id": "61556157031312",
                "count": 0
            },
            {
                "id": "100082860623631",
                "count": 0
            },
            {
                "id": "61555818815690",
                "count": 0
            },
            {
                "id": "100080049009042",
                "count": 0
            },
            {
                "id": "100010014995382",
                "count": 0
            },
            {
                "id": "100093382945854",
                "count": 0
            },
            {
                "id": "100013501894215",
                "count": 0
            },
            {
                "id": "100078214212367",
                "count": 0
            },
            {
                "id": "61551001858720",
                "count": 0
            },
            {
                "id": "100088432275967",
                "count": 0
            },
            {
                "id": "100021536883759",
                "count": 0
            },
            {
                "id": "100021256986724",
                "count": 0
            },
            {
                "id": "61557478118546",
                "count": 0
            },
            {
                "id": "100066767890046",
                "count": 0
            },
            {
                "id": "61557774727099",
                "count": 0
            },
            {
                "id": "100083309685391",
                "count": 0
            },
            {
                "id": "61557947164071",
                "count": 0
            },
            {
                "id": "61558008480825",
                "count": 0
            },
            {
                "id": "61550048439327",
                "count": 0
            },
            {
                "id": "61552029149572",
                "count": 0
            },
            {
                "id": "100091514499907",
                "count": 0
            },
            {
                "id": "61550954618626",
                "count": 0
            },
            {
                "id": "100090151830811",
                "count": 0
            },
            {
                "id": "61552241724325",
                "count": 0
            },
            {
                "id": "100035831400557",
                "count": 0
            },
            {
                "id": "100067454006045",
                "count": 0
            },
            {
                "id": "61557599305219",
                "count": 0
            },
            {
                "id": "61557758376147",
                "count": 0
            },
            {
                "id": "100054910448155",
                "count": 0
            },
            {
                "id": "100071718864593",
                "count": 0
            },
            {
                "id": "100051503002752",
                "count": 0
            },
            {
                "id": "100055938529993",
                "count": 0
            },
            {
                "id": "100095680500938",
                "count": 0
            },
            {
                "id": "100087067992887",
                "count": 0
            },
            {
                "id": "100095334154491",
                "count": 0
            },
            {
                "id": "100069249897053",
                "count": 0
            },
            {
                "id": "100081322854158",
                "count": 0
            },
            {
                "id": "100021719146988",
                "count": 0
            },
            {
                "id": "100075697854509",
                "count": 0
            },
            {
                "id": "61551532670039",
                "count": 0
            },
            {
                "id": "100091002253213",
                "count": 0
            },
            {
                "id": "100029604590379",
                "count": 0
            },
            {
                "id": "61555188151732",
                "count": 0
            }
        ]
    }
}