{
    "total": [
        {
            "id": "100075216610999",
            "count": 131
        },
        {
            "id": "100050999371837",
            "count": 201
        }
    ],
    "week": [
        {
            "id": "100075216610999",
            "count": 0,
            "name": "Hyouka Granger"
        },
        {
            "id": "100050999371837",
            "count": 0,
            "name": "Tiến Nguyễn"
        }
    ],
    "day": [
        {
            "id": "100075216610999",
            "count": 0,
            "name": "Hyouka Granger"
        },
        {
            "id": "100050999371837",
            "count": 0,
            "name": "Tiến Nguyễn"
        }
    ],
    "time": 5,
    "last": {
        "time": 2,
        "day": [
            {
                "id": "100070815402204",
                "count": 0
            },
            {
                "id": "100075216610999",
                "count": 0
            },
            {
                "id": "100050999371837",
                "count": 0
            },
            {
                "id": "100079015986934",
                "count": 0
            },
            {
                "id": "100001599530779",
                "count": 0
            },
            {
                "id": "100068096370437",
                "count": 0
            }
        ],
        "week": [
            {
                "id": "100070815402204",
                "count": 0
            },
            {
                "id": "100075216610999",
                "count": 0
            },
            {
                "id": "100050999371837",
                "count": 0
            },
            {
                "id": "100079015986934",
                "count": 0
            },
            {
                "id": "100001599530779",
                "count": 0
            },
            {
                "id": "100068096370437",
                "count": 0
            }
        ]
    }
}