{
    "total": [
        {
            "id": "100013957026271",
            "count": 482
        },
        {
            "id": "100089610552432",
            "count": 0
        },
        {
            "id": "100095159196603",
            "count": 0
        },
        {
            "id": "100095202304421",
            "count": 0
        },
        {
            "id": "100095053212127",
            "count": 0
        },
        {
            "id": "100095025373593",
            "count": 0
        },
        {
            "id": "100095189044882",
            "count": 0
        },
        {
            "id": "61553709711177",
            "count": 0
        },
        {
            "id": "100093288481939",
            "count": 0
        },
        {
            "id": "100075216610999",
            "count": 636
        },
        {
            "id": "100084274414067",
            "count": 517
        },
        {
            "id": "100084432122203",
            "count": 0
        },
        {
            "id": "61550956294020",
            "count": 0
        },
        {
            "id": "100083632174635",
            "count": 0
        },
        {
            "id": "100092302088120",
            "count": 5
        },
        {
            "id": "61553090266184",
            "count": 62
        },
        {
            "id": "61555671087830",
            "count": 8
        },
        {
            "id": "100037277056258",
            "count": 0
        },
        {
            "id": "100057798609695",
            "count": 0
        },
        {
            "id": "100050999371837",
            "count": 205
        },
        {
            "id": "100020460654779",
            "count": 1
        }
    ],
    "week": [
        {
            "id": "100013957026271",
            "count": 0,
            "name": "𓃗»𝙏𝙧𝙖̂̀𝙣 𝙑𝙖̆𝙣 𝙃𝙞𝙣𝙝𓂄𓆩𑁍𓆪𓂁"
        },
        {
            "id": "100089610552432",
            "count": 0,
            "name": "Người dùng Facebook"
        },
        {
            "id": "100095159196603",
            "count": 0,
            "name": "Người dùng Facebook"
        },
        {
            "id": "100095202304421",
            "count": 0,
            "name": "Người dùng Facebook"
        },
        {
            "id": "100095053212127",
            "count": 0,
            "name": "Người dùng Facebook"
        },
        {
            "id": "100095025373593",
            "count": 0,
            "name": "Người dùng Facebook"
        },
        {
            "id": "100095189044882",
            "count": 0,
            "name": "Người dùng Facebook"
        },
        {
            "id": "61553709711177",
            "count": 0,
            "name": "Người dùng Facebook"
        },
        {
            "id": "100093288481939",
            "count": 0,
            "name": "Phương Thảo"
        },
        {
            "id": "100075216610999",
            "count": 6,
            "name": "Hyouka Granger"
        },
        {
            "id": "100084274414067",
            "count": 5,
            "name": "Kim Loan Khưu"
        },
        {
            "id": "100084432122203",
            "count": 0,
            "name": "KH Hoang Cuc"
        },
        {
            "id": "61550956294020",
            "count": 0,
            "name": "Khoan Nie"
        },
        {
            "id": "100083632174635",
            "count": 0,
            "name": "JI Tran Thong"
        },
        {
            "id": "100092302088120",
            "count": 0,
            "name": "Mây Cuti"
        },
        {
            "id": "61553090266184",
            "count": 0,
            "name": "Phạm Gia Huy"
        },
        {
            "id": "61555671087830",
            "count": 0,
            "name": "Nguyễn Đình Thiên An"
        },
        {
            "id": "100037277056258",
            "count": 0,
            "name": "Huyền Sino"
        },
        {
            "id": "100057798609695",
            "count": 0,
            "name": "Woo Jang"
        },
        {
            "id": "100050999371837",
            "count": 2,
            "name": "Tiến Nguyễn"
        },
        {
            "id": "100020460654779",
            "count": 0,
            "name": "Ky Phan"
        }
    ],
    "day": [
        {
            "id": "100013957026271",
            "count": 0,
            "name": "𓃗»𝙏𝙧𝙖̂̀𝙣 𝙑𝙖̆𝙣 𝙃𝙞𝙣𝙝𓂄𓆩𑁍𓆪𓂁"
        },
        {
            "id": "100089610552432",
            "count": 0,
            "name": "Người dùng Facebook"
        },
        {
            "id": "100095159196603",
            "count": 0,
            "name": "Người dùng Facebook"
        },
        {
            "id": "100095202304421",
            "count": 0,
            "name": "Người dùng Facebook"
        },
        {
            "id": "100095053212127",
            "count": 0,
            "name": "Người dùng Facebook"
        },
        {
            "id": "100095025373593",
            "count": 0,
            "name": "Người dùng Facebook"
        },
        {
            "id": "100095189044882",
            "count": 0,
            "name": "Người dùng Facebook"
        },
        {
            "id": "61553709711177",
            "count": 0,
            "name": "Người dùng Facebook"
        },
        {
            "id": "100093288481939",
            "count": 0,
            "name": "Phương Thảo"
        },
        {
            "id": "100075216610999",
            "count": 0,
            "name": "Hyouka Granger"
        },
        {
            "id": "100084274414067",
            "count": 0,
            "name": "Kim Loan Khưu"
        },
        {
            "id": "100084432122203",
            "count": 0,
            "name": "KH Hoang Cuc"
        },
        {
            "id": "61550956294020",
            "count": 0,
            "name": "Khoan Nie"
        },
        {
            "id": "100083632174635",
            "count": 0,
            "name": "JI Tran Thong"
        },
        {
            "id": "100092302088120",
            "count": 0,
            "name": "Mây Cuti"
        },
        {
            "id": "61553090266184",
            "count": 0,
            "name": "Phạm Gia Huy"
        },
        {
            "id": "61555671087830",
            "count": 0,
            "name": "Nguyễn Đình Thiên An"
        },
        {
            "id": "100037277056258",
            "count": 0,
            "name": "Huyền Sino"
        },
        {
            "id": "100057798609695",
            "count": 0,
            "name": "Woo Jang"
        },
        {
            "id": "100050999371837",
            "count": 0,
            "name": "Tiến Nguyễn"
        },
        {
            "id": "100020460654779",
            "count": 0,
            "name": "Ky Phan"
        }
    ],
    "time": 5,
    "last": {
        "time": 4,
        "day": [
            {
                "id": "100013957026271",
                "count": 0
            },
            {
                "id": "100089610552432",
                "count": 0
            },
            {
                "id": "100095159196603",
                "count": 0
            },
            {
                "id": "100095202304421",
                "count": 0
            },
            {
                "id": "100095053212127",
                "count": 0
            },
            {
                "id": "100095025373593",
                "count": 0
            },
            {
                "id": "100095189044882",
                "count": 0
            },
            {
                "id": "61553709711177",
                "count": 0
            },
            {
                "id": "100093288481939",
                "count": 0
            },
            {
                "id": "100075216610999",
                "count": 0
            },
            {
                "id": "100084274414067",
                "count": 0
            },
            {
                "id": "100084432122203",
                "count": 0
            },
            {
                "id": "61550956294020",
                "count": 0
            },
            {
                "id": "100083632174635",
                "count": 0
            },
            {
                "id": "100092302088120",
                "count": 0
            },
            {
                "id": "61553090266184",
                "count": 0
            },
            {
                "id": "61555671087830",
                "count": 0
            },
            {
                "id": "100037277056258",
                "count": 0
            },
            {
                "id": "100057798609695",
                "count": 0
            },
            {
                "id": "100003676600071",
                "count": 0
            },
            {
                "id": "100050999371837",
                "count": 0
            },
            {
                "id": "100020460654779",
                "count": 0
            },
            {
                "id": "100067508386723",
                "count": 0
            }
        ],
        "week": [
            {
                "id": "100013957026271",
                "count": 0
            },
            {
                "id": "100089610552432",
                "count": 0
            },
            {
                "id": "100095159196603",
                "count": 0
            },
            {
                "id": "100095202304421",
                "count": 0
            },
            {
                "id": "100095053212127",
                "count": 0
            },
            {
                "id": "100095025373593",
                "count": 0
            },
            {
                "id": "100095189044882",
                "count": 0
            },
            {
                "id": "61553709711177",
                "count": 0
            },
            {
                "id": "100093288481939",
                "count": 0
            },
            {
                "id": "100075216610999",
                "count": 0
            },
            {
                "id": "100084274414067",
                "count": 0
            },
            {
                "id": "100084432122203",
                "count": 0
            },
            {
                "id": "61550956294020",
                "count": 0
            },
            {
                "id": "100083632174635",
                "count": 0
            },
            {
                "id": "100092302088120",
                "count": 0
            },
            {
                "id": "61553090266184",
                "count": 0
            },
            {
                "id": "61555671087830",
                "count": 0
            },
            {
                "id": "100037277056258",
                "count": 0
            },
            {
                "id": "100057798609695",
                "count": 0
            },
            {
                "id": "100003676600071",
                "count": 0
            },
            {
                "id": "100050999371837",
                "count": 0
            },
            {
                "id": "100020460654779",
                "count": 0
            },
            {
                "id": "100067508386723",
                "count": 0
            }
        ]
    }
}