{
    "total": [
        {
            "id": "100050999371837",
            "count": 28
        },
        {
            "id": "100041079390776",
            "count": 10
        },
        {
            "id": "100075216610999",
            "count": 119
        }
    ],
    "week": [
        {
            "id": "100050999371837",
            "count": 28,
            "name": "Tiến Nguyễn"
        },
        {
            "id": "100041079390776",
            "count": 2,
            "name": "Chương Thái"
        },
        {
            "id": "100075216610999",
            "count": 36,
            "name": "Hyouka Granger"
        }
    ],
    "day": [
        {
            "id": "100050999371837",
            "count": 0,
            "name": "Tiến Nguyễn"
        },
        {
            "id": "100041079390776",
            "count": 0,
            "name": "Chương Thái"
        },
        {
            "id": "100075216610999",
            "count": 0,
            "name": "Hyouka Granger"
        }
    ],
    "time": 5,
    "last": {
        "time": 5,
        "day": [
            {
                "id": "100050999371837",
                "count": 0
            },
            {
                "id": "100041079390776",
                "count": 0
            },
            {
                "id": "100075216610999",
                "count": 0
            },
            {
                "id": "100013957026271",
                "count": 0
            }
        ],
        "week": [
            {
                "id": "100050999371837",
                "count": 0
            },
            {
                "id": "100041079390776",
                "count": 0
            },
            {
                "id": "100075216610999",
                "count": 0
            },
            {
                "id": "100013957026271",
                "count": 0
            }
        ]
    }
}