{
    "total": [
        {
            "id": "100083170162035",
            "count": 2
        },
        {
            "id": "100094416430936",
            "count": 0
        },
        {
            "id": "61553001640195",
            "count": 0
        },
        {
            "id": "61552510027938",
            "count": 0
        },
        {
            "id": "61550190401046",
            "count": 4
        },
        {
            "id": "61552012374309",
            "count": 0
        },
        {
            "id": "61558034731757",
            "count": 0
        },
        {
            "id": "61551424019095",
            "count": 3
        },
        {
            "id": "100076549448118",
            "count": 0
        },
        {
            "id": "100041079390776",
            "count": 2
        },
        {
            "id": "100019438851431",
            "count": 0
        },
        {
            "id": "61554331868413",
            "count": 0
        },
        {
            "id": "100090382860248",
            "count": 0
        },
        {
            "id": "100022088556574",
            "count": 0
        },
        {
            "id": "100093362097060",
            "count": 0
        },
        {
            "id": "61554953187592",
            "count": 0
        },
        {
            "id": "100084034843651",
            "count": 0
        },
        {
            "id": "61557013058985",
            "count": 0
        },
        {
            "id": "100067628417384",
            "count": 0
        },
        {
            "id": "100027677536369",
            "count": 1
        },
        {
            "id": "100095148601491",
            "count": 0
        },
        {
            "id": "61553792534629",
            "count": 0
        },
        {
            "id": "100093541880157",
            "count": 0
        },
        {
            "id": "100089159412845",
            "count": 0
        },
        {
            "id": "100089369396847",
            "count": 0
        },
        {
            "id": "100093014889571",
            "count": 0
        },
        {
            "id": "100087761809677",
            "count": 0
        },
        {
            "id": "100090745038241",
            "count": 2
        },
        {
            "id": "61556419885602",
            "count": 0
        },
        {
            "id": "61551020878862",
            "count": 0
        },
        {
            "id": "61550203093424",
            "count": 1
        },
        {
            "id": "61552350164806",
            "count": 0
        },
        {
            "id": "100084150340313",
            "count": 0
        },
        {
            "id": "100073732487873",
            "count": 3
        },
        {
            "id": "61556031264544",
            "count": 0
        },
        {
            "id": "61552482097760",
            "count": 2
        },
        {
            "id": "100075216610999",
            "count": 2
        }
    ],
    "week": [
        {
            "id": "100083170162035",
            "count": 0,
            "name": "Hoàng Tuấn"
        },
        {
            "id": "100094416430936",
            "count": 0,
            "name": "ʚKimm Ngânnɞ"
        },
        {
            "id": "61553001640195",
            "count": 0,
            "name": "Oikawa Koiyaa"
        },
        {
            "id": "61552510027938",
            "count": 0,
            "name": "ʚHoàng Minh Xướcɞ"
        },
        {
            "id": "61550190401046",
            "count": 0,
            "name": "Hoàng Ng"
        },
        {
            "id": "61552012374309",
            "count": 0,
            "name": "Ú Nèk Bé"
        },
        {
            "id": "61558034731757",
            "count": 0,
            "name": "Đặng Huy Hoàng "
        },
        {
            "id": "61551424019095",
            "count": 0,
            "name": "Hino Đoàn"
        },
        {
            "id": "100076549448118",
            "count": 0,
            "name": "Gia Bảo"
        },
        {
            "id": "100041079390776",
            "count": 0,
            "name": "Chương Thái"
        },
        {
            "id": "100019438851431",
            "count": 0,
            "name": "Nguyễn Bảo Ngọc"
        },
        {
            "id": "61554331868413",
            "count": 0,
            "name": "Kim Anh"
        },
        {
            "id": "100090382860248",
            "count": 0,
            "name": "Thu Uyên"
        },
        {
            "id": "100022088556574",
            "count": 0,
            "name": "Laurius Kinjio"
        },
        {
            "id": "100093362097060",
            "count": 0,
            "name": "Gia Hân"
        },
        {
            "id": "61554953187592",
            "count": 0,
            "name": "Rin Itoshi"
        },
        {
            "id": "100084034843651",
            "count": 0,
            "name": "Lục Kiều Yết"
        },
        {
            "id": "61557013058985",
            "count": 0,
            "name": "Nguyễn Vi"
        },
        {
            "id": "100067628417384",
            "count": 0,
            "name": "Kim Ngân"
        },
        {
            "id": "100027677536369",
            "count": 0,
            "name": "Huỳnh Nhuw"
        },
        {
            "id": "100095148601491",
            "count": 0,
            "name": "Korafen TenJo"
        },
        {
            "id": "61553792534629",
            "count": 0,
            "name": "Người dùng facebook"
        },
        {
            "id": "100093541880157",
            "count": 0,
            "name": "Người dùng facebook"
        },
        {
            "id": "100089159412845",
            "count": 0,
            "name": "Người dùng facebook"
        },
        {
            "id": "100089369396847",
            "count": 0,
            "name": "Người dùng facebook"
        },
        {
            "id": "100093014889571",
            "count": 0,
            "name": "Người dùng facebook"
        },
        {
            "id": "100087761809677",
            "count": 0,
            "name": "Người dùng facebook"
        },
        {
            "id": "100090745038241",
            "count": 0,
            "name": "Ngọc Mai"
        },
        {
            "id": "61556419885602",
            "count": 0,
            "name": "Người dùng facebook"
        },
        {
            "id": "61551020878862",
            "count": 0,
            "name": "Người dùng facebook"
        },
        {
            "id": "61550203093424",
            "count": 0,
            "name": "教えて ブローチ"
        },
        {
            "id": "61552350164806",
            "count": 0,
            "name": "Người dùng facebook"
        },
        {
            "id": "100084150340313",
            "count": 0,
            "name": "Người dùng facebook"
        },
        {
            "id": "100073732487873",
            "count": 0,
            "name": "Myy Quyenn"
        },
        {
            "id": "61556031264544",
            "count": 0,
            "name": "Miie Chan"
        },
        {
            "id": "61552482097760",
            "count": 0,
            "name": "英军"
        },
        {
            "id": "100075216610999",
            "count": 0,
            "name": "Hyouka Granger"
        }
    ],
    "day": [
        {
            "id": "100083170162035",
            "count": 0,
            "name": "Người dùng facebook"
        },
        {
            "id": "100094416430936",
            "count": 0,
            "name": "Người dùng facebook"
        },
        {
            "id": "61553001640195",
            "count": 0,
            "name": "Người dùng facebook"
        },
        {
            "id": "61552510027938",
            "count": 0,
            "name": "Người dùng facebook"
        },
        {
            "id": "61550190401046",
            "count": 0,
            "name": "Người dùng facebook"
        },
        {
            "id": "61552012374309",
            "count": 0,
            "name": "Người dùng facebook"
        },
        {
            "id": "61558034731757",
            "count": 0,
            "name": "Đặng Huy Hoàng "
        },
        {
            "id": "61551424019095",
            "count": 0,
            "name": "Người dùng facebook"
        },
        {
            "id": "100076549448118",
            "count": 0,
            "name": "Gia Bảo"
        },
        {
            "id": "100041079390776",
            "count": 0,
            "name": "Chương Thái"
        },
        {
            "id": "100019438851431",
            "count": 0,
            "name": "Người dùng facebook"
        },
        {
            "id": "61554331868413",
            "count": 0,
            "name": "Người dùng facebook"
        },
        {
            "id": "100090382860248",
            "count": 0,
            "name": "Thu Uyên"
        },
        {
            "id": "100022088556574",
            "count": 0,
            "name": "Người dùng facebook"
        },
        {
            "id": "100093362097060",
            "count": 0,
            "name": "Người dùng facebook"
        },
        {
            "id": "61554953187592",
            "count": 0,
            "name": "Người dùng facebook"
        },
        {
            "id": "100084034843651",
            "count": 0,
            "name": "Người dùng facebook"
        },
        {
            "id": "61557013058985",
            "count": 0,
            "name": "Người dùng facebook"
        },
        {
            "id": "100067628417384",
            "count": 0,
            "name": "Người dùng facebook"
        },
        {
            "id": "100027677536369",
            "count": 0,
            "name": "Người dùng facebook"
        },
        {
            "id": "100095148601491",
            "count": 0,
            "name": "Người dùng facebook"
        },
        {
            "id": "61553792534629",
            "count": 0,
            "name": "Người dùng facebook"
        },
        {
            "id": "100093541880157",
            "count": 0,
            "name": "Người dùng facebook"
        },
        {
            "id": "100089159412845",
            "count": 0,
            "name": "Người dùng facebook"
        },
        {
            "id": "100089369396847",
            "count": 0,
            "name": "Người dùng facebook"
        },
        {
            "id": "100093014889571",
            "count": 0,
            "name": "Người dùng facebook"
        },
        {
            "id": "100087761809677",
            "count": 0,
            "name": "Người dùng facebook"
        },
        {
            "id": "100090745038241",
            "count": 0,
            "name": "Người dùng facebook"
        },
        {
            "id": "61556419885602",
            "count": 0,
            "name": "Người dùng facebook"
        },
        {
            "id": "61551020878862",
            "count": 0,
            "name": "Người dùng facebook"
        },
        {
            "id": "61550203093424",
            "count": 0,
            "name": "Người dùng facebook"
        },
        {
            "id": "61552350164806",
            "count": 0,
            "name": "Người dùng facebook"
        },
        {
            "id": "100084150340313",
            "count": 0,
            "name": "Người dùng facebook"
        },
        {
            "id": "100073732487873",
            "count": 0,
            "name": "Người dùng facebook"
        },
        {
            "id": "61556031264544",
            "count": 0,
            "name": "Người dùng facebook"
        },
        {
            "id": "61552482097760",
            "count": 0,
            "name": "Người dùng facebook"
        },
        {
            "id": "100075216610999",
            "count": 0,
            "name": "Hyouka Granger"
        }
    ],
    "time": 5,
    "last": {
        "time": 0,
        "day": [
            {
                "id": "100083170162035",
                "count": 0
            },
            {
                "id": "100094416430936",
                "count": 0
            },
            {
                "id": "61553001640195",
                "count": 0
            },
            {
                "id": "61552510027938",
                "count": 0
            },
            {
                "id": "61550190401046",
                "count": 0
            },
            {
                "id": "61552012374309",
                "count": 0
            },
            {
                "id": "61558034731757",
                "count": 0
            },
            {
                "id": "61551424019095",
                "count": 0
            },
            {
                "id": "100076549448118",
                "count": 0
            },
            {
                "id": "100041079390776",
                "count": 0
            },
            {
                "id": "100019438851431",
                "count": 0
            },
            {
                "id": "61554331868413",
                "count": 0
            },
            {
                "id": "100090382860248",
                "count": 0
            },
            {
                "id": "100022088556574",
                "count": 0
            },
            {
                "id": "100093362097060",
                "count": 0
            },
            {
                "id": "61554953187592",
                "count": 0
            },
            {
                "id": "100084034843651",
                "count": 0
            },
            {
                "id": "61557013058985",
                "count": 0
            },
            {
                "id": "100067628417384",
                "count": 0
            },
            {
                "id": "100027677536369",
                "count": 0
            },
            {
                "id": "100095148601491",
                "count": 0
            },
            {
                "id": "61553792534629",
                "count": 0
            },
            {
                "id": "100093541880157",
                "count": 0
            },
            {
                "id": "100089159412845",
                "count": 0
            },
            {
                "id": "100089369396847",
                "count": 0
            },
            {
                "id": "100093014889571",
                "count": 0
            },
            {
                "id": "100087761809677",
                "count": 0
            },
            {
                "id": "100090745038241",
                "count": 0
            },
            {
                "id": "61556419885602",
                "count": 0
            },
            {
                "id": "61551020878862",
                "count": 0
            },
            {
                "id": "61550203093424",
                "count": 0
            },
            {
                "id": "61552350164806",
                "count": 0
            },
            {
                "id": "100084150340313",
                "count": 0
            },
            {
                "id": "100073732487873",
                "count": 0
            },
            {
                "id": "61556031264544",
                "count": 0
            },
            {
                "id": "61552482097760",
                "count": 0
            },
            {
                "id": "100075216610999",
                "count": 0
            }
        ],
        "week": [
            {
                "id": "100083170162035",
                "count": 0
            },
            {
                "id": "100094416430936",
                "count": 0
            },
            {
                "id": "61553001640195",
                "count": 0
            },
            {
                "id": "61552510027938",
                "count": 0
            },
            {
                "id": "61550190401046",
                "count": 0
            },
            {
                "id": "61552012374309",
                "count": 0
            },
            {
                "id": "61558034731757",
                "count": 0
            },
            {
                "id": "61551424019095",
                "count": 0
            },
            {
                "id": "100076549448118",
                "count": 0
            },
            {
                "id": "100041079390776",
                "count": 0
            },
            {
                "id": "100019438851431",
                "count": 0
            },
            {
                "id": "61554331868413",
                "count": 0
            },
            {
                "id": "100090382860248",
                "count": 0
            },
            {
                "id": "100022088556574",
                "count": 0
            },
            {
                "id": "100093362097060",
                "count": 0
            },
            {
                "id": "61554953187592",
                "count": 0
            },
            {
                "id": "100084034843651",
                "count": 0
            },
            {
                "id": "61557013058985",
                "count": 0
            },
            {
                "id": "100067628417384",
                "count": 0
            },
            {
                "id": "100027677536369",
                "count": 0
            },
            {
                "id": "100095148601491",
                "count": 0
            },
            {
                "id": "61553792534629",
                "count": 0
            },
            {
                "id": "100093541880157",
                "count": 0
            },
            {
                "id": "100089159412845",
                "count": 0
            },
            {
                "id": "100089369396847",
                "count": 0
            },
            {
                "id": "100093014889571",
                "count": 0
            },
            {
                "id": "100087761809677",
                "count": 0
            },
            {
                "id": "100090745038241",
                "count": 0
            },
            {
                "id": "61556419885602",
                "count": 0
            },
            {
                "id": "61551020878862",
                "count": 0
            },
            {
                "id": "61550203093424",
                "count": 0
            },
            {
                "id": "61552350164806",
                "count": 0
            },
            {
                "id": "100084150340313",
                "count": 0
            },
            {
                "id": "100073732487873",
                "count": 0
            },
            {
                "id": "61556031264544",
                "count": 0
            },
            {
                "id": "61552482097760",
                "count": 0
            },
            {
                "id": "100075216610999",
                "count": 0
            }
        ]
    }
}