{
    "total": [
        {
            "id": "100065319608027",
            "count": 39
        },
        {
            "id": "100072175026288",
            "count": 1
        },
        {
            "id": "100095360926905",
            "count": 0
        },
        {
            "id": "100026956942142",
            "count": 10
        },
        {
            "id": "100082083454581",
            "count": 0
        },
        {
            "id": "100036334088672",
            "count": 0
        },
        {
            "id": "100083712030736",
            "count": 0
        },
        {
            "id": "100086551981707",
            "count": 2
        },
        {
            "id": "100075670461443",
            "count": 5
        },
        {
            "id": "100094243007082",
            "count": 27
        },
        {
            "id": "100095231988516",
            "count": 0
        },
        {
            "id": "61556014203038",
            "count": 0
        },
        {
            "id": "100023440234703",
            "count": 0
        },
        {
            "id": "61552042066550",
            "count": 0
        },
        {
            "id": "100094016040574",
            "count": 9
        },
        {
            "id": "61550613571386",
            "count": 19
        },
        {
            "id": "61557721071120",
            "count": 0
        },
        {
            "id": "100058763773841",
            "count": 0
        },
        {
            "id": "100094115569608",
            "count": 44
        },
        {
            "id": "100058374645281",
            "count": 1
        },
        {
            "id": "61550670112797",
            "count": 0
        },
        {
            "id": "100066794262345",
            "count": 0
        },
        {
            "id": "100093217115825",
            "count": 2
        },
        {
            "id": "100080749355273",
            "count": 0
        },
        {
            "id": "100087642523500",
            "count": 1
        },
        {
            "id": "100056394475525",
            "count": 0
        },
        {
            "id": "100077548747349",
            "count": 4
        },
        {
            "id": "100077673665132",
            "count": 0
        },
        {
            "id": "100088717723695",
            "count": 2
        },
        {
            "id": "100083245786520",
            "count": 0
        },
        {
            "id": "100089864958127",
            "count": 1
        },
        {
            "id": "61556759549537",
            "count": 0
        },
        {
            "id": "100029538170457",
            "count": 0
        },
        {
            "id": "100056364990835",
            "count": 0
        },
        {
            "id": "100088592873415",
            "count": 0
        },
        {
            "id": "61550753476399",
            "count": 0
        },
        {
            "id": "100010826526993",
            "count": 0
        },
        {
            "id": "61557746574443",
            "count": 5
        },
        {
            "id": "100094303639550",
            "count": 1
        },
        {
            "id": "100075410050074",
            "count": 16
        },
        {
            "id": "100013802141306",
            "count": 0
        },
        {
            "id": "100015405120843",
            "count": 0
        },
        {
            "id": "100093529377695",
            "count": 0
        },
        {
            "id": "100095557928782",
            "count": 0
        },
        {
            "id": "100008989536188",
            "count": 0
        },
        {
            "id": "100089168355917",
            "count": 0
        },
        {
            "id": "100077603472246",
            "count": 0
        },
        {
            "id": "100088149957002",
            "count": 1
        },
        {
            "id": "100011410762061",
            "count": 0
        },
        {
            "id": "100055692919410",
            "count": 0
        },
        {
            "id": "100094243877374",
            "count": 1
        },
        {
            "id": "100050708131319",
            "count": 0
        },
        {
            "id": "100087678578046",
            "count": 0
        },
        {
            "id": "100077859794832",
            "count": 0
        },
        {
            "id": "100076759832870",
            "count": 3
        },
        {
            "id": "61557664556398",
            "count": 0
        },
        {
            "id": "61554882154008",
            "count": 13
        },
        {
            "id": "100037974510700",
            "count": 10
        },
        {
            "id": "61554152017932",
            "count": 0
        },
        {
            "id": "100082780547140",
            "count": 0
        },
        {
            "id": "100035432783065",
            "count": 0
        },
        {
            "id": "100088187202538",
            "count": 0
        },
        {
            "id": "61552078742090",
            "count": 0
        },
        {
            "id": "100054576279720",
            "count": 7
        },
        {
            "id": "100014727647483",
            "count": 0
        },
        {
            "id": "100093876722264",
            "count": 12
        },
        {
            "id": "100001088259197",
            "count": 0
        },
        {
            "id": "100050345598820",
            "count": 3
        },
        {
            "id": "61553994632055",
            "count": 0
        },
        {
            "id": "100074367441974",
            "count": 4
        },
        {
            "id": "100095663552545",
            "count": 30
        },
        {
            "id": "100087376764245",
            "count": 12
        },
        {
            "id": "100072988732441",
            "count": 0
        },
        {
            "id": "61553952884408",
            "count": 0
        },
        {
            "id": "100072096350431",
            "count": 3
        },
        {
            "id": "100038680000636",
            "count": 0
        },
        {
            "id": "100045055090071",
            "count": 0
        },
        {
            "id": "100080347324399",
            "count": 0
        },
        {
            "id": "61553589637780",
            "count": 0
        },
        {
            "id": "61555545027936",
            "count": 0
        },
        {
            "id": "100093389817459",
            "count": 0
        },
        {
            "id": "100080762027697",
            "count": 12
        },
        {
            "id": "100074261171722",
            "count": 1
        },
        {
            "id": "100065272027022",
            "count": 0
        },
        {
            "id": "100024018803921",
            "count": 0
        },
        {
            "id": "100053632176439",
            "count": 2
        },
        {
            "id": "100004401962601",
            "count": 0
        },
        {
            "id": "100084510806854",
            "count": 0
        },
        {
            "id": "100012620117907",
            "count": 0
        },
        {
            "id": "100081511423939",
            "count": 0
        },
        {
            "id": "100078856850974",
            "count": 2
        },
        {
            "id": "100091598015082",
            "count": 0
        },
        {
            "id": "100029501827611",
            "count": 1
        },
        {
            "id": "100064668114650",
            "count": 0
        },
        {
            "id": "100076683546874",
            "count": 0
        },
        {
            "id": "100088051064860",
            "count": 0
        },
        {
            "id": "100000618438981",
            "count": 0
        },
        {
            "id": "100030316517806",
            "count": 0
        },
        {
            "id": "100057165033174",
            "count": 0
        },
        {
            "id": "100085608671428",
            "count": 0
        },
        {
            "id": "100021815657778",
            "count": 6
        },
        {
            "id": "61550307440967",
            "count": 0
        },
        {
            "id": "100090097503505",
            "count": 0
        },
        {
            "id": "100080982730698",
            "count": 1
        },
        {
            "id": "100004547496897",
            "count": 0
        },
        {
            "id": "100081772254169",
            "count": 8
        },
        {
            "id": "100016929999420",
            "count": 0
        },
        {
            "id": "61552133297809",
            "count": 142
        },
        {
            "id": "100094784911055",
            "count": 1
        },
        {
            "id": "100075040934263",
            "count": 0
        },
        {
            "id": "100089883551589",
            "count": 0
        },
        {
            "id": "100074780514182",
            "count": 0
        },
        {
            "id": "100069709225787",
            "count": 13
        },
        {
            "id": "100034999114362",
            "count": 1
        },
        {
            "id": "100013108204649",
            "count": 0
        },
        {
            "id": "100082314198648",
            "count": 1
        },
        {
            "id": "100083840942985",
            "count": 26
        },
        {
            "id": "100000423317309",
            "count": 0
        },
        {
            "id": "100075738740046",
            "count": 3
        },
        {
            "id": "100073077375158",
            "count": 0
        },
        {
            "id": "100084911367120",
            "count": 0
        },
        {
            "id": "100074837977067",
            "count": 20
        },
        {
            "id": "100081165752501",
            "count": 0
        },
        {
            "id": "100080082848730",
            "count": 0
        },
        {
            "id": "100049604468359",
            "count": 0
        },
        {
            "id": "100087742205079",
            "count": 0
        },
        {
            "id": "100068262355899",
            "count": 0
        },
        {
            "id": "61556436687533",
            "count": 0
        },
        {
            "id": "100091627612972",
            "count": 5
        },
        {
            "id": "100068210258779",
            "count": 21
        },
        {
            "id": "100050999371837",
            "count": 16
        },
        {
            "id": "100075216610999",
            "count": 76
        },
        {
            "id": "100084041839249",
            "count": 1
        },
        {
            "id": "100041849017285",
            "count": 5
        },
        {
            "id": "100080594118160",
            "count": 7
        }
    ],
    "week": [
        {
            "id": "100065319608027",
            "count": 0,
            "name": "Người dùng facebook"
        },
        {
            "id": "100072175026288",
            "count": 0,
            "name": "Người dùng facebook"
        },
        {
            "id": "100095360926905",
            "count": 0,
            "name": "Người dùng facebook"
        },
        {
            "id": "100026956942142",
            "count": 0,
            "name": "Người dùng facebook"
        },
        {
            "id": "100082083454581",
            "count": 0,
            "name": "Người dùng facebook"
        },
        {
            "id": "100036334088672",
            "count": 0,
            "name": "Người dùng facebook"
        },
        {
            "id": "100083712030736",
            "count": 0,
            "name": "Người dùng facebook"
        },
        {
            "id": "100086551981707",
            "count": 0,
            "name": "Người dùng facebook"
        },
        {
            "id": "100075670461443",
            "count": 0,
            "name": "Người dùng facebook"
        },
        {
            "id": "100094243007082",
            "count": 0,
            "name": "Người dùng facebook"
        },
        {
            "id": "100095231988516",
            "count": 0,
            "name": "Người dùng facebook"
        },
        {
            "id": "61556014203038",
            "count": 0,
            "name": "Người dùng facebook"
        },
        {
            "id": "100023440234703",
            "count": 0,
            "name": "Người dùng facebook"
        },
        {
            "id": "61552042066550",
            "count": 0,
            "name": "Người dùng facebook"
        },
        {
            "id": "100094016040574",
            "count": 0,
            "name": "Người dùng facebook"
        },
        {
            "id": "61550613571386",
            "count": 0,
            "name": "Người dùng facebook"
        },
        {
            "id": "61557721071120",
            "count": 0,
            "name": "Người dùng facebook"
        },
        {
            "id": "100058763773841",
            "count": 0,
            "name": "Người dùng facebook"
        },
        {
            "id": "100094115569608",
            "count": 0,
            "name": "Người dùng facebook"
        },
        {
            "id": "100058374645281",
            "count": 0,
            "name": "Người dùng facebook"
        },
        {
            "id": "61550670112797",
            "count": 0,
            "name": "Người dùng facebook"
        },
        {
            "id": "100066794262345",
            "count": 0,
            "name": "Người dùng facebook"
        },
        {
            "id": "100093217115825",
            "count": 0,
            "name": "Người dùng facebook"
        },
        {
            "id": "100080749355273",
            "count": 0,
            "name": "Người dùng facebook"
        },
        {
            "id": "100087642523500",
            "count": 0,
            "name": "Người dùng facebook"
        },
        {
            "id": "100056394475525",
            "count": 0,
            "name": "Người dùng facebook"
        },
        {
            "id": "100077548747349",
            "count": 0,
            "name": "Người dùng facebook"
        },
        {
            "id": "100077673665132",
            "count": 0,
            "name": "Người dùng facebook"
        },
        {
            "id": "100088717723695",
            "count": 0,
            "name": "Người dùng facebook"
        },
        {
            "id": "100083245786520",
            "count": 0,
            "name": "Người dùng facebook"
        },
        {
            "id": "100089864958127",
            "count": 0,
            "name": "Người dùng facebook"
        },
        {
            "id": "61556759549537",
            "count": 0,
            "name": "Người dùng facebook"
        },
        {
            "id": "100029538170457",
            "count": 0,
            "name": "Người dùng facebook"
        },
        {
            "id": "100056364990835",
            "count": 0,
            "name": "Người dùng facebook"
        },
        {
            "id": "100088592873415",
            "count": 0,
            "name": "Người dùng facebook"
        },
        {
            "id": "61550753476399",
            "count": 0,
            "name": "Người dùng facebook"
        },
        {
            "id": "100010826526993",
            "count": 0,
            "name": "Người dùng facebook"
        },
        {
            "id": "61557746574443",
            "count": 0,
            "name": "Người dùng facebook"
        },
        {
            "id": "100094303639550",
            "count": 0,
            "name": "Người dùng facebook"
        },
        {
            "id": "100075410050074",
            "count": 0,
            "name": "Người dùng facebook"
        },
        {
            "id": "100013802141306",
            "count": 0,
            "name": "Người dùng facebook"
        },
        {
            "id": "100015405120843",
            "count": 0,
            "name": "Người dùng facebook"
        },
        {
            "id": "100093529377695",
            "count": 0,
            "name": "Người dùng facebook"
        },
        {
            "id": "100095557928782",
            "count": 0,
            "name": "Người dùng facebook"
        },
        {
            "id": "100008989536188",
            "count": 0,
            "name": "Người dùng facebook"
        },
        {
            "id": "100089168355917",
            "count": 0,
            "name": "Người dùng facebook"
        },
        {
            "id": "100077603472246",
            "count": 0,
            "name": "Người dùng facebook"
        },
        {
            "id": "100088149957002",
            "count": 0,
            "name": "Người dùng facebook"
        },
        {
            "id": "100011410762061",
            "count": 0,
            "name": "Người dùng facebook"
        },
        {
            "id": "100055692919410",
            "count": 0,
            "name": "Người dùng facebook"
        },
        {
            "id": "100094243877374",
            "count": 0,
            "name": "Người dùng facebook"
        },
        {
            "id": "100050708131319",
            "count": 0,
            "name": "Người dùng facebook"
        },
        {
            "id": "100087678578046",
            "count": 0,
            "name": "Người dùng facebook"
        },
        {
            "id": "100077859794832",
            "count": 0,
            "name": "Người dùng facebook"
        },
        {
            "id": "100076759832870",
            "count": 0,
            "name": "Người dùng facebook"
        },
        {
            "id": "61557664556398",
            "count": 0,
            "name": "Người dùng facebook"
        },
        {
            "id": "61554882154008",
            "count": 0,
            "name": "Người dùng facebook"
        },
        {
            "id": "100037974510700",
            "count": 0,
            "name": "Người dùng facebook"
        },
        {
            "id": "61554152017932",
            "count": 0,
            "name": "Người dùng facebook"
        },
        {
            "id": "100082780547140",
            "count": 0,
            "name": "Người dùng facebook"
        },
        {
            "id": "100035432783065",
            "count": 0,
            "name": "Người dùng facebook"
        },
        {
            "id": "100088187202538",
            "count": 0,
            "name": "Người dùng facebook"
        },
        {
            "id": "61552078742090",
            "count": 0,
            "name": "Người dùng facebook"
        },
        {
            "id": "100054576279720",
            "count": 0,
            "name": "Người dùng facebook"
        },
        {
            "id": "100014727647483",
            "count": 0,
            "name": "Người dùng facebook"
        },
        {
            "id": "100093876722264",
            "count": 0,
            "name": "Người dùng facebook"
        },
        {
            "id": "100001088259197",
            "count": 0,
            "name": "Người dùng facebook"
        },
        {
            "id": "100050345598820",
            "count": 0,
            "name": "Người dùng facebook"
        },
        {
            "id": "61553994632055",
            "count": 0,
            "name": "Người dùng facebook"
        },
        {
            "id": "100074367441974",
            "count": 0,
            "name": "Người dùng facebook"
        },
        {
            "id": "100095663552545",
            "count": 0,
            "name": "Người dùng facebook"
        },
        {
            "id": "100087376764245",
            "count": 0,
            "name": "Người dùng facebook"
        },
        {
            "id": "100072988732441",
            "count": 0,
            "name": "Người dùng facebook"
        },
        {
            "id": "61553952884408",
            "count": 0,
            "name": "Người dùng facebook"
        },
        {
            "id": "100072096350431",
            "count": 0,
            "name": "Người dùng facebook"
        },
        {
            "id": "100038680000636",
            "count": 0,
            "name": "Người dùng facebook"
        },
        {
            "id": "100045055090071",
            "count": 0,
            "name": "Người dùng facebook"
        },
        {
            "id": "100080347324399",
            "count": 0,
            "name": "Người dùng facebook"
        },
        {
            "id": "61553589637780",
            "count": 0,
            "name": "Người dùng facebook"
        },
        {
            "id": "61555545027936",
            "count": 0,
            "name": "Người dùng facebook"
        },
        {
            "id": "100093389817459",
            "count": 0,
            "name": "Người dùng facebook"
        },
        {
            "id": "100080762027697",
            "count": 0,
            "name": "Người dùng facebook"
        },
        {
            "id": "100074261171722",
            "count": 0,
            "name": "Người dùng facebook"
        },
        {
            "id": "100065272027022",
            "count": 0,
            "name": "Người dùng facebook"
        },
        {
            "id": "100024018803921",
            "count": 0,
            "name": "Người dùng facebook"
        },
        {
            "id": "100053632176439",
            "count": 0,
            "name": "Người dùng facebook"
        },
        {
            "id": "100004401962601",
            "count": 0,
            "name": "Người dùng facebook"
        },
        {
            "id": "100084510806854",
            "count": 0,
            "name": "Người dùng facebook"
        },
        {
            "id": "100012620117907",
            "count": 0,
            "name": "Người dùng facebook"
        },
        {
            "id": "100081511423939",
            "count": 0,
            "name": "Người dùng facebook"
        },
        {
            "id": "100078856850974",
            "count": 0,
            "name": "Người dùng facebook"
        },
        {
            "id": "100091598015082",
            "count": 0,
            "name": "Người dùng facebook"
        },
        {
            "id": "100029501827611",
            "count": 0,
            "name": "Người dùng facebook"
        },
        {
            "id": "100064668114650",
            "count": 0,
            "name": "Người dùng facebook"
        },
        {
            "id": "100076683546874",
            "count": 0,
            "name": "Người dùng facebook"
        },
        {
            "id": "100088051064860",
            "count": 0,
            "name": "Người dùng facebook"
        },
        {
            "id": "100000618438981",
            "count": 0,
            "name": "Người dùng facebook"
        },
        {
            "id": "100030316517806",
            "count": 0,
            "name": "Người dùng facebook"
        },
        {
            "id": "100057165033174",
            "count": 0,
            "name": "Người dùng facebook"
        },
        {
            "id": "100085608671428",
            "count": 0,
            "name": "Người dùng facebook"
        },
        {
            "id": "100021815657778",
            "count": 0,
            "name": "Người dùng facebook"
        },
        {
            "id": "61550307440967",
            "count": 0,
            "name": "Người dùng facebook"
        },
        {
            "id": "100090097503505",
            "count": 0,
            "name": "Người dùng facebook"
        },
        {
            "id": "100080982730698",
            "count": 0,
            "name": "Người dùng facebook"
        },
        {
            "id": "100004547496897",
            "count": 0,
            "name": "Người dùng facebook"
        },
        {
            "id": "100081772254169",
            "count": 0,
            "name": "Người dùng facebook"
        },
        {
            "id": "100016929999420",
            "count": 0,
            "name": "Người dùng facebook"
        },
        {
            "id": "61552133297809",
            "count": 0,
            "name": "Người dùng facebook"
        },
        {
            "id": "100094784911055",
            "count": 0,
            "name": "Người dùng facebook"
        },
        {
            "id": "100075040934263",
            "count": 0,
            "name": "Người dùng facebook"
        },
        {
            "id": "100089883551589",
            "count": 0,
            "name": "Người dùng facebook"
        },
        {
            "id": "100074780514182",
            "count": 0,
            "name": "Người dùng facebook"
        },
        {
            "id": "100069709225787",
            "count": 0,
            "name": "Người dùng facebook"
        },
        {
            "id": "100034999114362",
            "count": 0,
            "name": "Người dùng facebook"
        },
        {
            "id": "100013108204649",
            "count": 0,
            "name": "Người dùng facebook"
        },
        {
            "id": "100082314198648",
            "count": 0,
            "name": "Người dùng facebook"
        },
        {
            "id": "100083840942985",
            "count": 0,
            "name": "Người dùng facebook"
        },
        {
            "id": "100000423317309",
            "count": 0,
            "name": "Người dùng facebook"
        },
        {
            "id": "100075738740046",
            "count": 0,
            "name": "Người dùng facebook"
        },
        {
            "id": "100073077375158",
            "count": 0,
            "name": "Người dùng facebook"
        },
        {
            "id": "100084911367120",
            "count": 0,
            "name": "Người dùng facebook"
        },
        {
            "id": "100074837977067",
            "count": 0,
            "name": "Người dùng facebook"
        },
        {
            "id": "100081165752501",
            "count": 0,
            "name": "Người dùng facebook"
        },
        {
            "id": "100080082848730",
            "count": 0,
            "name": "Người dùng facebook"
        },
        {
            "id": "100049604468359",
            "count": 0,
            "name": "Người dùng facebook"
        },
        {
            "id": "100087742205079",
            "count": 0,
            "name": "Người dùng facebook"
        },
        {
            "id": "100068262355899",
            "count": 0,
            "name": "Người dùng facebook"
        },
        {
            "id": "61556436687533",
            "count": 0,
            "name": "Người dùng facebook"
        },
        {
            "id": "100091627612972",
            "count": 0,
            "name": "Người dùng facebook"
        },
        {
            "id": "100068210258779",
            "count": 0,
            "name": "Người dùng facebook"
        },
        {
            "id": "100050999371837",
            "count": 0,
            "name": "Tiến Nguyễn"
        },
        {
            "id": "100075216610999",
            "count": 0,
            "name": "Hyouka Granger"
        },
        {
            "id": "100084041839249",
            "count": 0,
            "name": "Người dùng facebook"
        },
        {
            "id": "100041849017285",
            "count": 0,
            "name": "Người dùng facebook"
        },
        {
            "id": "100080594118160",
            "count": 0,
            "name": "Người dùng facebook"
        }
    ],
    "day": [
        {
            "id": "100065319608027",
            "count": 0,
            "name": "Người dùng facebook"
        },
        {
            "id": "100072175026288",
            "count": 0,
            "name": "Người dùng facebook"
        },
        {
            "id": "100095360926905",
            "count": 0,
            "name": "Người dùng facebook"
        },
        {
            "id": "100026956942142",
            "count": 0,
            "name": "Người dùng facebook"
        },
        {
            "id": "100082083454581",
            "count": 0,
            "name": "Người dùng facebook"
        },
        {
            "id": "100036334088672",
            "count": 0,
            "name": "Người dùng facebook"
        },
        {
            "id": "100083712030736",
            "count": 0,
            "name": "Người dùng facebook"
        },
        {
            "id": "100086551981707",
            "count": 0,
            "name": "Người dùng facebook"
        },
        {
            "id": "100075670461443",
            "count": 0,
            "name": "Người dùng facebook"
        },
        {
            "id": "100094243007082",
            "count": 0,
            "name": "Người dùng facebook"
        },
        {
            "id": "100095231988516",
            "count": 0,
            "name": "Người dùng facebook"
        },
        {
            "id": "61556014203038",
            "count": 0,
            "name": "Người dùng facebook"
        },
        {
            "id": "100023440234703",
            "count": 0,
            "name": "Người dùng facebook"
        },
        {
            "id": "61552042066550",
            "count": 0,
            "name": "Người dùng facebook"
        },
        {
            "id": "100094016040574",
            "count": 0,
            "name": "Người dùng facebook"
        },
        {
            "id": "61550613571386",
            "count": 0,
            "name": "Người dùng facebook"
        },
        {
            "id": "61557721071120",
            "count": 0,
            "name": "Người dùng facebook"
        },
        {
            "id": "100058763773841",
            "count": 0,
            "name": "Người dùng facebook"
        },
        {
            "id": "100094115569608",
            "count": 0,
            "name": "Người dùng facebook"
        },
        {
            "id": "100058374645281",
            "count": 0,
            "name": "Người dùng facebook"
        },
        {
            "id": "61550670112797",
            "count": 0,
            "name": "Người dùng facebook"
        },
        {
            "id": "100066794262345",
            "count": 0,
            "name": "Người dùng facebook"
        },
        {
            "id": "100093217115825",
            "count": 0,
            "name": "Người dùng facebook"
        },
        {
            "id": "100080749355273",
            "count": 0,
            "name": "Người dùng facebook"
        },
        {
            "id": "100087642523500",
            "count": 0,
            "name": "Người dùng facebook"
        },
        {
            "id": "100056394475525",
            "count": 0,
            "name": "Người dùng facebook"
        },
        {
            "id": "100077548747349",
            "count": 0,
            "name": "Người dùng facebook"
        },
        {
            "id": "100077673665132",
            "count": 0,
            "name": "Người dùng facebook"
        },
        {
            "id": "100088717723695",
            "count": 0,
            "name": "Người dùng facebook"
        },
        {
            "id": "100083245786520",
            "count": 0,
            "name": "Người dùng facebook"
        },
        {
            "id": "100089864958127",
            "count": 0,
            "name": "Người dùng facebook"
        },
        {
            "id": "61556759549537",
            "count": 0,
            "name": "Người dùng facebook"
        },
        {
            "id": "100029538170457",
            "count": 0,
            "name": "Người dùng facebook"
        },
        {
            "id": "100056364990835",
            "count": 0,
            "name": "Người dùng facebook"
        },
        {
            "id": "100088592873415",
            "count": 0,
            "name": "Người dùng facebook"
        },
        {
            "id": "61550753476399",
            "count": 0,
            "name": "Người dùng facebook"
        },
        {
            "id": "100010826526993",
            "count": 0,
            "name": "Người dùng facebook"
        },
        {
            "id": "61557746574443",
            "count": 0,
            "name": "Người dùng facebook"
        },
        {
            "id": "100094303639550",
            "count": 0,
            "name": "Người dùng facebook"
        },
        {
            "id": "100075410050074",
            "count": 0,
            "name": "Người dùng facebook"
        },
        {
            "id": "100013802141306",
            "count": 0,
            "name": "Người dùng facebook"
        },
        {
            "id": "100015405120843",
            "count": 0,
            "name": "Người dùng facebook"
        },
        {
            "id": "100093529377695",
            "count": 0,
            "name": "Người dùng facebook"
        },
        {
            "id": "100095557928782",
            "count": 0,
            "name": "Người dùng facebook"
        },
        {
            "id": "100008989536188",
            "count": 0,
            "name": "Người dùng facebook"
        },
        {
            "id": "100089168355917",
            "count": 0,
            "name": "Người dùng facebook"
        },
        {
            "id": "100077603472246",
            "count": 0,
            "name": "Người dùng facebook"
        },
        {
            "id": "100088149957002",
            "count": 0,
            "name": "Người dùng facebook"
        },
        {
            "id": "100011410762061",
            "count": 0,
            "name": "Người dùng facebook"
        },
        {
            "id": "100055692919410",
            "count": 0,
            "name": "Người dùng facebook"
        },
        {
            "id": "100094243877374",
            "count": 0,
            "name": "Người dùng facebook"
        },
        {
            "id": "100050708131319",
            "count": 0,
            "name": "Người dùng facebook"
        },
        {
            "id": "100087678578046",
            "count": 0,
            "name": "Người dùng facebook"
        },
        {
            "id": "100077859794832",
            "count": 0,
            "name": "Người dùng facebook"
        },
        {
            "id": "100076759832870",
            "count": 0,
            "name": "Người dùng facebook"
        },
        {
            "id": "61557664556398",
            "count": 0,
            "name": "Người dùng facebook"
        },
        {
            "id": "61554882154008",
            "count": 0,
            "name": "Người dùng facebook"
        },
        {
            "id": "100037974510700",
            "count": 0,
            "name": "Người dùng facebook"
        },
        {
            "id": "61554152017932",
            "count": 0,
            "name": "Người dùng facebook"
        },
        {
            "id": "100082780547140",
            "count": 0,
            "name": "Người dùng facebook"
        },
        {
            "id": "100035432783065",
            "count": 0,
            "name": "Người dùng facebook"
        },
        {
            "id": "100088187202538",
            "count": 0,
            "name": "Người dùng facebook"
        },
        {
            "id": "61552078742090",
            "count": 0,
            "name": "Người dùng facebook"
        },
        {
            "id": "100054576279720",
            "count": 0,
            "name": "Người dùng facebook"
        },
        {
            "id": "100014727647483",
            "count": 0,
            "name": "Người dùng facebook"
        },
        {
            "id": "100093876722264",
            "count": 0,
            "name": "Người dùng facebook"
        },
        {
            "id": "100001088259197",
            "count": 0,
            "name": "Người dùng facebook"
        },
        {
            "id": "100050345598820",
            "count": 0,
            "name": "Người dùng facebook"
        },
        {
            "id": "61553994632055",
            "count": 0,
            "name": "Người dùng facebook"
        },
        {
            "id": "100074367441974",
            "count": 0,
            "name": "Người dùng facebook"
        },
        {
            "id": "100095663552545",
            "count": 0,
            "name": "Người dùng facebook"
        },
        {
            "id": "100087376764245",
            "count": 0,
            "name": "Người dùng facebook"
        },
        {
            "id": "100072988732441",
            "count": 0,
            "name": "Người dùng facebook"
        },
        {
            "id": "61553952884408",
            "count": 0,
            "name": "Người dùng facebook"
        },
        {
            "id": "100072096350431",
            "count": 0,
            "name": "Người dùng facebook"
        },
        {
            "id": "100038680000636",
            "count": 0,
            "name": "Người dùng facebook"
        },
        {
            "id": "100045055090071",
            "count": 0,
            "name": "Người dùng facebook"
        },
        {
            "id": "100080347324399",
            "count": 0,
            "name": "Người dùng facebook"
        },
        {
            "id": "61553589637780",
            "count": 0,
            "name": "Người dùng facebook"
        },
        {
            "id": "61555545027936",
            "count": 0,
            "name": "Người dùng facebook"
        },
        {
            "id": "100093389817459",
            "count": 0,
            "name": "Người dùng facebook"
        },
        {
            "id": "100080762027697",
            "count": 0,
            "name": "Người dùng facebook"
        },
        {
            "id": "100074261171722",
            "count": 0,
            "name": "Người dùng facebook"
        },
        {
            "id": "100065272027022",
            "count": 0,
            "name": "Người dùng facebook"
        },
        {
            "id": "100024018803921",
            "count": 0,
            "name": "Người dùng facebook"
        },
        {
            "id": "100053632176439",
            "count": 0,
            "name": "Người dùng facebook"
        },
        {
            "id": "100004401962601",
            "count": 0,
            "name": "Người dùng facebook"
        },
        {
            "id": "100084510806854",
            "count": 0,
            "name": "Người dùng facebook"
        },
        {
            "id": "100012620117907",
            "count": 0,
            "name": "Người dùng facebook"
        },
        {
            "id": "100081511423939",
            "count": 0,
            "name": "Người dùng facebook"
        },
        {
            "id": "100078856850974",
            "count": 0,
            "name": "Người dùng facebook"
        },
        {
            "id": "100091598015082",
            "count": 0,
            "name": "Người dùng facebook"
        },
        {
            "id": "100029501827611",
            "count": 0,
            "name": "Người dùng facebook"
        },
        {
            "id": "100064668114650",
            "count": 0,
            "name": "Người dùng facebook"
        },
        {
            "id": "100076683546874",
            "count": 0,
            "name": "Người dùng facebook"
        },
        {
            "id": "100088051064860",
            "count": 0,
            "name": "Người dùng facebook"
        },
        {
            "id": "100000618438981",
            "count": 0,
            "name": "Người dùng facebook"
        },
        {
            "id": "100030316517806",
            "count": 0,
            "name": "Người dùng facebook"
        },
        {
            "id": "100057165033174",
            "count": 0,
            "name": "Người dùng facebook"
        },
        {
            "id": "100085608671428",
            "count": 0,
            "name": "Người dùng facebook"
        },
        {
            "id": "100021815657778",
            "count": 0,
            "name": "Người dùng facebook"
        },
        {
            "id": "61550307440967",
            "count": 0,
            "name": "Người dùng facebook"
        },
        {
            "id": "100090097503505",
            "count": 0,
            "name": "Người dùng facebook"
        },
        {
            "id": "100080982730698",
            "count": 0,
            "name": "Người dùng facebook"
        },
        {
            "id": "100004547496897",
            "count": 0,
            "name": "Người dùng facebook"
        },
        {
            "id": "100081772254169",
            "count": 0,
            "name": "Người dùng facebook"
        },
        {
            "id": "100016929999420",
            "count": 0,
            "name": "Người dùng facebook"
        },
        {
            "id": "61552133297809",
            "count": 0,
            "name": "Người dùng facebook"
        },
        {
            "id": "100094784911055",
            "count": 0,
            "name": "Người dùng facebook"
        },
        {
            "id": "100075040934263",
            "count": 0,
            "name": "Người dùng facebook"
        },
        {
            "id": "100089883551589",
            "count": 0,
            "name": "Người dùng facebook"
        },
        {
            "id": "100074780514182",
            "count": 0,
            "name": "Người dùng facebook"
        },
        {
            "id": "100069709225787",
            "count": 0,
            "name": "Người dùng facebook"
        },
        {
            "id": "100034999114362",
            "count": 0,
            "name": "Người dùng facebook"
        },
        {
            "id": "100013108204649",
            "count": 0,
            "name": "Người dùng facebook"
        },
        {
            "id": "100082314198648",
            "count": 0,
            "name": "Người dùng facebook"
        },
        {
            "id": "100083840942985",
            "count": 0,
            "name": "Người dùng facebook"
        },
        {
            "id": "100000423317309",
            "count": 0,
            "name": "Người dùng facebook"
        },
        {
            "id": "100075738740046",
            "count": 0,
            "name": "Người dùng facebook"
        },
        {
            "id": "100073077375158",
            "count": 0,
            "name": "Người dùng facebook"
        },
        {
            "id": "100084911367120",
            "count": 0,
            "name": "Người dùng facebook"
        },
        {
            "id": "100074837977067",
            "count": 0,
            "name": "Người dùng facebook"
        },
        {
            "id": "100081165752501",
            "count": 0,
            "name": "Người dùng facebook"
        },
        {
            "id": "100080082848730",
            "count": 0,
            "name": "Người dùng facebook"
        },
        {
            "id": "100049604468359",
            "count": 0,
            "name": "Người dùng facebook"
        },
        {
            "id": "100087742205079",
            "count": 0,
            "name": "Người dùng facebook"
        },
        {
            "id": "100068262355899",
            "count": 0,
            "name": "Người dùng facebook"
        },
        {
            "id": "61556436687533",
            "count": 0,
            "name": "Người dùng facebook"
        },
        {
            "id": "100091627612972",
            "count": 0,
            "name": "Người dùng facebook"
        },
        {
            "id": "100068210258779",
            "count": 0,
            "name": "Người dùng facebook"
        },
        {
            "id": "100050999371837",
            "count": 0,
            "name": "Tiến Nguyễn"
        },
        {
            "id": "100075216610999",
            "count": 0,
            "name": "Hyouka Granger"
        },
        {
            "id": "100084041839249",
            "count": 0,
            "name": "Người dùng facebook"
        },
        {
            "id": "100041849017285",
            "count": 0,
            "name": "Người dùng facebook"
        },
        {
            "id": "100080594118160",
            "count": 0,
            "name": "Người dùng facebook"
        }
    ],
    "time": 5,
    "last": {
        "time": 0,
        "day": [
            {
                "id": "100065319608027",
                "count": 0
            },
            {
                "id": "100072175026288",
                "count": 0
            },
            {
                "id": "100095360926905",
                "count": 0
            },
            {
                "id": "100026956942142",
                "count": 0
            },
            {
                "id": "100082083454581",
                "count": 0
            },
            {
                "id": "100036334088672",
                "count": 0
            },
            {
                "id": "100083712030736",
                "count": 0
            },
            {
                "id": "100086551981707",
                "count": 0
            },
            {
                "id": "100075670461443",
                "count": 0
            },
            {
                "id": "100094243007082",
                "count": 0
            },
            {
                "id": "100095231988516",
                "count": 0
            },
            {
                "id": "61556014203038",
                "count": 0
            },
            {
                "id": "100023440234703",
                "count": 0
            },
            {
                "id": "61552042066550",
                "count": 0
            },
            {
                "id": "100094016040574",
                "count": 0
            },
            {
                "id": "61550613571386",
                "count": 0
            },
            {
                "id": "61557721071120",
                "count": 0
            },
            {
                "id": "100058763773841",
                "count": 0
            },
            {
                "id": "100094115569608",
                "count": 0
            },
            {
                "id": "100058374645281",
                "count": 0
            },
            {
                "id": "61550670112797",
                "count": 0
            },
            {
                "id": "100066794262345",
                "count": 0
            },
            {
                "id": "100093217115825",
                "count": 0
            },
            {
                "id": "100080749355273",
                "count": 0
            },
            {
                "id": "100087642523500",
                "count": 0
            },
            {
                "id": "100056394475525",
                "count": 0
            },
            {
                "id": "100077548747349",
                "count": 0
            },
            {
                "id": "100077673665132",
                "count": 0
            },
            {
                "id": "100088717723695",
                "count": 0
            },
            {
                "id": "100083245786520",
                "count": 0
            },
            {
                "id": "100089864958127",
                "count": 0
            },
            {
                "id": "61556759549537",
                "count": 0
            },
            {
                "id": "100029538170457",
                "count": 0
            },
            {
                "id": "100056364990835",
                "count": 0
            },
            {
                "id": "100088592873415",
                "count": 0
            },
            {
                "id": "61550753476399",
                "count": 0
            },
            {
                "id": "100010826526993",
                "count": 0
            },
            {
                "id": "61557746574443",
                "count": 0
            },
            {
                "id": "100094303639550",
                "count": 0
            },
            {
                "id": "100075410050074",
                "count": 0
            },
            {
                "id": "100013802141306",
                "count": 0
            },
            {
                "id": "100015405120843",
                "count": 0
            },
            {
                "id": "100093529377695",
                "count": 0
            },
            {
                "id": "100095557928782",
                "count": 0
            },
            {
                "id": "100008989536188",
                "count": 0
            },
            {
                "id": "100089168355917",
                "count": 0
            },
            {
                "id": "100077603472246",
                "count": 0
            },
            {
                "id": "100086051599114",
                "count": 0
            },
            {
                "id": "100088149957002",
                "count": 0
            },
            {
                "id": "100011410762061",
                "count": 0
            },
            {
                "id": "100055692919410",
                "count": 0
            },
            {
                "id": "100094243877374",
                "count": 0
            },
            {
                "id": "100050708131319",
                "count": 0
            },
            {
                "id": "100087678578046",
                "count": 0
            },
            {
                "id": "100077859794832",
                "count": 0
            },
            {
                "id": "100076759832870",
                "count": 0
            },
            {
                "id": "61557664556398",
                "count": 0
            },
            {
                "id": "61554882154008",
                "count": 0
            },
            {
                "id": "100037974510700",
                "count": 0
            },
            {
                "id": "61554152017932",
                "count": 0
            },
            {
                "id": "100082780547140",
                "count": 0
            },
            {
                "id": "100035432783065",
                "count": 0
            },
            {
                "id": "100088187202538",
                "count": 0
            },
            {
                "id": "61552078742090",
                "count": 0
            },
            {
                "id": "100054576279720",
                "count": 0
            },
            {
                "id": "100014727647483",
                "count": 0
            },
            {
                "id": "100093876722264",
                "count": 0
            },
            {
                "id": "100001088259197",
                "count": 0
            },
            {
                "id": "100050345598820",
                "count": 0
            },
            {
                "id": "61553994632055",
                "count": 0
            },
            {
                "id": "100074367441974",
                "count": 0
            },
            {
                "id": "100095663552545",
                "count": 0
            },
            {
                "id": "100087376764245",
                "count": 0
            },
            {
                "id": "100072988732441",
                "count": 0
            },
            {
                "id": "61553952884408",
                "count": 0
            },
            {
                "id": "100072096350431",
                "count": 0
            },
            {
                "id": "100038680000636",
                "count": 0
            },
            {
                "id": "100045055090071",
                "count": 0
            },
            {
                "id": "100080347324399",
                "count": 0
            },
            {
                "id": "61553589637780",
                "count": 0
            },
            {
                "id": "61555545027936",
                "count": 0
            },
            {
                "id": "100093389817459",
                "count": 0
            },
            {
                "id": "100080762027697",
                "count": 0
            },
            {
                "id": "100074261171722",
                "count": 0
            },
            {
                "id": "100065272027022",
                "count": 0
            },
            {
                "id": "100024018803921",
                "count": 0
            },
            {
                "id": "100053632176439",
                "count": 0
            },
            {
                "id": "100004401962601",
                "count": 0
            },
            {
                "id": "100084510806854",
                "count": 0
            },
            {
                "id": "100012620117907",
                "count": 0
            },
            {
                "id": "100081511423939",
                "count": 0
            },
            {
                "id": "61553050644765",
                "count": 0
            },
            {
                "id": "100078856850974",
                "count": 0
            },
            {
                "id": "100091598015082",
                "count": 0
            },
            {
                "id": "100029501827611",
                "count": 0
            },
            {
                "id": "100064668114650",
                "count": 0
            },
            {
                "id": "100076683546874",
                "count": 0
            },
            {
                "id": "100088051064860",
                "count": 0
            },
            {
                "id": "100000618438981",
                "count": 0
            },
            {
                "id": "100030316517806",
                "count": 0
            },
            {
                "id": "100057165033174",
                "count": 0
            },
            {
                "id": "100085608671428",
                "count": 0
            },
            {
                "id": "100021815657778",
                "count": 0
            },
            {
                "id": "61550307440967",
                "count": 0
            },
            {
                "id": "100090097503505",
                "count": 0
            },
            {
                "id": "100080982730698",
                "count": 0
            },
            {
                "id": "100004547496897",
                "count": 0
            },
            {
                "id": "100081772254169",
                "count": 0
            },
            {
                "id": "100016929999420",
                "count": 0
            },
            {
                "id": "100090097183499",
                "count": 0
            },
            {
                "id": "100006491558505",
                "count": 0
            },
            {
                "id": "100052497831770",
                "count": 0
            },
            {
                "id": "61552133297809",
                "count": 0
            },
            {
                "id": "100094784911055",
                "count": 0
            },
            {
                "id": "100075040934263",
                "count": 0
            },
            {
                "id": "100089883551589",
                "count": 0
            },
            {
                "id": "100074780514182",
                "count": 0
            },
            {
                "id": "100069709225787",
                "count": 0
            },
            {
                "id": "100034999114362",
                "count": 0
            },
            {
                "id": "100013108204649",
                "count": 0
            },
            {
                "id": "100082314198648",
                "count": 0
            },
            {
                "id": "100083840942985",
                "count": 0
            },
            {
                "id": "100000423317309",
                "count": 0
            },
            {
                "id": "100075738740046",
                "count": 0
            },
            {
                "id": "100073077375158",
                "count": 0
            },
            {
                "id": "100084911367120",
                "count": 0
            },
            {
                "id": "100074837977067",
                "count": 0
            },
            {
                "id": "100081165752501",
                "count": 0
            },
            {
                "id": "100080082848730",
                "count": 0
            },
            {
                "id": "100049604468359",
                "count": 0
            },
            {
                "id": "100087742205079",
                "count": 0
            },
            {
                "id": "100068262355899",
                "count": 0
            },
            {
                "id": "61556436687533",
                "count": 0
            },
            {
                "id": "100077729135519",
                "count": 0
            },
            {
                "id": "100091627612972",
                "count": 0
            },
            {
                "id": "100068210258779",
                "count": 0
            },
            {
                "id": "100050999371837",
                "count": 0
            },
            {
                "id": "100075216610999",
                "count": 0
            },
            {
                "id": "100035241396267",
                "count": 0
            },
            {
                "id": "100084041839249",
                "count": 0
            },
            {
                "id": "100041849017285",
                "count": 0
            },
            {
                "id": "100080594118160",
                "count": 0
            },
            {
                "id": "100077280463178",
                "count": 0
            }
        ],
        "week": [
            {
                "id": "100065319608027",
                "count": 0
            },
            {
                "id": "100072175026288",
                "count": 0
            },
            {
                "id": "100095360926905",
                "count": 0
            },
            {
                "id": "100026956942142",
                "count": 0
            },
            {
                "id": "100082083454581",
                "count": 0
            },
            {
                "id": "100036334088672",
                "count": 0
            },
            {
                "id": "100083712030736",
                "count": 0
            },
            {
                "id": "100086551981707",
                "count": 0
            },
            {
                "id": "100075670461443",
                "count": 0
            },
            {
                "id": "100094243007082",
                "count": 0
            },
            {
                "id": "100095231988516",
                "count": 0
            },
            {
                "id": "61556014203038",
                "count": 0
            },
            {
                "id": "100023440234703",
                "count": 0
            },
            {
                "id": "61552042066550",
                "count": 0
            },
            {
                "id": "100094016040574",
                "count": 0
            },
            {
                "id": "61550613571386",
                "count": 0
            },
            {
                "id": "61557721071120",
                "count": 0
            },
            {
                "id": "100058763773841",
                "count": 0
            },
            {
                "id": "100094115569608",
                "count": 0
            },
            {
                "id": "100058374645281",
                "count": 0
            },
            {
                "id": "61550670112797",
                "count": 0
            },
            {
                "id": "100066794262345",
                "count": 0
            },
            {
                "id": "100093217115825",
                "count": 0
            },
            {
                "id": "100080749355273",
                "count": 0
            },
            {
                "id": "100087642523500",
                "count": 0
            },
            {
                "id": "100056394475525",
                "count": 0
            },
            {
                "id": "100077548747349",
                "count": 0
            },
            {
                "id": "100077673665132",
                "count": 0
            },
            {
                "id": "100088717723695",
                "count": 0
            },
            {
                "id": "100083245786520",
                "count": 0
            },
            {
                "id": "100089864958127",
                "count": 0
            },
            {
                "id": "61556759549537",
                "count": 0
            },
            {
                "id": "100029538170457",
                "count": 0
            },
            {
                "id": "100056364990835",
                "count": 0
            },
            {
                "id": "100088592873415",
                "count": 0
            },
            {
                "id": "61550753476399",
                "count": 0
            },
            {
                "id": "100010826526993",
                "count": 0
            },
            {
                "id": "61557746574443",
                "count": 0
            },
            {
                "id": "100094303639550",
                "count": 0
            },
            {
                "id": "100075410050074",
                "count": 0
            },
            {
                "id": "100013802141306",
                "count": 0
            },
            {
                "id": "100015405120843",
                "count": 0
            },
            {
                "id": "100093529377695",
                "count": 0
            },
            {
                "id": "100095557928782",
                "count": 0
            },
            {
                "id": "100008989536188",
                "count": 0
            },
            {
                "id": "100089168355917",
                "count": 0
            },
            {
                "id": "100077603472246",
                "count": 0
            },
            {
                "id": "100086051599114",
                "count": 0
            },
            {
                "id": "100088149957002",
                "count": 0
            },
            {
                "id": "100011410762061",
                "count": 0
            },
            {
                "id": "100055692919410",
                "count": 0
            },
            {
                "id": "100094243877374",
                "count": 0
            },
            {
                "id": "100050708131319",
                "count": 0
            },
            {
                "id": "100087678578046",
                "count": 0
            },
            {
                "id": "100077859794832",
                "count": 0
            },
            {
                "id": "100076759832870",
                "count": 0
            },
            {
                "id": "61557664556398",
                "count": 0
            },
            {
                "id": "61554882154008",
                "count": 0
            },
            {
                "id": "100037974510700",
                "count": 0
            },
            {
                "id": "61554152017932",
                "count": 0
            },
            {
                "id": "100082780547140",
                "count": 0
            },
            {
                "id": "100035432783065",
                "count": 0
            },
            {
                "id": "100088187202538",
                "count": 0
            },
            {
                "id": "61552078742090",
                "count": 0
            },
            {
                "id": "100054576279720",
                "count": 0
            },
            {
                "id": "100014727647483",
                "count": 0
            },
            {
                "id": "100093876722264",
                "count": 0
            },
            {
                "id": "100001088259197",
                "count": 0
            },
            {
                "id": "100050345598820",
                "count": 0
            },
            {
                "id": "61553994632055",
                "count": 0
            },
            {
                "id": "100074367441974",
                "count": 0
            },
            {
                "id": "100095663552545",
                "count": 0
            },
            {
                "id": "100087376764245",
                "count": 0
            },
            {
                "id": "100072988732441",
                "count": 0
            },
            {
                "id": "61553952884408",
                "count": 0
            },
            {
                "id": "100072096350431",
                "count": 0
            },
            {
                "id": "100038680000636",
                "count": 0
            },
            {
                "id": "100045055090071",
                "count": 0
            },
            {
                "id": "100080347324399",
                "count": 0
            },
            {
                "id": "61553589637780",
                "count": 0
            },
            {
                "id": "61555545027936",
                "count": 0
            },
            {
                "id": "100093389817459",
                "count": 0
            },
            {
                "id": "100080762027697",
                "count": 0
            },
            {
                "id": "100074261171722",
                "count": 0
            },
            {
                "id": "100065272027022",
                "count": 0
            },
            {
                "id": "100024018803921",
                "count": 0
            },
            {
                "id": "100053632176439",
                "count": 0
            },
            {
                "id": "100004401962601",
                "count": 0
            },
            {
                "id": "100084510806854",
                "count": 0
            },
            {
                "id": "100012620117907",
                "count": 0
            },
            {
                "id": "100081511423939",
                "count": 0
            },
            {
                "id": "61553050644765",
                "count": 0
            },
            {
                "id": "100078856850974",
                "count": 0
            },
            {
                "id": "100091598015082",
                "count": 0
            },
            {
                "id": "100029501827611",
                "count": 0
            },
            {
                "id": "100064668114650",
                "count": 0
            },
            {
                "id": "100076683546874",
                "count": 0
            },
            {
                "id": "100088051064860",
                "count": 0
            },
            {
                "id": "100000618438981",
                "count": 0
            },
            {
                "id": "100030316517806",
                "count": 0
            },
            {
                "id": "100057165033174",
                "count": 0
            },
            {
                "id": "100085608671428",
                "count": 0
            },
            {
                "id": "100021815657778",
                "count": 0
            },
            {
                "id": "61550307440967",
                "count": 0
            },
            {
                "id": "100090097503505",
                "count": 0
            },
            {
                "id": "100080982730698",
                "count": 0
            },
            {
                "id": "100004547496897",
                "count": 0
            },
            {
                "id": "100081772254169",
                "count": 0
            },
            {
                "id": "100016929999420",
                "count": 0
            },
            {
                "id": "100090097183499",
                "count": 0
            },
            {
                "id": "100006491558505",
                "count": 0
            },
            {
                "id": "100052497831770",
                "count": 0
            },
            {
                "id": "61552133297809",
                "count": 0
            },
            {
                "id": "100094784911055",
                "count": 0
            },
            {
                "id": "100075040934263",
                "count": 0
            },
            {
                "id": "100089883551589",
                "count": 0
            },
            {
                "id": "100074780514182",
                "count": 0
            },
            {
                "id": "100069709225787",
                "count": 0
            },
            {
                "id": "100034999114362",
                "count": 0
            },
            {
                "id": "100013108204649",
                "count": 0
            },
            {
                "id": "100082314198648",
                "count": 0
            },
            {
                "id": "100083840942985",
                "count": 0
            },
            {
                "id": "100000423317309",
                "count": 0
            },
            {
                "id": "100075738740046",
                "count": 0
            },
            {
                "id": "100073077375158",
                "count": 0
            },
            {
                "id": "100084911367120",
                "count": 0
            },
            {
                "id": "100074837977067",
                "count": 0
            },
            {
                "id": "100081165752501",
                "count": 0
            },
            {
                "id": "100080082848730",
                "count": 0
            },
            {
                "id": "100049604468359",
                "count": 0
            },
            {
                "id": "100087742205079",
                "count": 0
            },
            {
                "id": "100068262355899",
                "count": 0
            },
            {
                "id": "61556436687533",
                "count": 0
            },
            {
                "id": "100077729135519",
                "count": 0
            },
            {
                "id": "100091627612972",
                "count": 0
            },
            {
                "id": "100068210258779",
                "count": 0
            },
            {
                "id": "100050999371837",
                "count": 0
            },
            {
                "id": "100075216610999",
                "count": 0
            },
            {
                "id": "100035241396267",
                "count": 0
            },
            {
                "id": "100084041839249",
                "count": 0
            },
            {
                "id": "100041849017285",
                "count": 0
            },
            {
                "id": "100080594118160",
                "count": 0
            },
            {
                "id": "100077280463178",
                "count": 0
            }
        ]
    }
}