{
    "total": [
        {
            "id": "832704028",
            "count": 32
        },
        {
            "id": "61556902692726",
            "count": 0
        },
        {
            "id": "100050999371837",
            "count": 20
        },
        {
            "id": "61551063459752",
            "count": 13
        },
        {
            "id": "100075216610999",
            "count": 76
        }
    ],
    "week": [
        {
            "id": "832704028",
            "count": 0,
            "name": "Người dùng facebook"
        },
        {
            "id": "61556902692726",
            "count": 0,
            "name": "Tèo Đây"
        },
        {
            "id": "100050999371837",
            "count": 0,
            "name": "Tiến Nguyễn"
        },
        {
            "id": "61551063459752",
            "count": 0,
            "name": "Người dùng facebook"
        },
        {
            "id": "100075216610999",
            "count": 0,
            "name": "Hyouka Granger"
        }
    ],
    "day": [
        {
            "id": "832704028",
            "count": 0,
            "name": "Người dùng facebook"
        },
        {
            "id": "61556902692726",
            "count": 0,
            "name": "Tèo Đây"
        },
        {
            "id": "100050999371837",
            "count": 0,
            "name": "Tiến Nguyễn"
        },
        {
            "id": "61551063459752",
            "count": 0,
            "name": "Người dùng facebook"
        },
        {
            "id": "100075216610999",
            "count": 0,
            "name": "Hyouka Granger"
        }
    ],
    "time": 5,
    "last": {
        "time": 2,
        "day": [
            {
                "id": "832704028",
                "count": 0
            },
            {
                "id": "61556902692726",
                "count": 0
            },
            {
                "id": "100050999371837",
                "count": 0
            },
            {
                "id": "61551063459752",
                "count": 0
            },
            {
                "id": "100075216610999",
                "count": 0
            }
        ],
        "week": [
            {
                "id": "832704028",
                "count": 0
            },
            {
                "id": "61556902692726",
                "count": 0
            },
            {
                "id": "100050999371837",
                "count": 0
            },
            {
                "id": "61551063459752",
                "count": 0
            },
            {
                "id": "100075216610999",
                "count": 0
            }
        ]
    }
}