{
    "total": [
        {
            "id": "100013467979376",
            "count": 153
        },
        {
            "id": "100076756176687",
            "count": 8
        },
        {
            "id": "61551814800929",
            "count": 12
        },
        {
            "id": "100079209277166",
            "count": 39
        },
        {
            "id": "100087337110749",
            "count": 11
        },
        {
            "id": "100071670588406",
            "count": 819
        },
        {
            "id": "100024020619233",
            "count": 185
        },
        {
            "id": "100082456364789",
            "count": 2
        },
        {
            "id": "100027043860549",
            "count": 275
        },
        {
            "id": "100086223973007",
            "count": 2013
        },
        {
            "id": "100077077383334",
            "count": 0
        },
        {
            "id": "100073301618761",
            "count": 120
        },
        {
            "id": "100092539573485",
            "count": 2
        },
        {
            "id": "100071244065545",
            "count": 253
        },
        {
            "id": "100050070181302",
            "count": 62
        },
        {
            "id": "100078738729314",
            "count": 18
        },
        {
            "id": "100081068154822",
            "count": 0
        },
        {
            "id": "100073713820257",
            "count": 0
        },
        {
            "id": "100082416487508",
            "count": 29
        },
        {
            "id": "100061974177270",
            "count": 693
        },
        {
            "id": "100077162244471",
            "count": 58
        },
        {
            "id": "100075216610999",
            "count": 384
        },
        {
            "id": "100076781052536",
            "count": 697
        },
        {
            "id": "100069713443947",
            "count": 859
        },
        {
            "id": "100076951161737",
            "count": 27
        },
        {
            "id": "100068231147813",
            "count": 763
        },
        {
            "id": "100095030053428",
            "count": 14
        },
        {
            "id": "100053657677551",
            "count": 211
        },
        {
            "id": "100057025868501",
            "count": 634
        },
        {
            "id": "100070294427154",
            "count": 594
        },
        {
            "id": "61555363606314",
            "count": 279
        },
        {
            "id": "100090188027893",
            "count": 2001
        },
        {
            "id": "100029909805336",
            "count": 126
        },
        {
            "id": "100006554829217",
            "count": 9
        },
        {
            "id": "100017782360696",
            "count": 108
        },
        {
            "id": "61558505523635",
            "count": 74
        },
        {
            "id": "100079053506908",
            "count": 9
        },
        {
            "id": "100054281505534",
            "count": 189
        },
        {
            "id": "100031609898365",
            "count": 175
        },
        {
            "id": "100093444708019",
            "count": 0
        },
        {
            "id": "100075837063936",
            "count": 13
        },
        {
            "id": "100079194385848",
            "count": 0
        },
        {
            "id": "100024870432846",
            "count": 21
        },
        {
            "id": "100070025592872",
            "count": 13
        },
        {
            "id": "100081521352454",
            "count": 40
        }
    ],
    "week": [
        {
            "id": "100013467979376",
            "count": 108,
            "name": "Phương Thảo"
        },
        {
            "id": "100076756176687",
            "count": 6,
            "name": "Thắm Phạm"
        },
        {
            "id": "61551814800929",
            "count": 0,
            "name": "Yen Nhi Ngocc"
        },
        {
            "id": "100079209277166",
            "count": 13,
            "name": "Tr Ngoc Thao Linh"
        },
        {
            "id": "100087337110749",
            "count": 11,
            "name": "Hiếu Mã"
        },
        {
            "id": "100071670588406",
            "count": 527,
            "name": "Tấn Tài"
        },
        {
            "id": "100024020619233",
            "count": 34,
            "name": "Cao Bá Việt"
        },
        {
            "id": "100082456364789",
            "count": 0,
            "name": "Duc Anhh"
        },
        {
            "id": "100027043860549",
            "count": 223,
            "name": "Huỳnh Như"
        },
        {
            "id": "100086223973007",
            "count": 737,
            "name": "Nguyen Gia Ngan"
        },
        {
            "id": "100077077383334",
            "count": 0,
            "name": "PH Công"
        },
        {
            "id": "100073301618761",
            "count": 10,
            "name": "Nguyễn Quân"
        },
        {
            "id": "100092539573485",
            "count": 1,
            "name": "Tô Triết"
        },
        {
            "id": "100071244065545",
            "count": 83,
            "name": "Ng Khanh Ngoc"
        },
        {
            "id": "100050070181302",
            "count": 44,
            "name": "Tra Myy"
        },
        {
            "id": "100078738729314",
            "count": 13,
            "name": "Đặng Phúc"
        },
        {
            "id": "100081068154822",
            "count": 0,
            "name": "Nguyễn Vinhh"
        },
        {
            "id": "100073713820257",
            "count": 0,
            "name": "Thị Hoàng"
        },
        {
            "id": "100082416487508",
            "count": 2,
            "name": "Uyên Nguyễn"
        },
        {
            "id": "100061974177270",
            "count": 266,
            "name": "Ph Khanh Bang"
        },
        {
            "id": "100077162244471",
            "count": 11,
            "name": "Nguyen Manh Dung"
        },
        {
            "id": "100075216610999",
            "count": 151,
            "name": "Hyouka Granger"
        },
        {
            "id": "100076781052536",
            "count": 57,
            "name": "Ng Thu Hien"
        },
        {
            "id": "100069713443947",
            "count": 466,
            "name": "Đặng Trung Nghĩa"
        },
        {
            "id": "100076951161737",
            "count": 21,
            "name": "Nguyệt Ánh"
        },
        {
            "id": "100068231147813",
            "count": 745,
            "name": "Nguyễn Long"
        },
        {
            "id": "100095030053428",
            "count": 14,
            "name": "Người dùng facebook"
        },
        {
            "id": "100053657677551",
            "count": 166,
            "name": "Thanh Ngọc"
        },
        {
            "id": "100057025868501",
            "count": 505,
            "name": "Phúc Hậu"
        },
        {
            "id": "100070294427154",
            "count": 563,
            "name": "Phươngg Uyênn"
        },
        {
            "id": "61555363606314",
            "count": 219,
            "name": "Nguyễn Phi"
        },
        {
            "id": "100090188027893",
            "count": 2001
        },
        {
            "id": "100029909805336",
            "count": 126
        },
        {
            "id": "100006554829217",
            "count": 9
        },
        {
            "id": "100017782360696",
            "count": 108
        },
        {
            "id": "61558505523635",
            "count": 74
        },
        {
            "id": "100079053506908",
            "count": 9
        },
        {
            "id": "100054281505534",
            "count": 189
        },
        {
            "id": "100031609898365",
            "count": 175
        },
        {
            "id": "100093444708019",
            "count": 0
        },
        {
            "id": "100075837063936",
            "count": 13
        },
        {
            "id": "100079194385848",
            "count": 0
        },
        {
            "id": "100024870432846",
            "count": 21
        },
        {
            "id": "100070025592872",
            "count": 13
        },
        {
            "id": "100081521352454",
            "count": 40
        }
    ],
    "day": [
        {
            "id": "100013467979376",
            "count": 10,
            "name": "Phương Thảo"
        },
        {
            "id": "100076756176687",
            "count": 0,
            "name": "Thắm Phạm"
        },
        {
            "id": "61551814800929",
            "count": 0,
            "name": "Yen Nhi Ngocc"
        },
        {
            "id": "100079209277166",
            "count": 0,
            "name": "Tr Ngoc Thao Linh"
        },
        {
            "id": "100087337110749",
            "count": 1,
            "name": "Hiếu Mã"
        },
        {
            "id": "100071670588406",
            "count": 23,
            "name": "Tấn Tài"
        },
        {
            "id": "100024020619233",
            "count": 0,
            "name": "Cao Bá Việt"
        },
        {
            "id": "100082456364789",
            "count": 0,
            "name": "Người dùng facebook"
        },
        {
            "id": "100027043860549",
            "count": 3,
            "name": "Huỳnh Như"
        },
        {
            "id": "100086223973007",
            "count": 55,
            "name": "Nguyen Gia Ngan"
        },
        {
            "id": "100077077383334",
            "count": 0,
            "name": "PH Công"
        },
        {
            "id": "100073301618761",
            "count": 0,
            "name": "Nguyễn Quân"
        },
        {
            "id": "100092539573485",
            "count": 0,
            "name": "Tô Triết"
        },
        {
            "id": "100071244065545",
            "count": 0,
            "name": "Ng Khanh Ngoc"
        },
        {
            "id": "100050070181302",
            "count": 3,
            "name": "Tra Myy"
        },
        {
            "id": "100078738729314",
            "count": 0,
            "name": "Đặng Phúc"
        },
        {
            "id": "100081068154822",
            "count": 0,
            "name": "Nguyễn Vinhh"
        },
        {
            "id": "100073713820257",
            "count": 0,
            "name": "Thị Hoàng"
        },
        {
            "id": "100082416487508",
            "count": 0,
            "name": "Uyên Nguyễn"
        },
        {
            "id": "100061974177270",
            "count": 24,
            "name": "Ph Khanh Bang"
        },
        {
            "id": "100077162244471",
            "count": 1,
            "name": "Nguyen Manh Dung"
        },
        {
            "id": "100075216610999",
            "count": 17,
            "name": "Hyouka Granger"
        },
        {
            "id": "100076781052536",
            "count": 0,
            "name": "Ng Thu Hien"
        },
        {
            "id": "100069713443947",
            "count": 47,
            "name": "Đặng Trung Nghĩa"
        },
        {
            "id": "100076951161737",
            "count": 2,
            "name": "Nguyệt Ánh"
        },
        {
            "id": "100068231147813",
            "count": 8,
            "name": "Nguyễn Long"
        },
        {
            "id": "100095030053428",
            "count": 0,
            "name": "Thinh Vo"
        },
        {
            "id": "100053657677551",
            "count": 15,
            "name": "Thanh Ngọc"
        },
        {
            "id": "100057025868501",
            "count": 1,
            "name": "Phúc Hậu"
        },
        {
            "id": "100070294427154",
            "count": 7,
            "name": "Phươngg Uyênn"
        },
        {
            "id": "61555363606314",
            "count": 3,
            "name": "Nguyễn Phi"
        },
        {
            "id": "100090188027893",
            "count": 191,
            "name": "Lê Đạt Thành"
        },
        {
            "id": "100029909805336",
            "count": 2,
            "name": "Khả Minh"
        },
        {
            "id": "100006554829217",
            "count": 0,
            "name": "Hoàng Thanh Tâm"
        },
        {
            "id": "100017782360696",
            "count": 12,
            "name": "Hoàng Minh Hiếu"
        },
        {
            "id": "61558505523635",
            "count": 6,
            "name": "Hoàng Đức Huy"
        },
        {
            "id": "100079053506908",
            "count": 0,
            "name": "Trịnh Nam"
        },
        {
            "id": "100054281505534",
            "count": 21,
            "name": "Tuấn Văn"
        },
        {
            "id": "100031609898365",
            "count": 57,
            "name": "Đình Trường"
        },
        {
            "id": "100093444708019",
            "count": 0,
            "name": "Người dùng facebook"
        },
        {
            "id": "100075837063936",
            "count": 11,
            "name": "Phạm Điệp"
        },
        {
            "id": "100079194385848",
            "count": 0,
            "name": "Người dùng facebook"
        },
        {
            "id": "100024870432846",
            "count": 3,
            "name": "Le Thi Ngoc Tram"
        },
        {
            "id": "100070025592872",
            "count": 0,
            "name": "Ph Hung"
        },
        {
            "id": "100081521352454",
            "count": 18,
            "name": "Nguyên Trần"
        }
    ],
    "time": 5,
    "last": {
        "time": 1,
        "day": [
            {
                "id": "100013467979376",
                "count": 0
            },
            {
                "id": "100070025592872",
                "count": 0
            },
            {
                "id": "100076756176687",
                "count": 0
            },
            {
                "id": "100040668279242",
                "count": 0
            },
            {
                "id": "61551814800929",
                "count": 0
            },
            {
                "id": "100078777078495",
                "count": 0
            },
            {
                "id": "100069713443947",
                "count": 0
            },
            {
                "id": "100011481014596",
                "count": 0
            },
            {
                "id": "100069258902589",
                "count": 0
            },
            {
                "id": "61554576087521",
                "count": 0
            },
            {
                "id": "100079209277166",
                "count": 0
            },
            {
                "id": "100087337110749",
                "count": 0
            },
            {
                "id": "100079194385848",
                "count": 0
            },
            {
                "id": "61555363606314",
                "count": 0
            },
            {
                "id": "100081311305959",
                "count": 0
            },
            {
                "id": "100070294427154",
                "count": 0
            },
            {
                "id": "100080660240726",
                "count": 0
            },
            {
                "id": "100081007194856",
                "count": 0
            },
            {
                "id": "100071670588406",
                "count": 0
            },
            {
                "id": "100024020619233",
                "count": 0
            },
            {
                "id": "100093050791803",
                "count": 0
            },
            {
                "id": "100082456364789",
                "count": 0
            },
            {
                "id": "100062895646255",
                "count": 0
            },
            {
                "id": "100027043860549",
                "count": 0
            },
            {
                "id": "100086223973007",
                "count": 0
            },
            {
                "id": "100053504707634",
                "count": 0
            },
            {
                "id": "100077077383334",
                "count": 0
            },
            {
                "id": "100063738188321",
                "count": 0
            },
            {
                "id": "100073301618761",
                "count": 0
            },
            {
                "id": "100092539573485",
                "count": 0
            },
            {
                "id": "100056376231535",
                "count": 0
            },
            {
                "id": "100072235670911",
                "count": 0
            },
            {
                "id": "100091878456275",
                "count": 0
            },
            {
                "id": "61552090565606",
                "count": 0
            },
            {
                "id": "61555364784352",
                "count": 0
            },
            {
                "id": "100071244065545",
                "count": 0
            },
            {
                "id": "100003092172554",
                "count": 0
            },
            {
                "id": "100050070181302",
                "count": 0
            },
            {
                "id": "100074867826970",
                "count": 0
            },
            {
                "id": "100078738729314",
                "count": 0
            },
            {
                "id": "100080062084481",
                "count": 0
            },
            {
                "id": "100081068154822",
                "count": 0
            },
            {
                "id": "100073713820257",
                "count": 0
            },
            {
                "id": "100082416487508",
                "count": 0
            },
            {
                "id": "100092692429450",
                "count": 0
            },
            {
                "id": "100061974177270",
                "count": 0
            },
            {
                "id": "100058694446859",
                "count": 0
            },
            {
                "id": "100077162244471",
                "count": 0
            },
            {
                "id": "100075216610999",
                "count": 0
            },
            {
                "id": "100074418761837",
                "count": 0
            },
            {
                "id": "61558336045605",
                "count": 0
            },
            {
                "id": "100040261965472",
                "count": 0
            },
            {
                "id": "100076781052536",
                "count": 0
            },
            {
                "id": "100072906695888",
                "count": 0
            },
            {
                "id": "61556604745246",
                "count": 0
            },
            {
                "id": "100089832933189",
                "count": 0
            },
            {
                "id": "100091916540835",
                "count": 0
            },
            {
                "id": "100076951161737",
                "count": 0
            },
            {
                "id": "100073634993075",
                "count": 0
            },
            {
                "id": "100068231147813",
                "count": 0
            },
            {
                "id": "100068846544308",
                "count": 0
            },
            {
                "id": "100095030053428",
                "count": 0
            },
            {
                "id": "100090188027893",
                "count": 0
            },
            {
                "id": "100053657677551",
                "count": 0
            },
            {
                "id": "100057025868501",
                "count": 0
            },
            {
                "id": "100031182451238",
                "count": 0
            },
            {
                "id": "100029909805336",
                "count": 0
            },
            {
                "id": "100006554829217",
                "count": 0
            },
            {
                "id": "100017782360696",
                "count": 0
            },
            {
                "id": "61558505523635",
                "count": 0
            },
            {
                "id": "100079053506908",
                "count": 0
            },
            {
                "id": "100054281505534",
                "count": 0
            },
            {
                "id": "100031609898365",
                "count": 0
            },
            {
                "id": "100093444708019",
                "count": 0
            },
            {
                "id": "100075837063936",
                "count": 0
            },
            {
                "id": "100024870432846",
                "count": 0
            },
            {
                "id": "100081521352454",
                "count": 0
            }
        ],
        "week": [
            {
                "id": "100013467979376",
                "count": 0
            },
            {
                "id": "100070025592872",
                "count": 0
            },
            {
                "id": "100076756176687",
                "count": 0
            },
            {
                "id": "100040668279242",
                "count": 0
            },
            {
                "id": "61551814800929",
                "count": 0
            },
            {
                "id": "100078777078495",
                "count": 0
            },
            {
                "id": "100069713443947",
                "count": 0
            },
            {
                "id": "100011481014596",
                "count": 0
            },
            {
                "id": "100069258902589",
                "count": 0
            },
            {
                "id": "61554576087521",
                "count": 0
            },
            {
                "id": "100079209277166",
                "count": 0
            },
            {
                "id": "100087337110749",
                "count": 0
            },
            {
                "id": "100079194385848",
                "count": 0
            },
            {
                "id": "61555363606314",
                "count": 0
            },
            {
                "id": "100081311305959",
                "count": 0
            },
            {
                "id": "100070294427154",
                "count": 0
            },
            {
                "id": "100080660240726",
                "count": 0
            },
            {
                "id": "100081007194856",
                "count": 0
            },
            {
                "id": "100071670588406",
                "count": 0
            },
            {
                "id": "100024020619233",
                "count": 0
            },
            {
                "id": "100093050791803",
                "count": 0
            },
            {
                "id": "100082456364789",
                "count": 0
            },
            {
                "id": "100062895646255",
                "count": 0
            },
            {
                "id": "100027043860549",
                "count": 0
            },
            {
                "id": "100086223973007",
                "count": 0
            },
            {
                "id": "100053504707634",
                "count": 0
            },
            {
                "id": "100077077383334",
                "count": 0
            },
            {
                "id": "100063738188321",
                "count": 0
            },
            {
                "id": "100073301618761",
                "count": 0
            },
            {
                "id": "100092539573485",
                "count": 0
            },
            {
                "id": "100056376231535",
                "count": 0
            },
            {
                "id": "100072235670911",
                "count": 0
            },
            {
                "id": "100091878456275",
                "count": 0
            },
            {
                "id": "61552090565606",
                "count": 0
            },
            {
                "id": "61555364784352",
                "count": 0
            },
            {
                "id": "100071244065545",
                "count": 0
            },
            {
                "id": "100003092172554",
                "count": 0
            },
            {
                "id": "100050070181302",
                "count": 0
            },
            {
                "id": "100074867826970",
                "count": 0
            },
            {
                "id": "100078738729314",
                "count": 0
            },
            {
                "id": "100080062084481",
                "count": 0
            },
            {
                "id": "100081068154822",
                "count": 0
            },
            {
                "id": "100073713820257",
                "count": 0
            },
            {
                "id": "100082416487508",
                "count": 0
            },
            {
                "id": "100092692429450",
                "count": 0
            },
            {
                "id": "100061974177270",
                "count": 0
            },
            {
                "id": "100058694446859",
                "count": 0
            },
            {
                "id": "100077162244471",
                "count": 0
            },
            {
                "id": "100075216610999",
                "count": 0
            },
            {
                "id": "100074418761837",
                "count": 0
            },
            {
                "id": "61558336045605",
                "count": 0
            },
            {
                "id": "100040261965472",
                "count": 0
            },
            {
                "id": "100076781052536",
                "count": 0
            },
            {
                "id": "100072906695888",
                "count": 0
            },
            {
                "id": "61556604745246",
                "count": 0
            },
            {
                "id": "100089832933189",
                "count": 0
            },
            {
                "id": "100091916540835",
                "count": 0
            },
            {
                "id": "100076951161737",
                "count": 0
            },
            {
                "id": "100073634993075",
                "count": 0
            },
            {
                "id": "100068231147813",
                "count": 0
            },
            {
                "id": "100068846544308",
                "count": 0
            },
            {
                "id": "100095030053428",
                "count": 0
            },
            {
                "id": "100090188027893",
                "count": 0
            },
            {
                "id": "100053657677551",
                "count": 0
            },
            {
                "id": "100057025868501",
                "count": 0
            },
            {
                "id": "100031182451238",
                "count": 0
            },
            {
                "id": "100029909805336",
                "count": 0
            },
            {
                "id": "100006554829217",
                "count": 0
            },
            {
                "id": "100017782360696",
                "count": 0
            },
            {
                "id": "61558505523635",
                "count": 0
            },
            {
                "id": "100079053506908",
                "count": 0
            },
            {
                "id": "100054281505534",
                "count": 0
            },
            {
                "id": "100031609898365",
                "count": 0
            },
            {
                "id": "100093444708019",
                "count": 0
            },
            {
                "id": "100075837063936",
                "count": 0
            },
            {
                "id": "100024870432846",
                "count": 0
            },
            {
                "id": "100081521352454",
                "count": 0
            }
        ]
    }
}