{
    "total": [
        {
            "id": "61556645603466",
            "count": 132
        },
        {
            "id": "100075216610999",
            "count": 43
        },
        {
            "id": "100050999371837",
            "count": 79
        },
        {
            "id": "100059454822702",
            "count": 29
        }
    ],
    "week": [
        {
            "id": "61556645603466",
            "count": 132
        },
        {
            "id": "100075216610999",
            "count": 43
        },
        {
            "id": "100050999371837",
            "count": 79
        },
        {
            "id": "100059454822702",
            "count": 29
        }
    ],
    "day": [
        {
            "id": "61556645603466",
            "count": 51,
            "name": "Nguyễn Duy Mạnh Hùng"
        },
        {
            "id": "100075216610999",
            "count": 9,
            "name": "Hyouka Granger"
        },
        {
            "id": "100050999371837",
            "count": 4,
            "name": "Tiến Nguyễn"
        },
        {
            "id": "100059454822702",
            "count": 24,
            "name": "Le Trung Hieu"
        }
    ],
    "time": 5,
    "last": {
        "time": 4,
        "day": [
            {
                "id": "61556645603466",
                "count": 0
            },
            {
                "id": "100075216610999",
                "count": 0
            },
            {
                "id": "100050999371837",
                "count": 0
            },
            {
                "id": "100073311773326",
                "count": 0
            },
            {
                "id": "100059454822702",
                "count": 0
            }
        ],
        "week": [
            {
                "id": "61556645603466",
                "count": 0
            },
            {
                "id": "100075216610999",
                "count": 0
            },
            {
                "id": "100050999371837",
                "count": 0
            },
            {
                "id": "100073311773326",
                "count": 0
            },
            {
                "id": "100059454822702",
                "count": 0
            }
        ]
    }
}