{
    "total": [
        {
            "id": "100041079390776",
            "count": 668
        },
        {
            "id": "100087114740054",
            "count": 12
        },
        {
            "id": "61551050194339",
            "count": 2111
        },
        {
            "id": "61557432568015",
            "count": 16
        },
        {
            "id": "61554282431756",
            "count": 0
        },
        {
            "id": "100082223017215",
            "count": 1
        },
        {
            "id": "100047506606423",
            "count": 1206
        },
        {
            "id": "100067587385948",
            "count": 40
        },
        {
            "id": "100078153767794",
            "count": 153
        },
        {
            "id": "61554344047549",
            "count": 0
        },
        {
            "id": "100084415374893",
            "count": 31
        },
        {
            "id": "100063655637557",
            "count": 0
        },
        {
            "id": "100089040009647",
            "count": 381
        },
        {
            "id": "100081815394151",
            "count": 798
        },
        {
            "id": "100088459968822",
            "count": 7
        },
        {
            "id": "100077823625722",
            "count": 0
        },
        {
            "id": "100077695195951",
            "count": 577
        },
        {
            "id": "100036042401152",
            "count": 0
        },
        {
            "id": "100090561346466",
            "count": 0
        },
        {
            "id": "100015339609469",
            "count": 0
        },
        {
            "id": "100067774890501",
            "count": 5
        },
        {
            "id": "61554387523411",
            "count": 0
        },
        {
            "id": "100087809457626",
            "count": 0
        },
        {
            "id": "100095129570309",
            "count": 31
        },
        {
            "id": "100094393925122",
            "count": 419
        },
        {
            "id": "100094655349307",
            "count": 5
        },
        {
            "id": "100075216610999",
            "count": 1280
        },
        {
            "id": "61558387767247",
            "count": 0
        },
        {
            "id": "100037582177670",
            "count": 2
        },
        {
            "id": "100079363983890",
            "count": 21
        },
        {
            "id": "100041546267744",
            "count": 680
        },
        {
            "id": "100069064857261",
            "count": 3
        },
        {
            "id": "100074416890117",
            "count": 605
        },
        {
            "id": "61557599305219",
            "count": 88
        },
        {
            "id": "100074999943442",
            "count": 606
        },
        {
            "id": "100039648833476",
            "count": 4
        },
        {
            "id": "100064015188208",
            "count": 11
        }
    ],
    "week": [
        {
            "id": "100041079390776",
            "count": 668
        },
        {
            "id": "100087114740054",
            "count": 12
        },
        {
            "id": "61551050194339",
            "count": 2111
        },
        {
            "id": "61557432568015",
            "count": 16
        },
        {
            "id": "61554282431756",
            "count": 0
        },
        {
            "id": "100082223017215",
            "count": 1
        },
        {
            "id": "100047506606423",
            "count": 1206
        },
        {
            "id": "100067587385948",
            "count": 40
        },
        {
            "id": "100078153767794",
            "count": 153
        },
        {
            "id": "61554344047549",
            "count": 0
        },
        {
            "id": "100084415374893",
            "count": 31
        },
        {
            "id": "100063655637557",
            "count": 0
        },
        {
            "id": "100089040009647",
            "count": 381
        },
        {
            "id": "100081815394151",
            "count": 798
        },
        {
            "id": "100088459968822",
            "count": 7
        },
        {
            "id": "100077823625722",
            "count": 0
        },
        {
            "id": "100077695195951",
            "count": 577
        },
        {
            "id": "100036042401152",
            "count": 0
        },
        {
            "id": "100090561346466",
            "count": 0
        },
        {
            "id": "100015339609469",
            "count": 0
        },
        {
            "id": "100067774890501",
            "count": 5
        },
        {
            "id": "61554387523411",
            "count": 0
        },
        {
            "id": "100087809457626",
            "count": 0
        },
        {
            "id": "100095129570309",
            "count": 31
        },
        {
            "id": "100094393925122",
            "count": 419
        },
        {
            "id": "100094655349307",
            "count": 5
        },
        {
            "id": "100075216610999",
            "count": 1280
        },
        {
            "id": "61558387767247",
            "count": 0
        },
        {
            "id": "100037582177670",
            "count": 2
        },
        {
            "id": "100079363983890",
            "count": 21
        },
        {
            "id": "100041546267744",
            "count": 680
        },
        {
            "id": "100069064857261",
            "count": 3
        },
        {
            "id": "100074416890117",
            "count": 605
        },
        {
            "id": "61557599305219",
            "count": 88
        },
        {
            "id": "100074999943442",
            "count": 606
        },
        {
            "id": "100039648833476",
            "count": 4
        },
        {
            "id": "100064015188208",
            "count": 11
        }
    ],
    "day": [
        {
            "id": "100041079390776",
            "count": 109,
            "name": "Chương Thái"
        },
        {
            "id": "100087114740054",
            "count": 1,
            "name": "Phạm Tiến Đạt"
        },
        {
            "id": "61551050194339",
            "count": 362,
            "name": "Pham Thien Huong"
        },
        {
            "id": "61557432568015",
            "count": 0,
            "name": "Đoàn Hồng Thái"
        },
        {
            "id": "61554282431756",
            "count": 0,
            "name": "Meo Maomao"
        },
        {
            "id": "100082223017215",
            "count": 0,
            "name": "Thúy Ngọc"
        },
        {
            "id": "100047506606423",
            "count": 190,
            "name": "Nguyễn Văn Thảo"
        },
        {
            "id": "100067587385948",
            "count": 0,
            "name": "Ngọc Lan"
        },
        {
            "id": "100078153767794",
            "count": 46,
            "name": "Nguyen Dinh Duong"
        },
        {
            "id": "61554344047549",
            "count": 0,
            "name": "Nguyễn Minh Đạt"
        },
        {
            "id": "100084415374893",
            "count": 2,
            "name": "Mio"
        },
        {
            "id": "100063655637557",
            "count": 0,
            "name": "Huynhh Tienn"
        },
        {
            "id": "100089040009647",
            "count": 55,
            "name": "Thanhh Đào"
        },
        {
            "id": "100081815394151",
            "count": 138,
            "name": "Huyen Thuong"
        },
        {
            "id": "100088459968822",
            "count": 1,
            "name": "Zen Bị Thiếu Muối."
        },
        {
            "id": "100077823625722",
            "count": 0,
            "name": "NgyThah Nhaan"
        },
        {
            "id": "100077695195951",
            "count": 14,
            "name": "Anh Tuan"
        },
        {
            "id": "100036042401152",
            "count": 0,
            "name": "Nguyễn Bình Minh"
        },
        {
            "id": "100090561346466",
            "count": 0,
            "name": "Hoàng Khoa"
        },
        {
            "id": "100015339609469",
            "count": 0,
            "name": "Long Khánh"
        },
        {
            "id": "100067774890501",
            "count": 0,
            "name": "Lê Dương Hoàng Phúc"
        },
        {
            "id": "61554387523411",
            "count": 0,
            "name": "清风"
        },
        {
            "id": "100087809457626",
            "count": 0,
            "name": "Thái Tuấn"
        },
        {
            "id": "100095129570309",
            "count": 0,
            "name": "Đời Vô Thường"
        },
        {
            "id": "100094393925122",
            "count": 0,
            "name": "Delwyn Pham"
        },
        {
            "id": "100094655349307",
            "count": 2,
            "name": "Nguyễn Thương"
        },
        {
            "id": "100075216610999",
            "count": 258,
            "name": "Hyouka Granger"
        },
        {
            "id": "61558387767247",
            "count": 0,
            "name": "Le Huyen Thuong"
        },
        {
            "id": "100037582177670",
            "count": 0,
            "name": "Nguyen Son"
        },
        {
            "id": "100079363983890",
            "count": 0,
            "name": "Thinh Phan"
        },
        {
            "id": "100041546267744",
            "count": 107,
            "name": "Quý Lê"
        },
        {
            "id": "100069064857261",
            "count": 0,
            "name": "Nguyễn Hùng"
        },
        {
            "id": "100074416890117",
            "count": 115,
            "name": "Hà Đức Trí"
        },
        {
            "id": "61557599305219",
            "count": 17,
            "name": "Too Mee"
        },
        {
            "id": "100074999943442",
            "count": 319,
            "name": "Thái Tuấn"
        },
        {
            "id": "100039648833476",
            "count": 0,
            "name": "Phan Quốc Trung"
        },
        {
            "id": "100064015188208",
            "count": 10,
            "name": "Dam Dam"
        }
    ],
    "time": 5,
    "last": {
        "time": 1,
        "day": [
            {
                "id": "100041079390776",
                "count": 0
            },
            {
                "id": "100087114740054",
                "count": 0
            },
            {
                "id": "61551050194339",
                "count": 0
            },
            {
                "id": "61557432568015",
                "count": 0
            },
            {
                "id": "61554282431756",
                "count": 0
            },
            {
                "id": "100082223017215",
                "count": 0
            },
            {
                "id": "100047506606423",
                "count": 0
            },
            {
                "id": "100067587385948",
                "count": 0
            },
            {
                "id": "100078153767794",
                "count": 0
            },
            {
                "id": "61554344047549",
                "count": 0
            },
            {
                "id": "100084415374893",
                "count": 0
            },
            {
                "id": "100063655637557",
                "count": 0
            },
            {
                "id": "100089040009647",
                "count": 0
            },
            {
                "id": "100081815394151",
                "count": 0
            },
            {
                "id": "100088459968822",
                "count": 0
            },
            {
                "id": "100077823625722",
                "count": 0
            },
            {
                "id": "61557204930097",
                "count": 0
            },
            {
                "id": "100077695195951",
                "count": 0
            },
            {
                "id": "100036042401152",
                "count": 0
            },
            {
                "id": "100090561346466",
                "count": 0
            },
            {
                "id": "100015339609469",
                "count": 0
            },
            {
                "id": "100067774890501",
                "count": 0
            },
            {
                "id": "61554387523411",
                "count": 0
            },
            {
                "id": "100001667259862",
                "count": 0
            },
            {
                "id": "100087809457626",
                "count": 0
            },
            {
                "id": "100095129570309",
                "count": 0
            },
            {
                "id": "100094393925122",
                "count": 0
            },
            {
                "id": "100094655349307",
                "count": 0
            },
            {
                "id": "100074999943442",
                "count": 0
            },
            {
                "id": "100075216610999",
                "count": 0
            },
            {
                "id": "61558387767247",
                "count": 0
            },
            {
                "id": "100037582177670",
                "count": 0
            },
            {
                "id": "100079363983890",
                "count": 0
            },
            {
                "id": "100041546267744",
                "count": 0
            },
            {
                "id": "100069064857261",
                "count": 0
            },
            {
                "id": "100074416890117",
                "count": 0
            },
            {
                "id": "61557599305219",
                "count": 0
            },
            {
                "id": "100048454542553",
                "count": 0
            },
            {
                "id": "100025763204051",
                "count": 0
            },
            {
                "id": "100039648833476",
                "count": 0
            },
            {
                "id": "100064015188208",
                "count": 0
            }
        ],
        "week": [
            {
                "id": "100041079390776",
                "count": 0
            },
            {
                "id": "100087114740054",
                "count": 0
            },
            {
                "id": "61551050194339",
                "count": 0
            },
            {
                "id": "61557432568015",
                "count": 0
            },
            {
                "id": "61554282431756",
                "count": 0
            },
            {
                "id": "100082223017215",
                "count": 0
            },
            {
                "id": "100047506606423",
                "count": 0
            },
            {
                "id": "100067587385948",
                "count": 0
            },
            {
                "id": "100078153767794",
                "count": 0
            },
            {
                "id": "61554344047549",
                "count": 0
            },
            {
                "id": "100084415374893",
                "count": 0
            },
            {
                "id": "100063655637557",
                "count": 0
            },
            {
                "id": "100089040009647",
                "count": 0
            },
            {
                "id": "100081815394151",
                "count": 0
            },
            {
                "id": "100088459968822",
                "count": 0
            },
            {
                "id": "100077823625722",
                "count": 0
            },
            {
                "id": "61557204930097",
                "count": 0
            },
            {
                "id": "100077695195951",
                "count": 0
            },
            {
                "id": "100036042401152",
                "count": 0
            },
            {
                "id": "100090561346466",
                "count": 0
            },
            {
                "id": "100015339609469",
                "count": 0
            },
            {
                "id": "100067774890501",
                "count": 0
            },
            {
                "id": "61554387523411",
                "count": 0
            },
            {
                "id": "100001667259862",
                "count": 0
            },
            {
                "id": "100087809457626",
                "count": 0
            },
            {
                "id": "100095129570309",
                "count": 0
            },
            {
                "id": "100094393925122",
                "count": 0
            },
            {
                "id": "100094655349307",
                "count": 0
            },
            {
                "id": "100074999943442",
                "count": 0
            },
            {
                "id": "100075216610999",
                "count": 0
            },
            {
                "id": "61558387767247",
                "count": 0
            },
            {
                "id": "100037582177670",
                "count": 0
            },
            {
                "id": "100079363983890",
                "count": 0
            },
            {
                "id": "100041546267744",
                "count": 0
            },
            {
                "id": "100069064857261",
                "count": 0
            },
            {
                "id": "100074416890117",
                "count": 0
            },
            {
                "id": "61557599305219",
                "count": 0
            },
            {
                "id": "100048454542553",
                "count": 0
            },
            {
                "id": "100025763204051",
                "count": 0
            },
            {
                "id": "100039648833476",
                "count": 0
            },
            {
                "id": "100064015188208",
                "count": 0
            }
        ]
    }
}