{
    "total": [
        {
            "id": "100083202459152",
            "count": 0
        },
        {
            "id": "61554512031069",
            "count": 0
        },
        {
            "id": "100094553023833",
            "count": 0
        },
        {
            "id": "100052903125234",
            "count": 0
        },
        {
            "id": "100078443870078",
            "count": 0
        },
        {
            "id": "100073304178320",
            "count": 0
        },
        {
            "id": "61550915907652",
            "count": 0
        },
        {
            "id": "100066624153154",
            "count": 0
        },
        {
            "id": "100090167762252",
            "count": 0
        },
        {
            "id": "100075799008098",
            "count": 0
        },
        {
            "id": "100056816538439",
            "count": 0
        },
        {
            "id": "61550693385370",
            "count": 10
        },
        {
            "id": "61556582942306",
            "count": 0
        },
        {
            "id": "100087459168504",
            "count": 0
        },
        {
            "id": "100090247180115",
            "count": 0
        },
        {
            "id": "61553965201008",
            "count": 0
        },
        {
            "id": "100071482405488",
            "count": 0
        },
        {
            "id": "100088902524937",
            "count": 0
        },
        {
            "id": "100002110191281",
            "count": 0
        },
        {
            "id": "100095204541913",
            "count": 0
        },
        {
            "id": "61552528600323",
            "count": 0
        },
        {
            "id": "61552164778906",
            "count": 0
        },
        {
            "id": "61554216764014",
            "count": 0
        },
        {
            "id": "100086569152373",
            "count": 14
        },
        {
            "id": "100092311549016",
            "count": 0
        },
        {
            "id": "61556821598619",
            "count": 0
        },
        {
            "id": "61550734538762",
            "count": 46
        },
        {
            "id": "100082698382824",
            "count": 0
        },
        {
            "id": "1269163581",
            "count": 0
        },
        {
            "id": "100078110795432",
            "count": 0
        },
        {
            "id": "100086453441086",
            "count": 0
        },
        {
            "id": "61557482905220",
            "count": 0
        },
        {
            "id": "61556768114630",
            "count": 0
        },
        {
            "id": "100068214527631",
            "count": 0
        },
        {
            "id": "61553796208927",
            "count": 0
        },
        {
            "id": "61557435695546",
            "count": 0
        },
        {
            "id": "61555712280777",
            "count": 0
        },
        {
            "id": "100079258301678",
            "count": 1
        },
        {
            "id": "100082079587073",
            "count": 0
        },
        {
            "id": "100082091523485",
            "count": 0
        },
        {
            "id": "100082172042770",
            "count": 0
        },
        {
            "id": "61556600867690",
            "count": 0
        },
        {
            "id": "100079017055391",
            "count": 0
        },
        {
            "id": "100090705756243",
            "count": 0
        },
        {
            "id": "61555348385595",
            "count": 0
        },
        {
            "id": "100019069105079",
            "count": 0
        },
        {
            "id": "61550606565326",
            "count": 0
        },
        {
            "id": "61550616093795",
            "count": 0
        },
        {
            "id": "61557587214677",
            "count": 0
        },
        {
            "id": "100091129878059",
            "count": 0
        },
        {
            "id": "61557265149721",
            "count": 0
        },
        {
            "id": "100091943751564",
            "count": 1
        },
        {
            "id": "100088066642164",
            "count": 0
        },
        {
            "id": "100080212616169",
            "count": 0
        },
        {
            "id": "100081213390221",
            "count": 0
        },
        {
            "id": "61550480064980",
            "count": 0
        },
        {
            "id": "100022508033659",
            "count": 0
        },
        {
            "id": "61551362112570",
            "count": 0
        },
        {
            "id": "100057193212294",
            "count": 0
        },
        {
            "id": "100075778732721",
            "count": 0
        },
        {
            "id": "100075131650817",
            "count": 0
        },
        {
            "id": "61555275765508",
            "count": 12
        },
        {
            "id": "100087779113103",
            "count": 0
        },
        {
            "id": "100090586835079",
            "count": 0
        },
        {
            "id": "100092045321858",
            "count": 0
        },
        {
            "id": "100092142530912",
            "count": 0
        },
        {
            "id": "61553455015739",
            "count": 0
        },
        {
            "id": "100092564143689",
            "count": 0
        },
        {
            "id": "61555412515045",
            "count": 0
        },
        {
            "id": "100092723694854",
            "count": 17
        },
        {
            "id": "100053892377552",
            "count": 33
        },
        {
            "id": "100084169082341",
            "count": 0
        },
        {
            "id": "61550555437615",
            "count": 0
        },
        {
            "id": "61551026070119",
            "count": 0
        },
        {
            "id": "61557426909261",
            "count": 0
        },
        {
            "id": "61554296355642",
            "count": 0
        },
        {
            "id": "100084227559971",
            "count": 0
        },
        {
            "id": "100086275548002",
            "count": 0
        },
        {
            "id": "100076364376865",
            "count": 0
        },
        {
            "id": "61556767894630",
            "count": 0
        },
        {
            "id": "100093460962344",
            "count": 0
        },
        {
            "id": "100078192142533",
            "count": 0
        },
        {
            "id": "100085338318856",
            "count": 0
        },
        {
            "id": "61557384032649",
            "count": 0
        },
        {
            "id": "100081113792112",
            "count": 0
        },
        {
            "id": "100080192990568",
            "count": 4
        },
        {
            "id": "61553076033146",
            "count": 15
        },
        {
            "id": "61551019765514",
            "count": 0
        },
        {
            "id": "100082751292734",
            "count": 0
        },
        {
            "id": "100074756664343",
            "count": 1
        },
        {
            "id": "100091729903340",
            "count": 0
        },
        {
            "id": "61557170705150",
            "count": 0
        },
        {
            "id": "100075816603849",
            "count": 0
        },
        {
            "id": "61551808787339",
            "count": 0
        },
        {
            "id": "100061709619498",
            "count": 0
        },
        {
            "id": "100085278801321",
            "count": 0
        },
        {
            "id": "100040591500510",
            "count": 0
        },
        {
            "id": "100078817611152",
            "count": 0
        },
        {
            "id": "61554175606935",
            "count": 0
        },
        {
            "id": "100077875985456",
            "count": 1
        },
        {
            "id": "100039567244705",
            "count": 1
        },
        {
            "id": "100078521865143",
            "count": 0
        },
        {
            "id": "100047739330065",
            "count": 0
        },
        {
            "id": "100074112287941",
            "count": 0
        },
        {
            "id": "788677641",
            "count": 0
        },
        {
            "id": "100095326124829",
            "count": 0
        },
        {
            "id": "100050999371837",
            "count": 0
        },
        {
            "id": "100075216610999",
            "count": 37
        },
        {
            "id": "61550422022816",
            "count": 0
        },
        {
            "id": "100063929996344",
            "count": 30
        },
        {
            "id": "61557058127947",
            "count": 15
        }
    ],
    "week": [
        {
            "id": "100083202459152",
            "count": 0,
            "name": "Người dùng facebook"
        },
        {
            "id": "61554512031069",
            "count": 0,
            "name": "Người dùng facebook"
        },
        {
            "id": "100094553023833",
            "count": 0,
            "name": "Người dùng facebook"
        },
        {
            "id": "100052903125234",
            "count": 0,
            "name": "Người dùng facebook"
        },
        {
            "id": "100078443870078",
            "count": 0,
            "name": "Người dùng facebook"
        },
        {
            "id": "100073304178320",
            "count": 0,
            "name": "Người dùng facebook"
        },
        {
            "id": "61550915907652",
            "count": 0,
            "name": "Người dùng facebook"
        },
        {
            "id": "100066624153154",
            "count": 0,
            "name": "Người dùng facebook"
        },
        {
            "id": "100090167762252",
            "count": 0,
            "name": "Người dùng facebook"
        },
        {
            "id": "100075799008098",
            "count": 0,
            "name": "Người dùng facebook"
        },
        {
            "id": "100056816538439",
            "count": 0,
            "name": "Người dùng facebook"
        },
        {
            "id": "61550693385370",
            "count": 0,
            "name": "Người dùng facebook"
        },
        {
            "id": "61556582942306",
            "count": 0,
            "name": "Người dùng facebook"
        },
        {
            "id": "100087459168504",
            "count": 0,
            "name": "Người dùng facebook"
        },
        {
            "id": "100090247180115",
            "count": 0,
            "name": "Người dùng facebook"
        },
        {
            "id": "61553965201008",
            "count": 0,
            "name": "Người dùng facebook"
        },
        {
            "id": "100071482405488",
            "count": 0,
            "name": "Người dùng facebook"
        },
        {
            "id": "100088902524937",
            "count": 0,
            "name": "Người dùng facebook"
        },
        {
            "id": "100002110191281",
            "count": 0,
            "name": "Người dùng facebook"
        },
        {
            "id": "100095204541913",
            "count": 0,
            "name": "Người dùng facebook"
        },
        {
            "id": "61552528600323",
            "count": 0,
            "name": "Người dùng facebook"
        },
        {
            "id": "61552164778906",
            "count": 0,
            "name": "Người dùng facebook"
        },
        {
            "id": "61554216764014",
            "count": 0,
            "name": "Người dùng facebook"
        },
        {
            "id": "100086569152373",
            "count": 0,
            "name": "Người dùng facebook"
        },
        {
            "id": "100092311549016",
            "count": 0,
            "name": "Người dùng facebook"
        },
        {
            "id": "61556821598619",
            "count": 0,
            "name": "Người dùng facebook"
        },
        {
            "id": "61550734538762",
            "count": 0,
            "name": "Người dùng facebook"
        },
        {
            "id": "100082698382824",
            "count": 0,
            "name": "Người dùng facebook"
        },
        {
            "id": "1269163581",
            "count": 0,
            "name": "Người dùng facebook"
        },
        {
            "id": "100078110795432",
            "count": 0,
            "name": "Người dùng facebook"
        },
        {
            "id": "100086453441086",
            "count": 0,
            "name": "Người dùng facebook"
        },
        {
            "id": "61557482905220",
            "count": 0,
            "name": "Người dùng facebook"
        },
        {
            "id": "61556768114630",
            "count": 0,
            "name": "Người dùng facebook"
        },
        {
            "id": "100068214527631",
            "count": 0,
            "name": "Người dùng facebook"
        },
        {
            "id": "61553796208927",
            "count": 0,
            "name": "Người dùng facebook"
        },
        {
            "id": "61557435695546",
            "count": 0,
            "name": "Người dùng facebook"
        },
        {
            "id": "61555712280777",
            "count": 0,
            "name": "Người dùng facebook"
        },
        {
            "id": "100079258301678",
            "count": 0,
            "name": "Người dùng facebook"
        },
        {
            "id": "100082079587073",
            "count": 0,
            "name": "Người dùng facebook"
        },
        {
            "id": "100082091523485",
            "count": 0,
            "name": "Người dùng facebook"
        },
        {
            "id": "100082172042770",
            "count": 0,
            "name": "Người dùng facebook"
        },
        {
            "id": "61556600867690",
            "count": 0,
            "name": "Người dùng facebook"
        },
        {
            "id": "100079017055391",
            "count": 0,
            "name": "Thuoc メ"
        },
        {
            "id": "100090705756243",
            "count": 0,
            "name": "Người dùng facebook"
        },
        {
            "id": "61555348385595",
            "count": 0,
            "name": "Người dùng facebook"
        },
        {
            "id": "100019069105079",
            "count": 0,
            "name": "Người dùng facebook"
        },
        {
            "id": "61550606565326",
            "count": 0,
            "name": "Người dùng facebook"
        },
        {
            "id": "61550616093795",
            "count": 0,
            "name": "Người dùng facebook"
        },
        {
            "id": "61557587214677",
            "count": 0,
            "name": "Người dùng facebook"
        },
        {
            "id": "100091129878059",
            "count": 0,
            "name": "Người dùng facebook"
        },
        {
            "id": "61557265149721",
            "count": 0,
            "name": "Người dùng facebook"
        },
        {
            "id": "100091943751564",
            "count": 0,
            "name": "Người dùng facebook"
        },
        {
            "id": "100088066642164",
            "count": 0,
            "name": "Người dùng facebook"
        },
        {
            "id": "100080212616169",
            "count": 0,
            "name": "Người dùng facebook"
        },
        {
            "id": "100081213390221",
            "count": 0,
            "name": "Người dùng facebook"
        },
        {
            "id": "61550480064980",
            "count": 0,
            "name": "Người dùng facebook"
        },
        {
            "id": "100022508033659",
            "count": 0,
            "name": "Người dùng facebook"
        },
        {
            "id": "61551362112570",
            "count": 0,
            "name": "Người dùng facebook"
        },
        {
            "id": "100057193212294",
            "count": 0,
            "name": "Người dùng facebook"
        },
        {
            "id": "100075778732721",
            "count": 0,
            "name": "Người dùng facebook"
        },
        {
            "id": "100075131650817",
            "count": 0,
            "name": "Người dùng facebook"
        },
        {
            "id": "61555275765508",
            "count": 0,
            "name": "Người dùng facebook"
        },
        {
            "id": "100087779113103",
            "count": 0,
            "name": "Người dùng facebook"
        },
        {
            "id": "100090586835079",
            "count": 0,
            "name": "Người dùng facebook"
        },
        {
            "id": "100092045321858",
            "count": 0,
            "name": "Người dùng facebook"
        },
        {
            "id": "100092142530912",
            "count": 0,
            "name": "Người dùng facebook"
        },
        {
            "id": "61553455015739",
            "count": 0,
            "name": "Người dùng facebook"
        },
        {
            "id": "100092564143689",
            "count": 0,
            "name": "Người dùng facebook"
        },
        {
            "id": "61555412515045",
            "count": 0,
            "name": "Người dùng facebook"
        },
        {
            "id": "100092723694854",
            "count": 0,
            "name": "Người dùng facebook"
        },
        {
            "id": "100053892377552",
            "count": 0,
            "name": "Người dùng facebook"
        },
        {
            "id": "100084169082341",
            "count": 0,
            "name": "Người dùng facebook"
        },
        {
            "id": "61550555437615",
            "count": 0,
            "name": "Người dùng facebook"
        },
        {
            "id": "61551026070119",
            "count": 0,
            "name": "Người dùng facebook"
        },
        {
            "id": "61557426909261",
            "count": 0,
            "name": "Người dùng facebook"
        },
        {
            "id": "61554296355642",
            "count": 0,
            "name": "Người dùng facebook"
        },
        {
            "id": "100084227559971",
            "count": 0,
            "name": "Người dùng facebook"
        },
        {
            "id": "100086275548002",
            "count": 0,
            "name": "Người dùng facebook"
        },
        {
            "id": "100076364376865",
            "count": 0,
            "name": "Người dùng facebook"
        },
        {
            "id": "61556767894630",
            "count": 0,
            "name": "Người dùng facebook"
        },
        {
            "id": "100093460962344",
            "count": 0,
            "name": "Người dùng facebook"
        },
        {
            "id": "100078192142533",
            "count": 0,
            "name": "Người dùng facebook"
        },
        {
            "id": "100085338318856",
            "count": 0,
            "name": "Người dùng facebook"
        },
        {
            "id": "61557384032649",
            "count": 0,
            "name": "Người dùng facebook"
        },
        {
            "id": "100081113792112",
            "count": 0,
            "name": "Người dùng facebook"
        },
        {
            "id": "100080192990568",
            "count": 0,
            "name": "Người dùng facebook"
        },
        {
            "id": "61553076033146",
            "count": 0,
            "name": "Người dùng facebook"
        },
        {
            "id": "61551019765514",
            "count": 0,
            "name": "Người dùng facebook"
        },
        {
            "id": "100082751292734",
            "count": 0,
            "name": "Người dùng facebook"
        },
        {
            "id": "100074756664343",
            "count": 0,
            "name": "Người dùng facebook"
        },
        {
            "id": "100091729903340",
            "count": 0,
            "name": "Người dùng facebook"
        },
        {
            "id": "61557170705150",
            "count": 0,
            "name": "Người dùng facebook"
        },
        {
            "id": "100075816603849",
            "count": 0,
            "name": "Người dùng facebook"
        },
        {
            "id": "61551808787339",
            "count": 0,
            "name": "Người dùng facebook"
        },
        {
            "id": "100061709619498",
            "count": 0,
            "name": "Người dùng facebook"
        },
        {
            "id": "100085278801321",
            "count": 0,
            "name": "Người dùng facebook"
        },
        {
            "id": "100040591500510",
            "count": 0,
            "name": "Người dùng facebook"
        },
        {
            "id": "100078817611152",
            "count": 0,
            "name": "Người dùng facebook"
        },
        {
            "id": "61554175606935",
            "count": 0,
            "name": "Người dùng facebook"
        },
        {
            "id": "100077875985456",
            "count": 0,
            "name": "Người dùng facebook"
        },
        {
            "id": "100039567244705",
            "count": 0,
            "name": "Người dùng facebook"
        },
        {
            "id": "100078521865143",
            "count": 0,
            "name": "Người dùng facebook"
        },
        {
            "id": "100047739330065",
            "count": 0,
            "name": "Người dùng facebook"
        },
        {
            "id": "100074112287941",
            "count": 0,
            "name": "Người dùng facebook"
        },
        {
            "id": "788677641",
            "count": 0,
            "name": "Người dùng facebook"
        },
        {
            "id": "100095326124829",
            "count": 0,
            "name": "Người dùng facebook"
        },
        {
            "id": "100050999371837",
            "count": 0,
            "name": "Tiến Nguyễn"
        },
        {
            "id": "100075216610999",
            "count": 0,
            "name": "Hyouka Granger"
        },
        {
            "id": "61550422022816",
            "count": 0,
            "name": "Người dùng facebook"
        },
        {
            "id": "100063929996344",
            "count": 0,
            "name": "Người dùng facebook"
        },
        {
            "id": "61557058127947",
            "count": 0,
            "name": "Người dùng facebook"
        }
    ],
    "day": [
        {
            "id": "100083202459152",
            "count": 0,
            "name": "Người dùng facebook"
        },
        {
            "id": "61554512031069",
            "count": 0,
            "name": "Người dùng facebook"
        },
        {
            "id": "100094553023833",
            "count": 0,
            "name": "Người dùng facebook"
        },
        {
            "id": "100052903125234",
            "count": 0,
            "name": "Người dùng facebook"
        },
        {
            "id": "100078443870078",
            "count": 0,
            "name": "Người dùng facebook"
        },
        {
            "id": "100073304178320",
            "count": 0,
            "name": "Người dùng facebook"
        },
        {
            "id": "61550915907652",
            "count": 0,
            "name": "Người dùng facebook"
        },
        {
            "id": "100066624153154",
            "count": 0,
            "name": "Người dùng facebook"
        },
        {
            "id": "100090167762252",
            "count": 0,
            "name": "Người dùng facebook"
        },
        {
            "id": "100075799008098",
            "count": 0,
            "name": "Người dùng facebook"
        },
        {
            "id": "100056816538439",
            "count": 0,
            "name": "Người dùng facebook"
        },
        {
            "id": "61550693385370",
            "count": 0,
            "name": "Người dùng facebook"
        },
        {
            "id": "61556582942306",
            "count": 0,
            "name": "Người dùng facebook"
        },
        {
            "id": "100087459168504",
            "count": 0,
            "name": "Người dùng facebook"
        },
        {
            "id": "100090247180115",
            "count": 0,
            "name": "Người dùng facebook"
        },
        {
            "id": "61553965201008",
            "count": 0,
            "name": "Người dùng facebook"
        },
        {
            "id": "100071482405488",
            "count": 0,
            "name": "Người dùng facebook"
        },
        {
            "id": "100088902524937",
            "count": 0,
            "name": "Người dùng facebook"
        },
        {
            "id": "100002110191281",
            "count": 0,
            "name": "Người dùng facebook"
        },
        {
            "id": "100095204541913",
            "count": 0,
            "name": "Người dùng facebook"
        },
        {
            "id": "61552528600323",
            "count": 0,
            "name": "Người dùng facebook"
        },
        {
            "id": "61552164778906",
            "count": 0,
            "name": "Người dùng facebook"
        },
        {
            "id": "61554216764014",
            "count": 0,
            "name": "Người dùng facebook"
        },
        {
            "id": "100086569152373",
            "count": 0,
            "name": "Người dùng facebook"
        },
        {
            "id": "100092311549016",
            "count": 0,
            "name": "Người dùng facebook"
        },
        {
            "id": "61556821598619",
            "count": 0,
            "name": "Người dùng facebook"
        },
        {
            "id": "61550734538762",
            "count": 0,
            "name": "Người dùng facebook"
        },
        {
            "id": "100082698382824",
            "count": 0,
            "name": "Người dùng facebook"
        },
        {
            "id": "1269163581",
            "count": 0,
            "name": "Người dùng facebook"
        },
        {
            "id": "100078110795432",
            "count": 0,
            "name": "Người dùng facebook"
        },
        {
            "id": "100086453441086",
            "count": 0,
            "name": "Người dùng facebook"
        },
        {
            "id": "61557482905220",
            "count": 0,
            "name": "Người dùng facebook"
        },
        {
            "id": "61556768114630",
            "count": 0,
            "name": "Người dùng facebook"
        },
        {
            "id": "100068214527631",
            "count": 0,
            "name": "Người dùng facebook"
        },
        {
            "id": "61553796208927",
            "count": 0,
            "name": "Người dùng facebook"
        },
        {
            "id": "61557435695546",
            "count": 0,
            "name": "Người dùng facebook"
        },
        {
            "id": "61555712280777",
            "count": 0,
            "name": "Người dùng facebook"
        },
        {
            "id": "100079258301678",
            "count": 0,
            "name": "Người dùng facebook"
        },
        {
            "id": "100082079587073",
            "count": 0,
            "name": "Người dùng facebook"
        },
        {
            "id": "100082091523485",
            "count": 0,
            "name": "Người dùng facebook"
        },
        {
            "id": "100082172042770",
            "count": 0,
            "name": "Người dùng facebook"
        },
        {
            "id": "61556600867690",
            "count": 0,
            "name": "Người dùng facebook"
        },
        {
            "id": "100079017055391",
            "count": 0,
            "name": "Thuoc メ"
        },
        {
            "id": "100090705756243",
            "count": 0,
            "name": "Người dùng facebook"
        },
        {
            "id": "61555348385595",
            "count": 0,
            "name": "Người dùng facebook"
        },
        {
            "id": "100019069105079",
            "count": 0,
            "name": "Người dùng facebook"
        },
        {
            "id": "61550606565326",
            "count": 0,
            "name": "Chipp Bôngg Ctee"
        },
        {
            "id": "61550616093795",
            "count": 0,
            "name": "Người dùng facebook"
        },
        {
            "id": "61557587214677",
            "count": 0,
            "name": "Người dùng facebook"
        },
        {
            "id": "100091129878059",
            "count": 0,
            "name": "Người dùng facebook"
        },
        {
            "id": "61557265149721",
            "count": 0,
            "name": "Người dùng facebook"
        },
        {
            "id": "100091943751564",
            "count": 0,
            "name": "Người dùng facebook"
        },
        {
            "id": "100088066642164",
            "count": 0,
            "name": "Người dùng facebook"
        },
        {
            "id": "100080212616169",
            "count": 0,
            "name": "Người dùng facebook"
        },
        {
            "id": "100081213390221",
            "count": 0,
            "name": "Người dùng facebook"
        },
        {
            "id": "61550480064980",
            "count": 0,
            "name": "Người dùng facebook"
        },
        {
            "id": "100022508033659",
            "count": 0,
            "name": "Người dùng facebook"
        },
        {
            "id": "61551362112570",
            "count": 0,
            "name": "Người dùng facebook"
        },
        {
            "id": "100057193212294",
            "count": 0,
            "name": "Người dùng facebook"
        },
        {
            "id": "100075778732721",
            "count": 0,
            "name": "Người dùng facebook"
        },
        {
            "id": "100075131650817",
            "count": 0,
            "name": "Người dùng facebook"
        },
        {
            "id": "61555275765508",
            "count": 0,
            "name": "Người dùng facebook"
        },
        {
            "id": "100087779113103",
            "count": 0,
            "name": "Người dùng facebook"
        },
        {
            "id": "100090586835079",
            "count": 0,
            "name": "Người dùng facebook"
        },
        {
            "id": "100092045321858",
            "count": 0,
            "name": "Người dùng facebook"
        },
        {
            "id": "100092142530912",
            "count": 0,
            "name": "Người dùng facebook"
        },
        {
            "id": "61553455015739",
            "count": 0,
            "name": "Người dùng facebook"
        },
        {
            "id": "100092564143689",
            "count": 0,
            "name": "Người dùng facebook"
        },
        {
            "id": "61555412515045",
            "count": 0,
            "name": "Người dùng facebook"
        },
        {
            "id": "100092723694854",
            "count": 0,
            "name": "Người dùng facebook"
        },
        {
            "id": "100053892377552",
            "count": 0,
            "name": "Người dùng facebook"
        },
        {
            "id": "100084169082341",
            "count": 0,
            "name": "Người dùng facebook"
        },
        {
            "id": "61550555437615",
            "count": 0,
            "name": "Người dùng facebook"
        },
        {
            "id": "61551026070119",
            "count": 0,
            "name": "Người dùng facebook"
        },
        {
            "id": "61557426909261",
            "count": 0,
            "name": "Người dùng facebook"
        },
        {
            "id": "61554296355642",
            "count": 0,
            "name": "Người dùng facebook"
        },
        {
            "id": "100084227559971",
            "count": 0,
            "name": "Người dùng facebook"
        },
        {
            "id": "100086275548002",
            "count": 0,
            "name": "Người dùng facebook"
        },
        {
            "id": "100076364376865",
            "count": 0,
            "name": "Người dùng facebook"
        },
        {
            "id": "61556767894630",
            "count": 0,
            "name": "Người dùng facebook"
        },
        {
            "id": "100093460962344",
            "count": 0,
            "name": "Người dùng facebook"
        },
        {
            "id": "100078192142533",
            "count": 0,
            "name": "Người dùng facebook"
        },
        {
            "id": "100085338318856",
            "count": 0,
            "name": "Người dùng facebook"
        },
        {
            "id": "61557384032649",
            "count": 0,
            "name": "Người dùng facebook"
        },
        {
            "id": "100081113792112",
            "count": 0,
            "name": "Người dùng facebook"
        },
        {
            "id": "100080192990568",
            "count": 0,
            "name": "Người dùng facebook"
        },
        {
            "id": "61553076033146",
            "count": 0,
            "name": "Người dùng facebook"
        },
        {
            "id": "61551019765514",
            "count": 0,
            "name": "Người dùng facebook"
        },
        {
            "id": "100082751292734",
            "count": 0,
            "name": "Người dùng facebook"
        },
        {
            "id": "100074756664343",
            "count": 0,
            "name": "Người dùng facebook"
        },
        {
            "id": "100091729903340",
            "count": 0,
            "name": "Người dùng facebook"
        },
        {
            "id": "61557170705150",
            "count": 0,
            "name": "Người dùng facebook"
        },
        {
            "id": "100075816603849",
            "count": 0,
            "name": "Người dùng facebook"
        },
        {
            "id": "61551808787339",
            "count": 0,
            "name": "Người dùng facebook"
        },
        {
            "id": "100061709619498",
            "count": 0,
            "name": "Người dùng facebook"
        },
        {
            "id": "100085278801321",
            "count": 0,
            "name": "Người dùng facebook"
        },
        {
            "id": "100040591500510",
            "count": 0,
            "name": "Người dùng facebook"
        },
        {
            "id": "100078817611152",
            "count": 0,
            "name": "Người dùng facebook"
        },
        {
            "id": "61554175606935",
            "count": 0,
            "name": "Người dùng facebook"
        },
        {
            "id": "100077875985456",
            "count": 0,
            "name": "Người dùng facebook"
        },
        {
            "id": "100039567244705",
            "count": 0,
            "name": "Người dùng facebook"
        },
        {
            "id": "100078521865143",
            "count": 0,
            "name": "Người dùng facebook"
        },
        {
            "id": "100047739330065",
            "count": 0,
            "name": "Người dùng facebook"
        },
        {
            "id": "100074112287941",
            "count": 0,
            "name": "Người dùng facebook"
        },
        {
            "id": "788677641",
            "count": 0,
            "name": "Người dùng facebook"
        },
        {
            "id": "100095326124829",
            "count": 0,
            "name": "Người dùng facebook"
        },
        {
            "id": "100050999371837",
            "count": 0,
            "name": "Tiến Nguyễn"
        },
        {
            "id": "100075216610999",
            "count": 0,
            "name": "Hyouka Granger"
        },
        {
            "id": "61550422022816",
            "count": 0,
            "name": "Người dùng facebook"
        },
        {
            "id": "100063929996344",
            "count": 0,
            "name": "Người dùng facebook"
        },
        {
            "id": "61557058127947",
            "count": 0,
            "name": "Người dùng facebook"
        }
    ],
    "time": 5,
    "last": {
        "time": 1,
        "day": [
            {
                "id": "100083202459152",
                "count": 0
            },
            {
                "id": "61554512031069",
                "count": 0
            },
            {
                "id": "100094553023833",
                "count": 0
            },
            {
                "id": "100052903125234",
                "count": 0
            },
            {
                "id": "100078443870078",
                "count": 0
            },
            {
                "id": "100073304178320",
                "count": 0
            },
            {
                "id": "61550915907652",
                "count": 0
            },
            {
                "id": "100066624153154",
                "count": 0
            },
            {
                "id": "100090167762252",
                "count": 0
            },
            {
                "id": "100075799008098",
                "count": 0
            },
            {
                "id": "100056816538439",
                "count": 0
            },
            {
                "id": "61550693385370",
                "count": 0
            },
            {
                "id": "61556582942306",
                "count": 0
            },
            {
                "id": "100087459168504",
                "count": 0
            },
            {
                "id": "100090247180115",
                "count": 0
            },
            {
                "id": "61553965201008",
                "count": 0
            },
            {
                "id": "100071482405488",
                "count": 0
            },
            {
                "id": "100088902524937",
                "count": 0
            },
            {
                "id": "100002110191281",
                "count": 0
            },
            {
                "id": "100095204541913",
                "count": 0
            },
            {
                "id": "61552528600323",
                "count": 0
            },
            {
                "id": "61552164778906",
                "count": 0
            },
            {
                "id": "61554216764014",
                "count": 0
            },
            {
                "id": "100086569152373",
                "count": 0
            },
            {
                "id": "100092311549016",
                "count": 0
            },
            {
                "id": "61556821598619",
                "count": 0
            },
            {
                "id": "61550734538762",
                "count": 0
            },
            {
                "id": "100082698382824",
                "count": 0
            },
            {
                "id": "1269163581",
                "count": 0
            },
            {
                "id": "100078110795432",
                "count": 0
            },
            {
                "id": "100086453441086",
                "count": 0
            },
            {
                "id": "61557482905220",
                "count": 0
            },
            {
                "id": "61556768114630",
                "count": 0
            },
            {
                "id": "100068214527631",
                "count": 0
            },
            {
                "id": "61553796208927",
                "count": 0
            },
            {
                "id": "61557435695546",
                "count": 0
            },
            {
                "id": "61555712280777",
                "count": 0
            },
            {
                "id": "100079258301678",
                "count": 0
            },
            {
                "id": "100082079587073",
                "count": 0
            },
            {
                "id": "100082091523485",
                "count": 0
            },
            {
                "id": "100082172042770",
                "count": 0
            },
            {
                "id": "61556600867690",
                "count": 0
            },
            {
                "id": "100079017055391",
                "count": 0
            },
            {
                "id": "100090705756243",
                "count": 0
            },
            {
                "id": "61555348385595",
                "count": 0
            },
            {
                "id": "100019069105079",
                "count": 0
            },
            {
                "id": "61550606565326",
                "count": 0
            },
            {
                "id": "61550616093795",
                "count": 0
            },
            {
                "id": "61557587214677",
                "count": 0
            },
            {
                "id": "100091129878059",
                "count": 0
            },
            {
                "id": "61557265149721",
                "count": 0
            },
            {
                "id": "100091943751564",
                "count": 0
            },
            {
                "id": "100088066642164",
                "count": 0
            },
            {
                "id": "100080212616169",
                "count": 0
            },
            {
                "id": "100081213390221",
                "count": 0
            },
            {
                "id": "61550480064980",
                "count": 0
            },
            {
                "id": "100022508033659",
                "count": 0
            },
            {
                "id": "61551362112570",
                "count": 0
            },
            {
                "id": "100057193212294",
                "count": 0
            },
            {
                "id": "100075778732721",
                "count": 0
            },
            {
                "id": "100075131650817",
                "count": 0
            },
            {
                "id": "61555275765508",
                "count": 0
            },
            {
                "id": "100087779113103",
                "count": 0
            },
            {
                "id": "100090586835079",
                "count": 0
            },
            {
                "id": "100092045321858",
                "count": 0
            },
            {
                "id": "100092142530912",
                "count": 0
            },
            {
                "id": "61553455015739",
                "count": 0
            },
            {
                "id": "100092564143689",
                "count": 0
            },
            {
                "id": "61555412515045",
                "count": 0
            },
            {
                "id": "100092723694854",
                "count": 0
            },
            {
                "id": "100053892377552",
                "count": 0
            },
            {
                "id": "100084169082341",
                "count": 0
            },
            {
                "id": "61550555437615",
                "count": 0
            },
            {
                "id": "61551026070119",
                "count": 0
            },
            {
                "id": "61557426909261",
                "count": 0
            },
            {
                "id": "61554296355642",
                "count": 0
            },
            {
                "id": "100084227559971",
                "count": 0
            },
            {
                "id": "100086275548002",
                "count": 0
            },
            {
                "id": "100076364376865",
                "count": 0
            },
            {
                "id": "61556767894630",
                "count": 0
            },
            {
                "id": "100093460962344",
                "count": 0
            },
            {
                "id": "100078192142533",
                "count": 0
            },
            {
                "id": "100085338318856",
                "count": 0
            },
            {
                "id": "61557384032649",
                "count": 0
            },
            {
                "id": "100081113792112",
                "count": 0
            },
            {
                "id": "100080192990568",
                "count": 0
            },
            {
                "id": "61553076033146",
                "count": 0
            },
            {
                "id": "61551019765514",
                "count": 0
            },
            {
                "id": "100082751292734",
                "count": 0
            },
            {
                "id": "100074756664343",
                "count": 0
            },
            {
                "id": "100091729903340",
                "count": 0
            },
            {
                "id": "61557170705150",
                "count": 0
            },
            {
                "id": "100075816603849",
                "count": 0
            },
            {
                "id": "61551808787339",
                "count": 0
            },
            {
                "id": "100061709619498",
                "count": 0
            },
            {
                "id": "100085278801321",
                "count": 0
            },
            {
                "id": "100040591500510",
                "count": 0
            },
            {
                "id": "100078817611152",
                "count": 0
            },
            {
                "id": "61554175606935",
                "count": 0
            },
            {
                "id": "100077875985456",
                "count": 0
            },
            {
                "id": "100039567244705",
                "count": 0
            },
            {
                "id": "100078521865143",
                "count": 0
            },
            {
                "id": "100047739330065",
                "count": 0
            },
            {
                "id": "100074112287941",
                "count": 0
            },
            {
                "id": "788677641",
                "count": 0
            },
            {
                "id": "100095326124829",
                "count": 0
            },
            {
                "id": "100091063693822",
                "count": 0
            },
            {
                "id": "61551169958542",
                "count": 0
            },
            {
                "id": "100050999371837",
                "count": 0
            },
            {
                "id": "100075216610999",
                "count": 0
            },
            {
                "id": "61550422022816",
                "count": 0
            },
            {
                "id": "100063929996344",
                "count": 0
            },
            {
                "id": "61557058127947",
                "count": 0
            }
        ],
        "week": [
            {
                "id": "100083202459152",
                "count": 0
            },
            {
                "id": "61554512031069",
                "count": 0
            },
            {
                "id": "100094553023833",
                "count": 0
            },
            {
                "id": "100052903125234",
                "count": 0
            },
            {
                "id": "100078443870078",
                "count": 0
            },
            {
                "id": "100073304178320",
                "count": 0
            },
            {
                "id": "61550915907652",
                "count": 0
            },
            {
                "id": "100066624153154",
                "count": 0
            },
            {
                "id": "100090167762252",
                "count": 0
            },
            {
                "id": "100075799008098",
                "count": 0
            },
            {
                "id": "100056816538439",
                "count": 0
            },
            {
                "id": "61550693385370",
                "count": 0
            },
            {
                "id": "61556582942306",
                "count": 0
            },
            {
                "id": "100087459168504",
                "count": 0
            },
            {
                "id": "100090247180115",
                "count": 0
            },
            {
                "id": "61553965201008",
                "count": 0
            },
            {
                "id": "100071482405488",
                "count": 0
            },
            {
                "id": "100088902524937",
                "count": 0
            },
            {
                "id": "100002110191281",
                "count": 0
            },
            {
                "id": "100095204541913",
                "count": 0
            },
            {
                "id": "61552528600323",
                "count": 0
            },
            {
                "id": "61552164778906",
                "count": 0
            },
            {
                "id": "61554216764014",
                "count": 0
            },
            {
                "id": "100086569152373",
                "count": 0
            },
            {
                "id": "100092311549016",
                "count": 0
            },
            {
                "id": "61556821598619",
                "count": 0
            },
            {
                "id": "61550734538762",
                "count": 0
            },
            {
                "id": "100082698382824",
                "count": 0
            },
            {
                "id": "1269163581",
                "count": 0
            },
            {
                "id": "100078110795432",
                "count": 0
            },
            {
                "id": "100086453441086",
                "count": 0
            },
            {
                "id": "61557482905220",
                "count": 0
            },
            {
                "id": "61556768114630",
                "count": 0
            },
            {
                "id": "100068214527631",
                "count": 0
            },
            {
                "id": "61553796208927",
                "count": 0
            },
            {
                "id": "61557435695546",
                "count": 0
            },
            {
                "id": "61555712280777",
                "count": 0
            },
            {
                "id": "100079258301678",
                "count": 0
            },
            {
                "id": "100082079587073",
                "count": 0
            },
            {
                "id": "100082091523485",
                "count": 0
            },
            {
                "id": "100082172042770",
                "count": 0
            },
            {
                "id": "61556600867690",
                "count": 0
            },
            {
                "id": "100079017055391",
                "count": 0
            },
            {
                "id": "100090705756243",
                "count": 0
            },
            {
                "id": "61555348385595",
                "count": 0
            },
            {
                "id": "100019069105079",
                "count": 0
            },
            {
                "id": "61550606565326",
                "count": 0
            },
            {
                "id": "61550616093795",
                "count": 0
            },
            {
                "id": "61557587214677",
                "count": 0
            },
            {
                "id": "100091129878059",
                "count": 0
            },
            {
                "id": "61557265149721",
                "count": 0
            },
            {
                "id": "100091943751564",
                "count": 0
            },
            {
                "id": "100088066642164",
                "count": 0
            },
            {
                "id": "100080212616169",
                "count": 0
            },
            {
                "id": "100081213390221",
                "count": 0
            },
            {
                "id": "61550480064980",
                "count": 0
            },
            {
                "id": "100022508033659",
                "count": 0
            },
            {
                "id": "61551362112570",
                "count": 0
            },
            {
                "id": "100057193212294",
                "count": 0
            },
            {
                "id": "100075778732721",
                "count": 0
            },
            {
                "id": "100075131650817",
                "count": 0
            },
            {
                "id": "61555275765508",
                "count": 0
            },
            {
                "id": "100087779113103",
                "count": 0
            },
            {
                "id": "100090586835079",
                "count": 0
            },
            {
                "id": "100092045321858",
                "count": 0
            },
            {
                "id": "100092142530912",
                "count": 0
            },
            {
                "id": "61553455015739",
                "count": 0
            },
            {
                "id": "100092564143689",
                "count": 0
            },
            {
                "id": "61555412515045",
                "count": 0
            },
            {
                "id": "100092723694854",
                "count": 0
            },
            {
                "id": "100053892377552",
                "count": 0
            },
            {
                "id": "100084169082341",
                "count": 0
            },
            {
                "id": "61550555437615",
                "count": 0
            },
            {
                "id": "61551026070119",
                "count": 0
            },
            {
                "id": "61557426909261",
                "count": 0
            },
            {
                "id": "61554296355642",
                "count": 0
            },
            {
                "id": "100084227559971",
                "count": 0
            },
            {
                "id": "100086275548002",
                "count": 0
            },
            {
                "id": "100076364376865",
                "count": 0
            },
            {
                "id": "61556767894630",
                "count": 0
            },
            {
                "id": "100093460962344",
                "count": 0
            },
            {
                "id": "100078192142533",
                "count": 0
            },
            {
                "id": "100085338318856",
                "count": 0
            },
            {
                "id": "61557384032649",
                "count": 0
            },
            {
                "id": "100081113792112",
                "count": 0
            },
            {
                "id": "100080192990568",
                "count": 0
            },
            {
                "id": "61553076033146",
                "count": 0
            },
            {
                "id": "61551019765514",
                "count": 0
            },
            {
                "id": "100082751292734",
                "count": 0
            },
            {
                "id": "100074756664343",
                "count": 0
            },
            {
                "id": "100091729903340",
                "count": 0
            },
            {
                "id": "61557170705150",
                "count": 0
            },
            {
                "id": "100075816603849",
                "count": 0
            },
            {
                "id": "61551808787339",
                "count": 0
            },
            {
                "id": "100061709619498",
                "count": 0
            },
            {
                "id": "100085278801321",
                "count": 0
            },
            {
                "id": "100040591500510",
                "count": 0
            },
            {
                "id": "100078817611152",
                "count": 0
            },
            {
                "id": "61554175606935",
                "count": 0
            },
            {
                "id": "100077875985456",
                "count": 0
            },
            {
                "id": "100039567244705",
                "count": 0
            },
            {
                "id": "100078521865143",
                "count": 0
            },
            {
                "id": "100047739330065",
                "count": 0
            },
            {
                "id": "100074112287941",
                "count": 0
            },
            {
                "id": "788677641",
                "count": 0
            },
            {
                "id": "100095326124829",
                "count": 0
            },
            {
                "id": "100091063693822",
                "count": 0
            },
            {
                "id": "61551169958542",
                "count": 0
            },
            {
                "id": "100050999371837",
                "count": 0
            },
            {
                "id": "100075216610999",
                "count": 0
            },
            {
                "id": "61550422022816",
                "count": 0
            },
            {
                "id": "100063929996344",
                "count": 0
            },
            {
                "id": "61557058127947",
                "count": 0
            }
        ]
    }
}