{
    "total": [
        {
            "id": "61551050194339",
            "count": 0
        },
        {
            "id": "100075216610999",
            "count": 2
        },
        {
            "id": "100041079390776",
            "count": 1
        },
        {
            "id": "100077695195951",
            "count": 0
        }
    ],
    "week": [
        {
            "id": "61551050194339",
            "count": 0,
            "name": "Pham Thien Huong"
        },
        {
            "id": "100075216610999",
            "count": 0,
            "name": "Hyouka Granger"
        },
        {
            "id": "100041079390776",
            "count": 0,
            "name": "Chương Thái"
        },
        {
            "id": "100077695195951",
            "count": 0,
            "name": "Anh Tuan"
        }
    ],
    "day": [
        {
            "id": "61551050194339",
            "count": 0,
            "name": "Pham Thien Huong"
        },
        {
            "id": "100075216610999",
            "count": 0,
            "name": "Hyouka Granger"
        },
        {
            "id": "100041079390776",
            "count": 0,
            "name": "Chương Thái"
        },
        {
            "id": "100077695195951",
            "count": 0,
            "name": "Anh Tuan"
        }
    ],
    "time": 5,
    "last": {
        "time": 0,
        "day": [
            {
                "id": "61551050194339",
                "count": 0
            },
            {
                "id": "100075216610999",
                "count": 0
            },
            {
                "id": "100041079390776",
                "count": 0
            },
            {
                "id": "100077695195951",
                "count": 0
            }
        ],
        "week": [
            {
                "id": "61551050194339",
                "count": 0
            },
            {
                "id": "100075216610999",
                "count": 0
            },
            {
                "id": "100041079390776",
                "count": 0
            },
            {
                "id": "100077695195951",
                "count": 0
            }
        ]
    }
}