{
    "total": [
        {
            "id": "100089159412845",
            "count": 3
        },
        {
            "id": "100018151875111",
            "count": 5
        },
        {
            "id": "100075216610999",
            "count": 83
        }
    ],
    "week": [
        {
            "id": "100089159412845",
            "count": 0,
            "name": "Người dùng facebook"
        },
        {
            "id": "100018151875111",
            "count": 0,
            "name": "Người dùng facebook"
        },
        {
            "id": "100075216610999",
            "count": 0,
            "name": "Hyouka Granger"
        }
    ],
    "day": [
        {
            "id": "100089159412845",
            "count": 0,
            "name": "Người dùng facebook"
        },
        {
            "id": "100018151875111",
            "count": 0,
            "name": "Người dùng facebook"
        },
        {
            "id": "100075216610999",
            "count": 0,
            "name": "Hyouka Granger"
        }
    ],
    "time": 5,
    "last": {
        "time": 4,
        "day": [
            {
                "id": "100065046081397",
                "count": 0
            },
            {
                "id": "100088289078384",
                "count": 0
            },
            {
                "id": "100084368587446",
                "count": 0
            },
            {
                "id": "100069764767683",
                "count": 0
            },
            {
                "id": "100089159412845",
                "count": 0
            },
            {
                "id": "100078232936023",
                "count": 0
            },
            {
                "id": "100084707971693",
                "count": 0
            },
            {
                "id": "100054456996188",
                "count": 0
            },
            {
                "id": "100087057261784",
                "count": 0
            },
            {
                "id": "100041079390776",
                "count": 0
            },
            {
                "id": "100048604854032",
                "count": 0
            },
            {
                "id": "100088146921413",
                "count": 0
            },
            {
                "id": "100095256289378",
                "count": 0
            },
            {
                "id": "61551204993151",
                "count": 0
            },
            {
                "id": "100090993861905",
                "count": 0
            },
            {
                "id": "100040336537190",
                "count": 0
            },
            {
                "id": "100074307296563",
                "count": 0
            },
            {
                "id": "100082112157666",
                "count": 0
            },
            {
                "id": "61554868763758",
                "count": 0
            },
            {
                "id": "100018151875111",
                "count": 0
            },
            {
                "id": "100053377010478",
                "count": 0
            },
            {
                "id": "100075111655951",
                "count": 0
            },
            {
                "id": "100069336737773",
                "count": 0
            },
            {
                "id": "100093682042384",
                "count": 0
            },
            {
                "id": "61550082134046",
                "count": 0
            },
            {
                "id": "100081772122498",
                "count": 0
            },
            {
                "id": "61555184661397",
                "count": 0
            },
            {
                "id": "100085315473706",
                "count": 0
            },
            {
                "id": "100093945416969",
                "count": 0
            },
            {
                "id": "100090513006677",
                "count": 0
            },
            {
                "id": "61556858069251",
                "count": 0
            },
            {
                "id": "100066973586174",
                "count": 0
            },
            {
                "id": "61556606163162",
                "count": 0
            },
            {
                "id": "61556799647985",
                "count": 0
            },
            {
                "id": "100050999371837",
                "count": 0
            },
            {
                "id": "100075216610999",
                "count": 0
            },
            {
                "id": "100089702172324",
                "count": 0
            },
            {
                "id": "100087908887071",
                "count": 0
            },
            {
                "id": "100057557857508",
                "count": 0
            }
        ],
        "week": [
            {
                "id": "100065046081397",
                "count": 0
            },
            {
                "id": "100088289078384",
                "count": 0
            },
            {
                "id": "100084368587446",
                "count": 0
            },
            {
                "id": "100069764767683",
                "count": 0
            },
            {
                "id": "100089159412845",
                "count": 0
            },
            {
                "id": "100078232936023",
                "count": 0
            },
            {
                "id": "100084707971693",
                "count": 0
            },
            {
                "id": "100054456996188",
                "count": 0
            },
            {
                "id": "100087057261784",
                "count": 0
            },
            {
                "id": "100041079390776",
                "count": 0
            },
            {
                "id": "100048604854032",
                "count": 0
            },
            {
                "id": "100088146921413",
                "count": 0
            },
            {
                "id": "100095256289378",
                "count": 0
            },
            {
                "id": "61551204993151",
                "count": 0
            },
            {
                "id": "100090993861905",
                "count": 0
            },
            {
                "id": "100040336537190",
                "count": 0
            },
            {
                "id": "100074307296563",
                "count": 0
            },
            {
                "id": "100082112157666",
                "count": 0
            },
            {
                "id": "61554868763758",
                "count": 0
            },
            {
                "id": "100018151875111",
                "count": 0
            },
            {
                "id": "100053377010478",
                "count": 0
            },
            {
                "id": "100075111655951",
                "count": 0
            },
            {
                "id": "100069336737773",
                "count": 0
            },
            {
                "id": "100093682042384",
                "count": 0
            },
            {
                "id": "61550082134046",
                "count": 0
            },
            {
                "id": "100081772122498",
                "count": 0
            },
            {
                "id": "61555184661397",
                "count": 0
            },
            {
                "id": "100085315473706",
                "count": 0
            },
            {
                "id": "100093945416969",
                "count": 0
            },
            {
                "id": "100090513006677",
                "count": 0
            },
            {
                "id": "61556858069251",
                "count": 0
            },
            {
                "id": "100066973586174",
                "count": 0
            },
            {
                "id": "61556606163162",
                "count": 0
            },
            {
                "id": "61556799647985",
                "count": 0
            },
            {
                "id": "100050999371837",
                "count": 0
            },
            {
                "id": "100075216610999",
                "count": 0
            },
            {
                "id": "100089702172324",
                "count": 0
            },
            {
                "id": "100087908887071",
                "count": 0
            },
            {
                "id": "100057557857508",
                "count": 0
            }
        ]
    }
}