{
    "total": [
        {
            "id": "100052055734797",
            "count": 573
        },
        {
            "id": "100077988665576",
            "count": 9
        },
        {
            "id": "100091792403389",
            "count": 6
        },
        {
            "id": "100075216610999",
            "count": 355
        },
        {
            "id": "100076197892869",
            "count": 28
        },
        {
            "id": "100090701363326",
            "count": 109
        },
        {
            "id": "61553686736706",
            "count": 20
        },
        {
            "id": "100060791037285",
            "count": 3
        }
    ],
    "week": [
        {
            "id": "100052055734797",
            "count": 0,
            "name": "Người dùng facebook"
        },
        {
            "id": "100077988665576",
            "count": 0,
            "name": "Người dùng facebook"
        },
        {
            "id": "100091792403389",
            "count": 0,
            "name": "Người dùng facebook"
        },
        {
            "id": "100075216610999",
            "count": 0,
            "name": "Hyouka Granger"
        },
        {
            "id": "100076197892869",
            "count": 0,
            "name": "Người dùng facebook"
        },
        {
            "id": "100090701363326",
            "count": 0,
            "name": "Người dùng facebook"
        },
        {
            "id": "61553686736706",
            "count": 0,
            "name": "Người dùng facebook"
        },
        {
            "id": "100060791037285",
            "count": 0,
            "name": "Người dùng facebook"
        }
    ],
    "day": [
        {
            "id": "100052055734797",
            "count": 0,
            "name": "Người dùng facebook"
        },
        {
            "id": "100077988665576",
            "count": 0,
            "name": "Người dùng facebook"
        },
        {
            "id": "100091792403389",
            "count": 0,
            "name": "Người dùng facebook"
        },
        {
            "id": "100075216610999",
            "count": 0,
            "name": "Hyouka Granger"
        },
        {
            "id": "100076197892869",
            "count": 0,
            "name": "Người dùng facebook"
        },
        {
            "id": "100090701363326",
            "count": 0,
            "name": "Người dùng facebook"
        },
        {
            "id": "61553686736706",
            "count": 0,
            "name": "Người dùng facebook"
        },
        {
            "id": "100060791037285",
            "count": 0,
            "name": "Người dùng facebook"
        }
    ],
    "time": 5,
    "last": {
        "time": 5,
        "day": [
            {
                "id": "100063404344237",
                "count": 0
            },
            {
                "id": "100076947596768",
                "count": 0
            },
            {
                "id": "100094084689685",
                "count": 0
            },
            {
                "id": "61553686736706",
                "count": 0
            },
            {
                "id": "100064906780050",
                "count": 0
            },
            {
                "id": "100077070106154",
                "count": 0
            },
            {
                "id": "100092011630447",
                "count": 0
            },
            {
                "id": "100078812755631",
                "count": 0
            },
            {
                "id": "61555188151732",
                "count": 0
            },
            {
                "id": "100084103882087",
                "count": 0
            },
            {
                "id": "100086656342509",
                "count": 0
            },
            {
                "id": "100052055734797",
                "count": 0
            },
            {
                "id": "100090701363326",
                "count": 0
            },
            {
                "id": "100073708680594",
                "count": 0
            },
            {
                "id": "100091762900062",
                "count": 0
            },
            {
                "id": "100089699161918",
                "count": 0
            },
            {
                "id": "100084895207664",
                "count": 0
            },
            {
                "id": "61553952550229",
                "count": 0
            },
            {
                "id": "100090394920356",
                "count": 0
            },
            {
                "id": "100047668800395",
                "count": 0
            },
            {
                "id": "100017382636174",
                "count": 0
            },
            {
                "id": "100077988665576",
                "count": 0
            },
            {
                "id": "100036588066365",
                "count": 0
            },
            {
                "id": "100079085645975",
                "count": 0
            },
            {
                "id": "61557284377299",
                "count": 0
            },
            {
                "id": "61551244889824",
                "count": 0
            },
            {
                "id": "100085670745740",
                "count": 0
            },
            {
                "id": "100089796495864",
                "count": 0
            },
            {
                "id": "61553557865143",
                "count": 0
            },
            {
                "id": "100091792403389",
                "count": 0
            },
            {
                "id": "100055188964049",
                "count": 0
            },
            {
                "id": "100073285480156",
                "count": 0
            },
            {
                "id": "100050999371837",
                "count": 0
            },
            {
                "id": "100075216610999",
                "count": 0
            },
            {
                "id": "100076197892869",
                "count": 0
            },
            {
                "id": "100032603202173",
                "count": 0
            },
            {
                "id": "100060791037285",
                "count": 0
            },
            {
                "id": "100091115454240",
                "count": 0
            }
        ],
        "week": [
            {
                "id": "100063404344237",
                "count": 0
            },
            {
                "id": "100076947596768",
                "count": 0
            },
            {
                "id": "100094084689685",
                "count": 0
            },
            {
                "id": "61553686736706",
                "count": 0
            },
            {
                "id": "100064906780050",
                "count": 0
            },
            {
                "id": "100077070106154",
                "count": 0
            },
            {
                "id": "100092011630447",
                "count": 0
            },
            {
                "id": "100078812755631",
                "count": 0
            },
            {
                "id": "61555188151732",
                "count": 0
            },
            {
                "id": "100084103882087",
                "count": 0
            },
            {
                "id": "100086656342509",
                "count": 0
            },
            {
                "id": "100052055734797",
                "count": 0
            },
            {
                "id": "100090701363326",
                "count": 0
            },
            {
                "id": "100073708680594",
                "count": 0
            },
            {
                "id": "100091762900062",
                "count": 0
            },
            {
                "id": "100089699161918",
                "count": 0
            },
            {
                "id": "100084895207664",
                "count": 0
            },
            {
                "id": "61553952550229",
                "count": 0
            },
            {
                "id": "100090394920356",
                "count": 0
            },
            {
                "id": "100047668800395",
                "count": 0
            },
            {
                "id": "100017382636174",
                "count": 0
            },
            {
                "id": "100077988665576",
                "count": 0
            },
            {
                "id": "100036588066365",
                "count": 0
            },
            {
                "id": "100079085645975",
                "count": 0
            },
            {
                "id": "61557284377299",
                "count": 0
            },
            {
                "id": "61551244889824",
                "count": 0
            },
            {
                "id": "100085670745740",
                "count": 0
            },
            {
                "id": "100089796495864",
                "count": 0
            },
            {
                "id": "61553557865143",
                "count": 0
            },
            {
                "id": "100091792403389",
                "count": 0
            },
            {
                "id": "100055188964049",
                "count": 0
            },
            {
                "id": "100073285480156",
                "count": 0
            },
            {
                "id": "100050999371837",
                "count": 0
            },
            {
                "id": "100075216610999",
                "count": 0
            },
            {
                "id": "100076197892869",
                "count": 0
            },
            {
                "id": "100032603202173",
                "count": 0
            },
            {
                "id": "100060791037285",
                "count": 0
            },
            {
                "id": "100091115454240",
                "count": 0
            }
        ]
    }
}