{
    "total": [
        {
            "id": "61555158114992",
            "count": 0
        },
        {
            "id": "61556729671026",
            "count": 49
        },
        {
            "id": "100072747877928",
            "count": 12
        },
        {
            "id": "100041079390776",
            "count": 19
        },
        {
            "id": "100076452361867",
            "count": 0
        },
        {
            "id": "100075216610999",
            "count": 32
        }
    ],
    "week": [
        {
            "id": "61555158114992",
            "count": 0,
            "name": "Người dùng facebook"
        },
        {
            "id": "61556729671026",
            "count": 0,
            "name": "Be La Titi"
        },
        {
            "id": "100072747877928",
            "count": 0,
            "name": "𝑳𝒆̂ 𝑵𝒈𝒐̣𝒄 𝑴𝒊𝒏𝒉 𓅂 :) !!"
        },
        {
            "id": "100041079390776",
            "count": 0,
            "name": "Chương Thái"
        },
        {
            "id": "100076452361867",
            "count": 0,
            "name": "Người dùng facebook"
        },
        {
            "id": "100075216610999",
            "count": 0,
            "name": "Hyouka Granger"
        }
    ],
    "day": [
        {
            "id": "61555158114992",
            "count": 0,
            "name": "Người dùng facebook"
        },
        {
            "id": "61556729671026",
            "count": 0,
            "name": "Be La Titi"
        },
        {
            "id": "100072747877928",
            "count": 0,
            "name": "𝑳𝒆̂ 𝑵𝒈𝒐̣𝒄 𝑴𝒊𝒏𝒉 𓅂 :) !!"
        },
        {
            "id": "100041079390776",
            "count": 0,
            "name": "Chương Thái"
        },
        {
            "id": "100076452361867",
            "count": 0,
            "name": "Người dùng facebook"
        },
        {
            "id": "100075216610999",
            "count": 0,
            "name": "Hyouka Granger"
        }
    ],
    "time": 5,
    "last": {
        "time": 3,
        "day": [
            {
                "id": "61555158114992",
                "count": 0
            },
            {
                "id": "61556729671026",
                "count": 0
            },
            {
                "id": "100072747877928",
                "count": 0
            },
            {
                "id": "100041079390776",
                "count": 0
            },
            {
                "id": "100076452361867",
                "count": 0
            },
            {
                "id": "100075216610999",
                "count": 0
            }
        ],
        "week": [
            {
                "id": "61555158114992",
                "count": 0
            },
            {
                "id": "61556729671026",
                "count": 0
            },
            {
                "id": "100072747877928",
                "count": 0
            },
            {
                "id": "100041079390776",
                "count": 0
            },
            {
                "id": "100076452361867",
                "count": 0
            },
            {
                "id": "100075216610999",
                "count": 0
            }
        ]
    }
}