{
    "total": [
        {
            "id": "61551814800929",
            "count": 0
        },
        {
            "id": "100013467979376",
            "count": 159
        },
        {
            "id": "100058694446859",
            "count": 264
        },
        {
            "id": "100061974177270",
            "count": 21
        },
        {
            "id": "100063474094315",
            "count": 57
        },
        {
            "id": "100070294427154",
            "count": 0
        },
        {
            "id": "100079209277166",
            "count": 0
        },
        {
            "id": "100076756176687",
            "count": 8
        },
        {
            "id": "100074745660176",
            "count": 257
        },
        {
            "id": "100087069398890",
            "count": 189
        },
        {
            "id": "100075216610999",
            "count": 214
        },
        {
            "id": "100050999371837",
            "count": 51
        },
        {
            "id": "100061200095467",
            "count": 20
        },
        {
            "id": "100078688036361",
            "count": 0
        },
        {
            "id": "100069713443947",
            "count": 9
        },
        {
            "id": "100070614622898",
            "count": 4
        },
        {
            "id": "100087872925002",
            "count": 35
        },
        {
            "id": "100086223973007",
            "count": 21
        },
        {
            "id": "100092692429450",
            "count": 24
        },
        {
            "id": "100087337110749",
            "count": 0
        },
        {
            "id": "100071670588406",
            "count": 56
        },
        {
            "id": "100068231147813",
            "count": 5
        },
        {
            "id": "100050070181302",
            "count": 5
        },
        {
            "id": "100080126388378",
            "count": 4
        },
        {
            "id": "100082416487508",
            "count": 8
        },
        {
            "id": "100088266404895",
            "count": 6
        },
        {
            "id": "100068678053593",
            "count": 52
        },
        {
            "id": "100083862489004",
            "count": 35
        },
        {
            "id": "100053141808570",
            "count": 6
        },
        {
            "id": "100093039952853",
            "count": 0
        },
        {
            "id": "100033460458373",
            "count": 0
        },
        {
            "id": "100060864524690",
            "count": 54
        },
        {
            "id": "100063400814183",
            "count": 0
        },
        {
            "id": "100079017055391",
            "count": 41
        },
        {
            "id": "100094722228701",
            "count": 19
        },
        {
            "id": "100066742646168",
            "count": 1
        },
        {
            "id": "100053880011486",
            "count": 139
        },
        {
            "id": "100061258514761",
            "count": 6
        },
        {
            "id": "100076421236545",
            "count": 3
        },
        {
            "id": "100076549448118",
            "count": 5
        },
        {
            "id": "100079291809883",
            "count": 54
        },
        {
            "id": "100073146462109",
            "count": 8
        },
        {
            "id": "100088603552673",
            "count": 0
        },
        {
            "id": "100042223691757",
            "count": 0
        },
        {
            "id": "100087963441329",
            "count": 19
        },
        {
            "id": "100066743076880",
            "count": 79
        },
        {
            "id": "100083554835654",
            "count": 0
        },
        {
            "id": "100045490206027",
            "count": 0
        },
        {
            "id": "100073189712546",
            "count": 0
        },
        {
            "id": "100085105325882",
            "count": 1
        },
        {
            "id": "100057025868501",
            "count": 23
        },
        {
            "id": "100077306627990",
            "count": 8
        },
        {
            "id": "100076955834728",
            "count": 32
        },
        {
            "id": "100078738729314",
            "count": 3
        },
        {
            "id": "100076224217884",
            "count": 0
        },
        {
            "id": "100077162244471",
            "count": 7
        },
        {
            "id": "100083378893417",
            "count": 0
        },
        {
            "id": "100058721495126",
            "count": 0
        },
        {
            "id": "100057048344229",
            "count": 2
        },
        {
            "id": "100077456613877",
            "count": 8
        },
        {
            "id": "100057426385856",
            "count": 3
        },
        {
            "id": "100090188027893",
            "count": 49
        },
        {
            "id": "100078486450878",
            "count": 0
        },
        {
            "id": "100073301618761",
            "count": 0
        },
        {
            "id": "100073369300133",
            "count": 0
        },
        {
            "id": "100055880739186",
            "count": 1
        },
        {
            "id": "100069404082801",
            "count": 1
        },
        {
            "id": "100039547621016",
            "count": 1
        },
        {
            "id": "100056437675576",
            "count": 2
        },
        {
            "id": "100075867189890",
            "count": 0
        },
        {
            "id": "100044066383010",
            "count": 0
        },
        {
            "id": "100051562472330",
            "count": 12
        },
        {
            "id": "100072406550518",
            "count": 65
        },
        {
            "id": "100072071527005",
            "count": 0
        },
        {
            "id": "100003092172554",
            "count": 0
        },
        {
            "id": "100075165168388",
            "count": 0
        },
        {
            "id": "100030733512726",
            "count": 26
        },
        {
            "id": "100076951161737",
            "count": 6
        },
        {
            "id": "100054784372540",
            "count": 0
        },
        {
            "id": "100080472289889",
            "count": 2
        },
        {
            "id": "100082456364789",
            "count": 0
        },
        {
            "id": "100086380152894",
            "count": 5
        },
        {
            "id": "100039550703771",
            "count": 10
        },
        {
            "id": "100053657677551",
            "count": 1
        },
        {
            "id": "100027767023973",
            "count": 0
        },
        {
            "id": "100036601117063",
            "count": 1
        },
        {
            "id": "100054091465276",
            "count": 0
        },
        {
            "id": "61554879134226",
            "count": 0
        },
        {
            "id": "100070025592872",
            "count": 3
        },
        {
            "id": "61550024013512",
            "count": 0
        },
        {
            "id": "100093702377858",
            "count": 9
        },
        {
            "id": "100071244065545",
            "count": 4
        },
        {
            "id": "100090937951883",
            "count": 11
        },
        {
            "id": "100051457082315",
            "count": 0
        },
        {
            "id": "100028486076228",
            "count": 4
        },
        {
            "id": "100071582273145",
            "count": 0
        },
        {
            "id": "100064469636120",
            "count": 22
        },
        {
            "id": "61550915154147",
            "count": 0
        },
        {
            "id": "100093189366638",
            "count": 0
        },
        {
            "id": "61556024791483",
            "count": 10
        },
        {
            "id": "100093002171842",
            "count": 1
        },
        {
            "id": "100065093449013",
            "count": 15
        },
        {
            "id": "100050225822391",
            "count": 1
        },
        {
            "id": "61550580492860",
            "count": 11
        },
        {
            "id": "100042915767786",
            "count": 1
        },
        {
            "id": "100006554829217",
            "count": 0
        },
        {
            "id": "100035161502148",
            "count": 10
        },
        {
            "id": "61558505523635",
            "count": 5
        },
        {
            "id": "100017782360696",
            "count": 3
        },
        {
            "id": "100086681899912",
            "count": 43
        },
        {
            "id": "100076662031012",
            "count": 0
        },
        {
            "id": "100076648915806",
            "count": 2
        },
        {
            "id": "100038066858827",
            "count": 20
        },
        {
            "id": "100095273620685",
            "count": 101
        },
        {
            "id": "100091511871104",
            "count": 15
        },
        {
            "id": "100093215460715",
            "count": 7
        },
        {
            "id": "100088614442826",
            "count": 0
        },
        {
            "id": "100079053506908",
            "count": 1
        },
        {
            "id": "100054281505534",
            "count": 25
        },
        {
            "id": "100031609898365",
            "count": 0
        },
        {
            "id": "100093444708019",
            "count": 0
        },
        {
            "id": "100029909805336",
            "count": 2
        },
        {
            "id": "100091386999250",
            "count": 59
        },
        {
            "id": "100081911889027",
            "count": 2
        },
        {
            "id": "61558336045605",
            "count": 30
        },
        {
            "id": "100081521352454",
            "count": 0
        },
        {
            "id": "100075837063936",
            "count": 5
        }
    ],
    "week": [
        {
            "id": "61551814800929",
            "count": 0
        },
        {
            "id": "100013467979376",
            "count": 159
        },
        {
            "id": "100058694446859",
            "count": 264
        },
        {
            "id": "100061974177270",
            "count": 21
        },
        {
            "id": "100063474094315",
            "count": 57
        },
        {
            "id": "100070294427154",
            "count": 0
        },
        {
            "id": "100079209277166",
            "count": 0
        },
        {
            "id": "100076756176687",
            "count": 8
        },
        {
            "id": "100074745660176",
            "count": 257
        },
        {
            "id": "100087069398890",
            "count": 189
        },
        {
            "id": "100075216610999",
            "count": 214
        },
        {
            "id": "100050999371837",
            "count": 51
        },
        {
            "id": "100061200095467",
            "count": 20
        },
        {
            "id": "100078688036361",
            "count": 0
        },
        {
            "id": "100069713443947",
            "count": 9
        },
        {
            "id": "100070614622898",
            "count": 4
        },
        {
            "id": "100087872925002",
            "count": 35
        },
        {
            "id": "100086223973007",
            "count": 21
        },
        {
            "id": "100092692429450",
            "count": 24
        },
        {
            "id": "100087337110749",
            "count": 0
        },
        {
            "id": "100071670588406",
            "count": 56
        },
        {
            "id": "100068231147813",
            "count": 5
        },
        {
            "id": "100050070181302",
            "count": 5
        },
        {
            "id": "100080126388378",
            "count": 4
        },
        {
            "id": "100082416487508",
            "count": 8
        },
        {
            "id": "100088266404895",
            "count": 6
        },
        {
            "id": "100068678053593",
            "count": 52
        },
        {
            "id": "100083862489004",
            "count": 35
        },
        {
            "id": "100053141808570",
            "count": 6
        },
        {
            "id": "100093039952853",
            "count": 0
        },
        {
            "id": "100033460458373",
            "count": 0
        },
        {
            "id": "100060864524690",
            "count": 54
        },
        {
            "id": "100063400814183",
            "count": 0
        },
        {
            "id": "100079017055391",
            "count": 41
        },
        {
            "id": "100094722228701",
            "count": 19
        },
        {
            "id": "100066742646168",
            "count": 1
        },
        {
            "id": "100053880011486",
            "count": 139
        },
        {
            "id": "100061258514761",
            "count": 6
        },
        {
            "id": "100076421236545",
            "count": 3
        },
        {
            "id": "100076549448118",
            "count": 5
        },
        {
            "id": "100079291809883",
            "count": 54
        },
        {
            "id": "100073146462109",
            "count": 8
        },
        {
            "id": "100088603552673",
            "count": 0
        },
        {
            "id": "100042223691757",
            "count": 0
        },
        {
            "id": "100087963441329",
            "count": 19
        },
        {
            "id": "100066743076880",
            "count": 79
        },
        {
            "id": "100083554835654",
            "count": 0
        },
        {
            "id": "100045490206027",
            "count": 0
        },
        {
            "id": "100073189712546",
            "count": 0
        },
        {
            "id": "100085105325882",
            "count": 1
        },
        {
            "id": "100057025868501",
            "count": 23
        },
        {
            "id": "100077306627990",
            "count": 8
        },
        {
            "id": "100076955834728",
            "count": 32
        },
        {
            "id": "100078738729314",
            "count": 3
        },
        {
            "id": "100076224217884",
            "count": 0
        },
        {
            "id": "100077162244471",
            "count": 7
        },
        {
            "id": "100083378893417",
            "count": 0
        },
        {
            "id": "100058721495126",
            "count": 0
        },
        {
            "id": "100057048344229",
            "count": 2
        },
        {
            "id": "100077456613877",
            "count": 8
        },
        {
            "id": "100057426385856",
            "count": 3
        },
        {
            "id": "100090188027893",
            "count": 49
        },
        {
            "id": "100078486450878",
            "count": 0
        },
        {
            "id": "100073301618761",
            "count": 0
        },
        {
            "id": "100073369300133",
            "count": 0
        },
        {
            "id": "100055880739186",
            "count": 1
        },
        {
            "id": "100069404082801",
            "count": 1
        },
        {
            "id": "100039547621016",
            "count": 1
        },
        {
            "id": "100056437675576",
            "count": 2
        },
        {
            "id": "100075867189890",
            "count": 0
        },
        {
            "id": "100044066383010",
            "count": 0
        },
        {
            "id": "100051562472330",
            "count": 12
        },
        {
            "id": "100072406550518",
            "count": 65
        },
        {
            "id": "100072071527005",
            "count": 0
        },
        {
            "id": "100003092172554",
            "count": 0
        },
        {
            "id": "100075165168388",
            "count": 0
        },
        {
            "id": "100030733512726",
            "count": 26
        },
        {
            "id": "100076951161737",
            "count": 6
        },
        {
            "id": "100054784372540",
            "count": 0
        },
        {
            "id": "100080472289889",
            "count": 2
        },
        {
            "id": "100082456364789",
            "count": 0
        },
        {
            "id": "100086380152894",
            "count": 5
        },
        {
            "id": "100039550703771",
            "count": 10
        },
        {
            "id": "100053657677551",
            "count": 1
        },
        {
            "id": "100027767023973",
            "count": 0
        },
        {
            "id": "100036601117063",
            "count": 1
        },
        {
            "id": "100054091465276",
            "count": 0
        },
        {
            "id": "61554879134226",
            "count": 0
        },
        {
            "id": "100070025592872",
            "count": 3
        },
        {
            "id": "61550024013512",
            "count": 0
        },
        {
            "id": "100093702377858",
            "count": 9
        },
        {
            "id": "100071244065545",
            "count": 4
        },
        {
            "id": "100090937951883",
            "count": 11
        },
        {
            "id": "100051457082315",
            "count": 0
        },
        {
            "id": "100028486076228",
            "count": 4
        },
        {
            "id": "100071582273145",
            "count": 0
        },
        {
            "id": "100064469636120",
            "count": 22
        },
        {
            "id": "61550915154147",
            "count": 0
        },
        {
            "id": "100093189366638",
            "count": 0
        },
        {
            "id": "61556024791483",
            "count": 10
        },
        {
            "id": "100093002171842",
            "count": 1
        },
        {
            "id": "100065093449013",
            "count": 15
        },
        {
            "id": "100050225822391",
            "count": 1
        },
        {
            "id": "61550580492860",
            "count": 11
        },
        {
            "id": "100042915767786",
            "count": 1
        },
        {
            "id": "100006554829217",
            "count": 0
        },
        {
            "id": "100035161502148",
            "count": 10
        },
        {
            "id": "61558505523635",
            "count": 5
        },
        {
            "id": "100017782360696",
            "count": 3
        },
        {
            "id": "100086681899912",
            "count": 43
        },
        {
            "id": "100076662031012",
            "count": 0
        },
        {
            "id": "100076648915806",
            "count": 2
        },
        {
            "id": "100038066858827",
            "count": 20
        },
        {
            "id": "100095273620685",
            "count": 101
        },
        {
            "id": "100091511871104",
            "count": 15
        },
        {
            "id": "100093215460715",
            "count": 7
        },
        {
            "id": "100088614442826",
            "count": 0
        },
        {
            "id": "100079053506908",
            "count": 1
        },
        {
            "id": "100054281505534",
            "count": 25
        },
        {
            "id": "100031609898365",
            "count": 0
        },
        {
            "id": "100093444708019",
            "count": 0
        },
        {
            "id": "100029909805336",
            "count": 2
        },
        {
            "id": "100091386999250",
            "count": 59
        },
        {
            "id": "100081911889027",
            "count": 2
        },
        {
            "id": "61558336045605",
            "count": 30
        },
        {
            "id": "100081521352454",
            "count": 0
        },
        {
            "id": "100075837063936",
            "count": 5
        }
    ],
    "day": [
        {
            "id": "61551814800929",
            "count": 0,
            "name": "Yen Nhi Ngocc"
        },
        {
            "id": "100013467979376",
            "count": 7,
            "name": "Phương Thảo"
        },
        {
            "id": "100058694446859",
            "count": 9,
            "name": "Ngọc My"
        },
        {
            "id": "100061974177270",
            "count": 2,
            "name": "Ph Khanh Bang"
        },
        {
            "id": "100063474094315",
            "count": 4,
            "name": "Kimm Ngânn"
        },
        {
            "id": "100070294427154",
            "count": 0,
            "name": "Phươngg Uyênn"
        },
        {
            "id": "100079209277166",
            "count": 0,
            "name": "Tr Ngoc Thao Linh"
        },
        {
            "id": "100076756176687",
            "count": 0,
            "name": "Thắm Phạm"
        },
        {
            "id": "100074745660176",
            "count": 7,
            "name": "Woan Lie"
        },
        {
            "id": "100087069398890",
            "count": 7,
            "name": "Traa Giangg"
        },
        {
            "id": "100075216610999",
            "count": 17,
            "name": "Hyouka Granger"
        },
        {
            "id": "100050999371837",
            "count": 0,
            "name": "Tiến Nguyễn"
        },
        {
            "id": "100061200095467",
            "count": 9,
            "name": "Trần Gia Huy"
        },
        {
            "id": "100078688036361",
            "count": 0,
            "name": "Thaoo Myy"
        },
        {
            "id": "100069713443947",
            "count": 0,
            "name": "Đặng Trung Nghĩa"
        },
        {
            "id": "100070614622898",
            "count": 0,
            "name": "Nguyen Anh Tuấn"
        },
        {
            "id": "100087872925002",
            "count": 35,
            "name": "Chipp Chipp"
        },
        {
            "id": "100086223973007",
            "count": 0,
            "name": "Nguyen Gia Ngan"
        },
        {
            "id": "100092692429450",
            "count": 0,
            "name": "Đăng Khoa"
        },
        {
            "id": "100087337110749",
            "count": 0,
            "name": "Hiếu Mã"
        },
        {
            "id": "100071670588406",
            "count": 2,
            "name": "Tấn Tài"
        },
        {
            "id": "100068231147813",
            "count": 0,
            "name": "Nguyễn Long"
        },
        {
            "id": "100050070181302",
            "count": 2,
            "name": "Tra Myy"
        },
        {
            "id": "100080126388378",
            "count": 4,
            "name": "Huân Nguyễn"
        },
        {
            "id": "100082416487508",
            "count": 0,
            "name": "Uyên Nguyễn"
        },
        {
            "id": "100088266404895",
            "count": 0,
            "name": "Ngọc Phong"
        },
        {
            "id": "100068678053593",
            "count": 16,
            "name": "Nguyễn Thanh Thiện"
        },
        {
            "id": "100083862489004",
            "count": 0,
            "name": "Gia Bảo"
        },
        {
            "id": "100053141808570",
            "count": 0,
            "name": "Nguyễn Văn Trình"
        },
        {
            "id": "100093039952853",
            "count": 0,
            "name": "Pé Thiên"
        },
        {
            "id": "100033460458373",
            "count": 0,
            "name": "Nguyễn Kim Vy"
        },
        {
            "id": "100060864524690",
            "count": 35,
            "name": "Thanh Khôi"
        },
        {
            "id": "100063400814183",
            "count": 0,
            "name": "Duc Viet"
        },
        {
            "id": "100079017055391",
            "count": 4,
            "name": "Thuoc メ"
        },
        {
            "id": "100094722228701",
            "count": 0,
            "name": "Thuan Anh"
        },
        {
            "id": "100066742646168",
            "count": 0,
            "name": "Nguyen Tra My "
        },
        {
            "id": "100053880011486",
            "count": 2,
            "name": "Nguyễn Hoàng Nam"
        },
        {
            "id": "100061258514761",
            "count": 3,
            "name": "Diem Quynh"
        },
        {
            "id": "100076421236545",
            "count": 0,
            "name": "Thái Tiến"
        },
        {
            "id": "100076549448118",
            "count": 0,
            "name": "Gia Bảo"
        },
        {
            "id": "100079291809883",
            "count": 0,
            "name": "Duyên Hoàng"
        },
        {
            "id": "100073146462109",
            "count": 0,
            "name": "Nguyễn Hiếu"
        },
        {
            "id": "100088603552673",
            "count": 0,
            "name": "Nguyễn Khánh Trâm"
        },
        {
            "id": "100042223691757",
            "count": 0,
            "name": "Đạt Phan"
        },
        {
            "id": "100087963441329",
            "count": 0,
            "name": "Yến Linh"
        },
        {
            "id": "100066743076880",
            "count": 3,
            "name": "Trần Phi"
        },
        {
            "id": "100083554835654",
            "count": 0,
            "name": "Người dùng facebook"
        },
        {
            "id": "100045490206027",
            "count": 0,
            "name": "Phan Văn Hòa"
        },
        {
            "id": "100073189712546",
            "count": 0,
            "name": "Trd Phuongg"
        },
        {
            "id": "100085105325882",
            "count": 0,
            "name": "Phúc Nguyễn"
        },
        {
            "id": "100057025868501",
            "count": 0,
            "name": "Phúc Hậu"
        },
        {
            "id": "100077306627990",
            "count": 0,
            "name": "TN Vũ"
        },
        {
            "id": "100076955834728",
            "count": 14,
            "name": "Anh Phan"
        },
        {
            "id": "100078738729314",
            "count": 3,
            "name": "Đặng Phúc"
        },
        {
            "id": "100076224217884",
            "count": 0,
            "name": "Nam Con"
        },
        {
            "id": "100077162244471",
            "count": 6,
            "name": "Nguyen Manh Dung"
        },
        {
            "id": "100083378893417",
            "count": 0,
            "name": "Thảo Linh"
        },
        {
            "id": "100058721495126",
            "count": 0,
            "name": "Bảo Nam"
        },
        {
            "id": "100057048344229",
            "count": 0,
            "name": "Thu Thủy"
        },
        {
            "id": "100077456613877",
            "count": 4,
            "name": "Khannh Duyy"
        },
        {
            "id": "100057426385856",
            "count": 0,
            "name": "Lâm Lê"
        },
        {
            "id": "100090188027893",
            "count": 5,
            "name": "Lê Đạt Thành"
        },
        {
            "id": "100078486450878",
            "count": 0,
            "name": "Cn Mel"
        },
        {
            "id": "100073301618761",
            "count": 0,
            "name": "Nguyễn Quân"
        },
        {
            "id": "100073369300133",
            "count": 0,
            "name": "Quốc Bảo"
        },
        {
            "id": "100055880739186",
            "count": 1,
            "name": "Gia Khang"
        },
        {
            "id": "100069404082801",
            "count": 1,
            "name": "Người dùng facebook"
        },
        {
            "id": "100039547621016",
            "count": 0,
            "name": "Ai Biết Tí Đang"
        },
        {
            "id": "100056437675576",
            "count": 2,
            "name": "Vương Trang"
        },
        {
            "id": "100075867189890",
            "count": 0,
            "name": "Ngvan Gnouc"
        },
        {
            "id": "100044066383010",
            "count": 0,
            "name": "Nguyen Trang"
        },
        {
            "id": "100051562472330",
            "count": 0,
            "name": "Phạm Văn Tuệ"
        },
        {
            "id": "100072406550518",
            "count": 1,
            "name": "Thảo Vy"
        },
        {
            "id": "100072071527005",
            "count": 0,
            "name": "ĐứcAnh Phạm"
        },
        {
            "id": "100003092172554",
            "count": 0,
            "name": "Tuan Minh"
        },
        {
            "id": "100075165168388",
            "count": 0,
            "name": "Tâm Minh"
        },
        {
            "id": "100030733512726",
            "count": 0,
            "name": "Nguyễn Thiện"
        },
        {
            "id": "100076951161737",
            "count": 3,
            "name": "Nguyệt Ánh"
        },
        {
            "id": "100054784372540",
            "count": 0,
            "name": "Hoàng Tân"
        },
        {
            "id": "100080472289889",
            "count": 0,
            "name": "Hè Hé"
        },
        {
            "id": "100082456364789",
            "count": 0,
            "name": "Người dùng facebook"
        },
        {
            "id": "100086380152894",
            "count": 2,
            "name": "Thiên Hương"
        },
        {
            "id": "100039550703771",
            "count": 0,
            "name": "Hoàng Phát"
        },
        {
            "id": "100053657677551",
            "count": 0,
            "name": "Thanh Ngọc"
        },
        {
            "id": "100027767023973",
            "count": 0,
            "name": "Do Minh Viet"
        },
        {
            "id": "100036601117063",
            "count": 0,
            "name": "Lê Duy"
        },
        {
            "id": "100054091465276",
            "count": 0,
            "name": "Minh Nguyễn Đại"
        },
        {
            "id": "61554879134226",
            "count": 0,
            "name": "Sơn Vo"
        },
        {
            "id": "100070025592872",
            "count": 0,
            "name": "Ph Hung"
        },
        {
            "id": "61550024013512",
            "count": 0,
            "name": "Hai Dang"
        },
        {
            "id": "100093702377858",
            "count": 3,
            "name": "Thu Changg"
        },
        {
            "id": "100071244065545",
            "count": 0,
            "name": "Ng Khanh Ngoc"
        },
        {
            "id": "100090937951883",
            "count": 4,
            "name": "Đênh Lênh"
        },
        {
            "id": "100051457082315",
            "count": 0,
            "name": "Thànhh Lượng"
        },
        {
            "id": "100028486076228",
            "count": 1,
            "name": "Minh Thái"
        },
        {
            "id": "100071582273145",
            "count": 0,
            "name": "Đặng Quốc Nhật Kỳ"
        },
        {
            "id": "100064469636120",
            "count": 1,
            "name": "Nguyễn Đình Hải Long"
        },
        {
            "id": "61550915154147",
            "count": 0,
            "name": "Người dùng facebook"
        },
        {
            "id": "100093189366638",
            "count": 0,
            "name": "Người dùng facebook"
        },
        {
            "id": "61556024791483",
            "count": 0,
            "name": "Trung Lê"
        },
        {
            "id": "100093002171842",
            "count": 0,
            "name": "Nguyễn Quốc Huy"
        },
        {
            "id": "100065093449013",
            "count": 0,
            "name": "Phạm Hiếu"
        },
        {
            "id": "100050225822391",
            "count": 0,
            "name": "Đoàn Trịnh Thùy Trang"
        },
        {
            "id": "61550580492860",
            "count": 1,
            "name": "Tuấn Tất"
        },
        {
            "id": "100042915767786",
            "count": 0,
            "name": "Lê Đình Thuận"
        },
        {
            "id": "100006554829217",
            "count": 0,
            "name": "Hoàng Thanh Tâm"
        },
        {
            "id": "100035161502148",
            "count": 0,
            "name": "Hiếu Huỳnh"
        },
        {
            "id": "61558505523635",
            "count": 2,
            "name": "Hoàng Đức Huy"
        },
        {
            "id": "100017782360696",
            "count": 1,
            "name": "Hoàng Minh Hiếu"
        },
        {
            "id": "100086681899912",
            "count": 1,
            "name": "Ngo Hoang Anh"
        },
        {
            "id": "100076662031012",
            "count": 0,
            "name": "Người dùng facebook"
        },
        {
            "id": "100076648915806",
            "count": 1,
            "name": "Tuấn Chipp"
        },
        {
            "id": "100038066858827",
            "count": 1,
            "name": "Nguyễn Văn Mạnh"
        },
        {
            "id": "100095273620685",
            "count": 9,
            "name": "Thu Hiền"
        },
        {
            "id": "100091511871104",
            "count": 0,
            "name": "Một Lần Thoii"
        },
        {
            "id": "100093215460715",
            "count": 0,
            "name": "Long Nhật"
        },
        {
            "id": "100088614442826",
            "count": 0,
            "name": "Kha Vee"
        },
        {
            "id": "100079053506908",
            "count": 0,
            "name": "Trịnh Nam"
        },
        {
            "id": "100054281505534",
            "count": 0,
            "name": "Tuấn Văn"
        },
        {
            "id": "100031609898365",
            "count": 0,
            "name": "Đình Trường"
        },
        {
            "id": "100093444708019",
            "count": 0,
            "name": "Người dùng facebook"
        },
        {
            "id": "100029909805336",
            "count": 0,
            "name": "Khả Minh"
        },
        {
            "id": "100091386999250",
            "count": 16,
            "name": "Nguyễn Gia Phúc"
        },
        {
            "id": "100081911889027",
            "count": 0,
            "name": "Duy Mai"
        },
        {
            "id": "61558336045605",
            "count": 29,
            "name": "Tran Tan Thanh Phat"
        },
        {
            "id": "100081521352454",
            "count": 0,
            "name": "Nguyên Trần"
        },
        {
            "id": "100075837063936",
            "count": 5
        }
    ],
    "time": 5,
    "last": {
        "time": 2,
        "day": [
            {
                "id": "61551814800929",
                "count": 0
            },
            {
                "id": "100013467979376",
                "count": 0
            },
            {
                "id": "100040668279242",
                "count": 0
            },
            {
                "id": "100058694446859",
                "count": 0
            },
            {
                "id": "100061974177270",
                "count": 0
            },
            {
                "id": "100063474094315",
                "count": 0
            },
            {
                "id": "100070294427154",
                "count": 0
            },
            {
                "id": "100079209277166",
                "count": 0
            },
            {
                "id": "100076756176687",
                "count": 0
            },
            {
                "id": "100074745660176",
                "count": 0
            },
            {
                "id": "100087069398890",
                "count": 0
            },
            {
                "id": "100075216610999",
                "count": 0
            },
            {
                "id": "100050999371837",
                "count": 0
            },
            {
                "id": "100081990332302",
                "count": 0
            },
            {
                "id": "100061200095467",
                "count": 0
            },
            {
                "id": "100078688036361",
                "count": 0
            },
            {
                "id": "100069713443947",
                "count": 0
            },
            {
                "id": "100070614622898",
                "count": 0
            },
            {
                "id": "100087872925002",
                "count": 0
            },
            {
                "id": "100086223973007",
                "count": 0
            },
            {
                "id": "100092692429450",
                "count": 0
            },
            {
                "id": "100087337110749",
                "count": 0
            },
            {
                "id": "100084990271427",
                "count": 0
            },
            {
                "id": "100071670588406",
                "count": 0
            },
            {
                "id": "100068231147813",
                "count": 0
            },
            {
                "id": "100050070181302",
                "count": 0
            },
            {
                "id": "100080126388378",
                "count": 0
            },
            {
                "id": "100082416487508",
                "count": 0
            },
            {
                "id": "100088266404895",
                "count": 0
            },
            {
                "id": "100068678053593",
                "count": 0
            },
            {
                "id": "100083862489004",
                "count": 0
            },
            {
                "id": "100053141808570",
                "count": 0
            },
            {
                "id": "100093039952853",
                "count": 0
            },
            {
                "id": "100033460458373",
                "count": 0
            },
            {
                "id": "100060864524690",
                "count": 0
            },
            {
                "id": "100063400814183",
                "count": 0
            },
            {
                "id": "100079017055391",
                "count": 0
            },
            {
                "id": "100094722228701",
                "count": 0
            },
            {
                "id": "100066742646168",
                "count": 0
            },
            {
                "id": "100053880011486",
                "count": 0
            },
            {
                "id": "100061258514761",
                "count": 0
            },
            {
                "id": "100076421236545",
                "count": 0
            },
            {
                "id": "100076549448118",
                "count": 0
            },
            {
                "id": "100079291809883",
                "count": 0
            },
            {
                "id": "100073146462109",
                "count": 0
            },
            {
                "id": "100088603552673",
                "count": 0
            },
            {
                "id": "100042223691757",
                "count": 0
            },
            {
                "id": "100087963441329",
                "count": 0
            },
            {
                "id": "100066743076880",
                "count": 0
            },
            {
                "id": "100083554835654",
                "count": 0
            },
            {
                "id": "100045490206027",
                "count": 0
            },
            {
                "id": "100073189712546",
                "count": 0
            },
            {
                "id": "100085105325882",
                "count": 0
            },
            {
                "id": "100057025868501",
                "count": 0
            },
            {
                "id": "100077306627990",
                "count": 0
            },
            {
                "id": "100076955834728",
                "count": 0
            },
            {
                "id": "100078738729314",
                "count": 0
            },
            {
                "id": "100011481014596",
                "count": 0
            },
            {
                "id": "100076224217884",
                "count": 0
            },
            {
                "id": "100077162244471",
                "count": 0
            },
            {
                "id": "100083378893417",
                "count": 0
            },
            {
                "id": "100058721495126",
                "count": 0
            },
            {
                "id": "100057048344229",
                "count": 0
            },
            {
                "id": "100077456613877",
                "count": 0
            },
            {
                "id": "100057426385856",
                "count": 0
            },
            {
                "id": "100090188027893",
                "count": 0
            },
            {
                "id": "100078486450878",
                "count": 0
            },
            {
                "id": "100073301618761",
                "count": 0
            },
            {
                "id": "100073369300133",
                "count": 0
            },
            {
                "id": "100055880739186",
                "count": 0
            },
            {
                "id": "100069404082801",
                "count": 0
            },
            {
                "id": "100039547621016",
                "count": 0
            },
            {
                "id": "100056437675576",
                "count": 0
            },
            {
                "id": "100075867189890",
                "count": 0
            },
            {
                "id": "100044066383010",
                "count": 0
            },
            {
                "id": "100051562472330",
                "count": 0
            },
            {
                "id": "100072406550518",
                "count": 0
            },
            {
                "id": "100072071527005",
                "count": 0
            },
            {
                "id": "100003092172554",
                "count": 0
            },
            {
                "id": "100075165168388",
                "count": 0
            },
            {
                "id": "100030733512726",
                "count": 0
            },
            {
                "id": "100076951161737",
                "count": 0
            },
            {
                "id": "100054784372540",
                "count": 0
            },
            {
                "id": "100080472289889",
                "count": 0
            },
            {
                "id": "100082456364789",
                "count": 0
            },
            {
                "id": "100086380152894",
                "count": 0
            },
            {
                "id": "100039550703771",
                "count": 0
            },
            {
                "id": "100053657677551",
                "count": 0
            },
            {
                "id": "100027767023973",
                "count": 0
            },
            {
                "id": "100036601117063",
                "count": 0
            },
            {
                "id": "100054091465276",
                "count": 0
            },
            {
                "id": "61554879134226",
                "count": 0
            },
            {
                "id": "100070025592872",
                "count": 0
            },
            {
                "id": "61550024013512",
                "count": 0
            },
            {
                "id": "100093702377858",
                "count": 0
            },
            {
                "id": "100071244065545",
                "count": 0
            },
            {
                "id": "100090937951883",
                "count": 0
            },
            {
                "id": "100051457082315",
                "count": 0
            },
            {
                "id": "100028486076228",
                "count": 0
            },
            {
                "id": "100082430322137",
                "count": 0
            },
            {
                "id": "100071582273145",
                "count": 0
            },
            {
                "id": "100064469636120",
                "count": 0
            },
            {
                "id": "61550915154147",
                "count": 0
            },
            {
                "id": "100093189366638",
                "count": 0
            },
            {
                "id": "61556024791483",
                "count": 0
            },
            {
                "id": "100093002171842",
                "count": 0
            },
            {
                "id": "100065093449013",
                "count": 0
            },
            {
                "id": "100050225822391",
                "count": 0
            },
            {
                "id": "61550580492860",
                "count": 0
            },
            {
                "id": "100091566343084",
                "count": 0
            },
            {
                "id": "100044593985857",
                "count": 0
            },
            {
                "id": "61550032473451",
                "count": 0
            },
            {
                "id": "100082543415323",
                "count": 0
            },
            {
                "id": "100044480685020",
                "count": 0
            },
            {
                "id": "100082161774039",
                "count": 0
            },
            {
                "id": "100042915767786",
                "count": 0
            },
            {
                "id": "100006554829217",
                "count": 0
            },
            {
                "id": "100035161502148",
                "count": 0
            },
            {
                "id": "61558505523635",
                "count": 0
            },
            {
                "id": "100017782360696",
                "count": 0
            },
            {
                "id": "100086681899912",
                "count": 0
            },
            {
                "id": "100076662031012",
                "count": 0
            },
            {
                "id": "100076648915806",
                "count": 0
            },
            {
                "id": "100038066858827",
                "count": 0
            },
            {
                "id": "100095273620685",
                "count": 0
            },
            {
                "id": "100091511871104",
                "count": 0
            },
            {
                "id": "100093215460715",
                "count": 0
            },
            {
                "id": "100088614442826",
                "count": 0
            },
            {
                "id": "100079053506908",
                "count": 0
            },
            {
                "id": "100054281505534",
                "count": 0
            },
            {
                "id": "100031609898365",
                "count": 0
            },
            {
                "id": "100093444708019",
                "count": 0
            },
            {
                "id": "100029909805336",
                "count": 0
            },
            {
                "id": "100091386999250",
                "count": 0
            },
            {
                "id": "100081911889027",
                "count": 0
            },
            {
                "id": "61558336045605",
                "count": 0
            },
            {
                "id": "100081521352454",
                "count": 0
            },
            {
                "id": "100075837063936",
                "count": 0
            }
        ],
        "week": [
            {
                "id": "61551814800929",
                "count": 0
            },
            {
                "id": "100013467979376",
                "count": 0
            },
            {
                "id": "100040668279242",
                "count": 0
            },
            {
                "id": "100058694446859",
                "count": 0
            },
            {
                "id": "100061974177270",
                "count": 0
            },
            {
                "id": "100063474094315",
                "count": 0
            },
            {
                "id": "100070294427154",
                "count": 0
            },
            {
                "id": "100079209277166",
                "count": 0
            },
            {
                "id": "100076756176687",
                "count": 0
            },
            {
                "id": "100074745660176",
                "count": 0
            },
            {
                "id": "100087069398890",
                "count": 0
            },
            {
                "id": "100075216610999",
                "count": 0
            },
            {
                "id": "100050999371837",
                "count": 0
            },
            {
                "id": "100081990332302",
                "count": 0
            },
            {
                "id": "100061200095467",
                "count": 0
            },
            {
                "id": "100078688036361",
                "count": 0
            },
            {
                "id": "100069713443947",
                "count": 0
            },
            {
                "id": "100070614622898",
                "count": 0
            },
            {
                "id": "100087872925002",
                "count": 0
            },
            {
                "id": "100086223973007",
                "count": 0
            },
            {
                "id": "100092692429450",
                "count": 0
            },
            {
                "id": "100087337110749",
                "count": 0
            },
            {
                "id": "100084990271427",
                "count": 0
            },
            {
                "id": "100071670588406",
                "count": 0
            },
            {
                "id": "100068231147813",
                "count": 0
            },
            {
                "id": "100050070181302",
                "count": 0
            },
            {
                "id": "100080126388378",
                "count": 0
            },
            {
                "id": "100082416487508",
                "count": 0
            },
            {
                "id": "100088266404895",
                "count": 0
            },
            {
                "id": "100068678053593",
                "count": 0
            },
            {
                "id": "100083862489004",
                "count": 0
            },
            {
                "id": "100053141808570",
                "count": 0
            },
            {
                "id": "100093039952853",
                "count": 0
            },
            {
                "id": "100033460458373",
                "count": 0
            },
            {
                "id": "100060864524690",
                "count": 0
            },
            {
                "id": "100063400814183",
                "count": 0
            },
            {
                "id": "100079017055391",
                "count": 0
            },
            {
                "id": "100094722228701",
                "count": 0
            },
            {
                "id": "100066742646168",
                "count": 0
            },
            {
                "id": "100053880011486",
                "count": 0
            },
            {
                "id": "100061258514761",
                "count": 0
            },
            {
                "id": "100076421236545",
                "count": 0
            },
            {
                "id": "100076549448118",
                "count": 0
            },
            {
                "id": "100079291809883",
                "count": 0
            },
            {
                "id": "100073146462109",
                "count": 0
            },
            {
                "id": "100088603552673",
                "count": 0
            },
            {
                "id": "100042223691757",
                "count": 0
            },
            {
                "id": "100087963441329",
                "count": 0
            },
            {
                "id": "100066743076880",
                "count": 0
            },
            {
                "id": "100083554835654",
                "count": 0
            },
            {
                "id": "100045490206027",
                "count": 0
            },
            {
                "id": "100073189712546",
                "count": 0
            },
            {
                "id": "100085105325882",
                "count": 0
            },
            {
                "id": "100057025868501",
                "count": 0
            },
            {
                "id": "100077306627990",
                "count": 0
            },
            {
                "id": "100076955834728",
                "count": 0
            },
            {
                "id": "100078738729314",
                "count": 0
            },
            {
                "id": "100011481014596",
                "count": 0
            },
            {
                "id": "100076224217884",
                "count": 0
            },
            {
                "id": "100077162244471",
                "count": 0
            },
            {
                "id": "100083378893417",
                "count": 0
            },
            {
                "id": "100058721495126",
                "count": 0
            },
            {
                "id": "100057048344229",
                "count": 0
            },
            {
                "id": "100077456613877",
                "count": 0
            },
            {
                "id": "100057426385856",
                "count": 0
            },
            {
                "id": "100090188027893",
                "count": 0
            },
            {
                "id": "100078486450878",
                "count": 0
            },
            {
                "id": "100073301618761",
                "count": 0
            },
            {
                "id": "100073369300133",
                "count": 0
            },
            {
                "id": "100055880739186",
                "count": 0
            },
            {
                "id": "100069404082801",
                "count": 0
            },
            {
                "id": "100039547621016",
                "count": 0
            },
            {
                "id": "100056437675576",
                "count": 0
            },
            {
                "id": "100075867189890",
                "count": 0
            },
            {
                "id": "100044066383010",
                "count": 0
            },
            {
                "id": "100051562472330",
                "count": 0
            },
            {
                "id": "100072406550518",
                "count": 0
            },
            {
                "id": "100072071527005",
                "count": 0
            },
            {
                "id": "100003092172554",
                "count": 0
            },
            {
                "id": "100075165168388",
                "count": 0
            },
            {
                "id": "100030733512726",
                "count": 0
            },
            {
                "id": "100076951161737",
                "count": 0
            },
            {
                "id": "100054784372540",
                "count": 0
            },
            {
                "id": "100080472289889",
                "count": 0
            },
            {
                "id": "100082456364789",
                "count": 0
            },
            {
                "id": "100086380152894",
                "count": 0
            },
            {
                "id": "100039550703771",
                "count": 0
            },
            {
                "id": "100053657677551",
                "count": 0
            },
            {
                "id": "100027767023973",
                "count": 0
            },
            {
                "id": "100036601117063",
                "count": 0
            },
            {
                "id": "100054091465276",
                "count": 0
            },
            {
                "id": "61554879134226",
                "count": 0
            },
            {
                "id": "100070025592872",
                "count": 0
            },
            {
                "id": "61550024013512",
                "count": 0
            },
            {
                "id": "100093702377858",
                "count": 0
            },
            {
                "id": "100071244065545",
                "count": 0
            },
            {
                "id": "100090937951883",
                "count": 0
            },
            {
                "id": "100051457082315",
                "count": 0
            },
            {
                "id": "100028486076228",
                "count": 0
            },
            {
                "id": "100082430322137",
                "count": 0
            },
            {
                "id": "100071582273145",
                "count": 0
            },
            {
                "id": "100064469636120",
                "count": 0
            },
            {
                "id": "61550915154147",
                "count": 0
            },
            {
                "id": "100093189366638",
                "count": 0
            },
            {
                "id": "61556024791483",
                "count": 0
            },
            {
                "id": "100093002171842",
                "count": 0
            },
            {
                "id": "100065093449013",
                "count": 0
            },
            {
                "id": "100050225822391",
                "count": 0
            },
            {
                "id": "61550580492860",
                "count": 0
            },
            {
                "id": "100091566343084",
                "count": 0
            },
            {
                "id": "100044593985857",
                "count": 0
            },
            {
                "id": "61550032473451",
                "count": 0
            },
            {
                "id": "100082543415323",
                "count": 0
            },
            {
                "id": "100044480685020",
                "count": 0
            },
            {
                "id": "100082161774039",
                "count": 0
            },
            {
                "id": "100042915767786",
                "count": 0
            },
            {
                "id": "100006554829217",
                "count": 0
            },
            {
                "id": "100035161502148",
                "count": 0
            },
            {
                "id": "61558505523635",
                "count": 0
            },
            {
                "id": "100017782360696",
                "count": 0
            },
            {
                "id": "100086681899912",
                "count": 0
            },
            {
                "id": "100076662031012",
                "count": 0
            },
            {
                "id": "100076648915806",
                "count": 0
            },
            {
                "id": "100038066858827",
                "count": 0
            },
            {
                "id": "100095273620685",
                "count": 0
            },
            {
                "id": "100091511871104",
                "count": 0
            },
            {
                "id": "100093215460715",
                "count": 0
            },
            {
                "id": "100088614442826",
                "count": 0
            },
            {
                "id": "100079053506908",
                "count": 0
            },
            {
                "id": "100054281505534",
                "count": 0
            },
            {
                "id": "100031609898365",
                "count": 0
            },
            {
                "id": "100093444708019",
                "count": 0
            },
            {
                "id": "100029909805336",
                "count": 0
            },
            {
                "id": "100091386999250",
                "count": 0
            },
            {
                "id": "100081911889027",
                "count": 0
            },
            {
                "id": "61558336045605",
                "count": 0
            },
            {
                "id": "100081521352454",
                "count": 0
            },
            {
                "id": "100075837063936",
                "count": 0
            }
        ]
    }
}