{
    "total": [
        {
            "id": "100068618059409",
            "count": 48
        },
        {
            "id": "100059630210670",
            "count": 45
        },
        {
            "id": "100092009466021",
            "count": 67
        },
        {
            "id": "100073793182559",
            "count": 63
        },
        {
            "id": "100081881660412",
            "count": 9
        },
        {
            "id": "100058394002857",
            "count": 1364
        },
        {
            "id": "61553410544532",
            "count": 1443
        },
        {
            "id": "100000194247253",
            "count": 162
        },
        {
            "id": "100067508386723",
            "count": 2
        },
        {
            "id": "100053756776559",
            "count": 97
        },
        {
            "id": "100053925945741",
            "count": 64
        },
        {
            "id": "100080362131639",
            "count": 289
        },
        {
            "id": "100053846495270",
            "count": 139
        },
        {
            "id": "100078337699788",
            "count": 27
        },
        {
            "id": "100045044874159",
            "count": 1
        },
        {
            "id": "100077012870819",
            "count": 0
        },
        {
            "id": "100089322642982",
            "count": 46
        },
        {
            "id": "100012863058106",
            "count": 1
        },
        {
            "id": "100090345454547",
            "count": 0
        },
        {
            "id": "100090224795760",
            "count": 118
        },
        {
            "id": "61551737952776",
            "count": 34
        },
        {
            "id": "61556527470073",
            "count": 0
        },
        {
            "id": "61553735620628",
            "count": 662
        },
        {
            "id": "100064982718163",
            "count": 704
        },
        {
            "id": "100080090384165",
            "count": 216
        },
        {
            "id": "100073360218700",
            "count": 12
        },
        {
            "id": "100073935885231",
            "count": 1518
        },
        {
            "id": "100092342842058",
            "count": 2
        },
        {
            "id": "61557280170372",
            "count": 7
        },
        {
            "id": "100088549527886",
            "count": 1314
        },
        {
            "id": "61555784998583",
            "count": 0
        },
        {
            "id": "100048587284082",
            "count": 56
        },
        {
            "id": "100092182410661",
            "count": 1534
        },
        {
            "id": "100092156952331",
            "count": 4
        },
        {
            "id": "100050999371837",
            "count": 82
        },
        {
            "id": "100075216610999",
            "count": 808
        },
        {
            "id": "100047965715411",
            "count": 0
        },
        {
            "id": "100087497772895",
            "count": 0
        },
        {
            "id": "100057406213421",
            "count": 0
        },
        {
            "id": "61550289239010",
            "count": 2
        },
        {
            "id": "100090824347575",
            "count": 7
        },
        {
            "id": "100028196211078",
            "count": 37
        },
        {
            "id": "100065381078044",
            "count": 2
        },
        {
            "id": "61554571557047",
            "count": 3
        },
        {
            "id": "100085438968872",
            "count": 5
        },
        {
            "id": "100081797352234",
            "count": 21
        },
        {
            "id": "61553799821989",
            "count": 7
        },
        {
            "id": "61550008409060",
            "count": 11
        },
        {
            "id": "61553122262757",
            "count": 396
        },
        {
            "id": "100091392650560",
            "count": 21
        },
        {
            "id": "61553221331797",
            "count": 18
        },
        {
            "id": "100001837873386",
            "count": 169
        },
        {
            "id": "61550575172660",
            "count": 178
        },
        {
            "id": "100077731656607",
            "count": 20
        },
        {
            "id": "61556828773372",
            "count": 147
        },
        {
            "id": "100080763308672",
            "count": 4
        },
        {
            "id": "100086146481305",
            "count": 37
        },
        {
            "id": "100089318180507",
            "count": 76
        },
        {
            "id": "100092977021624",
            "count": 17
        },
        {
            "id": "61550006071787",
            "count": 74
        },
        {
            "id": "100094145356526",
            "count": 0
        },
        {
            "id": "100079137267094",
            "count": 0
        }
    ],
    "week": [
        {
            "id": "100068618059409",
            "count": 0,
            "name": "Duy Đồng"
        },
        {
            "id": "100059630210670",
            "count": 0,
            "name": "Người dùng facebook"
        },
        {
            "id": "100092009466021",
            "count": 0,
            "name": "Thành Nam"
        },
        {
            "id": "100073793182559",
            "count": 0,
            "name": "Người dùng facebook"
        },
        {
            "id": "100081881660412",
            "count": 0,
            "name": "Người dùng facebook"
        },
        {
            "id": "100058394002857",
            "count": 0,
            "name": "Đỗ T.Anh"
        },
        {
            "id": "61553410544532",
            "count": 0,
            "name": "Người dùng facebook"
        },
        {
            "id": "100000194247253",
            "count": 0,
            "name": "Người dùng facebook"
        },
        {
            "id": "100067508386723",
            "count": 0,
            "name": "Người dùng facebook"
        },
        {
            "id": "100053756776559",
            "count": 0,
            "name": "Người dùng facebook"
        },
        {
            "id": "100053925945741",
            "count": 0,
            "name": "Thu Hường"
        },
        {
            "id": "100080362131639",
            "count": 0,
            "name": "Người dùng facebook"
        },
        {
            "id": "100053846495270",
            "count": 0,
            "name": "Dũ Phan"
        },
        {
            "id": "100078337699788",
            "count": 0,
            "name": "Người dùng facebook"
        },
        {
            "id": "100045044874159",
            "count": 0,
            "name": "Người dùng facebook"
        },
        {
            "id": "100077012870819",
            "count": 0,
            "name": "Người dùng facebook"
        },
        {
            "id": "100089322642982",
            "count": 0,
            "name": "Người dùng facebook"
        },
        {
            "id": "100012863058106",
            "count": 0,
            "name": "Người dùng facebook"
        },
        {
            "id": "100090345454547",
            "count": 0,
            "name": "Người dùng facebook"
        },
        {
            "id": "100090224795760",
            "count": 0,
            "name": "Người dùng facebook"
        },
        {
            "id": "61551737952776",
            "count": 0,
            "name": "Người dùng facebook"
        },
        {
            "id": "61556527470073",
            "count": 0,
            "name": "Người dùng facebook"
        },
        {
            "id": "61553735620628",
            "count": 0,
            "name": "Người dùng facebook"
        },
        {
            "id": "100064982718163",
            "count": 0,
            "name": "Người dùng facebook"
        },
        {
            "id": "100080090384165",
            "count": 0,
            "name": "Trần Quốc Thành"
        },
        {
            "id": "100073360218700",
            "count": 0,
            "name": "Người dùng facebook"
        },
        {
            "id": "100073935885231",
            "count": 0,
            "name": "Người dùng facebook"
        },
        {
            "id": "100092342842058",
            "count": 0,
            "name": "Người dùng facebook"
        },
        {
            "id": "61557280170372",
            "count": 0,
            "name": "Người dùng facebook"
        },
        {
            "id": "100088549527886",
            "count": 0,
            "name": "Người dùng facebook"
        },
        {
            "id": "61555784998583",
            "count": 0,
            "name": "Người dùng facebook"
        },
        {
            "id": "100048587284082",
            "count": 0,
            "name": "Minh Truong"
        },
        {
            "id": "100092182410661",
            "count": 0,
            "name": "Người dùng facebook"
        },
        {
            "id": "100092156952331",
            "count": 0,
            "name": "Người dùng facebook"
        },
        {
            "id": "100050999371837",
            "count": 0,
            "name": "Tiến Nguyễn"
        },
        {
            "id": "100075216610999",
            "count": 0,
            "name": "Hyouka Granger"
        },
        {
            "id": "100047965715411",
            "count": 0,
            "name": "Người dùng facebook"
        },
        {
            "id": "100087497772895",
            "count": 0,
            "name": "Người dùng facebook"
        },
        {
            "id": "100057406213421",
            "count": 0,
            "name": "Người dùng facebook"
        },
        {
            "id": "61550289239010",
            "count": 0,
            "name": "Người dùng facebook"
        },
        {
            "id": "100090824347575",
            "count": 0,
            "name": "Người dùng facebook"
        },
        {
            "id": "100028196211078",
            "count": 0,
            "name": "Người dùng facebook"
        },
        {
            "id": "100065381078044",
            "count": 0,
            "name": "Người dùng facebook"
        },
        {
            "id": "61554571557047",
            "count": 0,
            "name": "Người dùng facebook"
        },
        {
            "id": "100085438968872",
            "count": 0,
            "name": "Người dùng facebook"
        },
        {
            "id": "100081797352234",
            "count": 0,
            "name": "Người dùng facebook"
        },
        {
            "id": "61553799821989",
            "count": 0,
            "name": "Người dùng facebook"
        },
        {
            "id": "61550008409060",
            "count": 0,
            "name": "Người dùng facebook"
        },
        {
            "id": "61553122262757",
            "count": 0,
            "name": "Người dùng facebook"
        },
        {
            "id": "100091392650560",
            "count": 0,
            "name": "Người dùng facebook"
        },
        {
            "id": "61553221331797",
            "count": 0,
            "name": "Người dùng facebook"
        },
        {
            "id": "100001837873386",
            "count": 0,
            "name": "Trần Thị Kim Anh"
        },
        {
            "id": "61550575172660",
            "count": 0,
            "name": "Người dùng facebook"
        },
        {
            "id": "100077731656607",
            "count": 0,
            "name": "Người dùng facebook"
        },
        {
            "id": "61556828773372",
            "count": 0,
            "name": "Người dùng facebook"
        },
        {
            "id": "100080763308672",
            "count": 0,
            "name": "Người dùng facebook"
        },
        {
            "id": "100086146481305",
            "count": 0,
            "name": "Người dùng facebook"
        },
        {
            "id": "100089318180507",
            "count": 0,
            "name": "Việt Đại"
        },
        {
            "id": "100092977021624",
            "count": 0,
            "name": "Người dùng facebook"
        },
        {
            "id": "61550006071787",
            "count": 0,
            "name": "Người dùng facebook"
        },
        {
            "id": "100094145356526",
            "count": 0,
            "name": "Người dùng facebook"
        },
        {
            "id": "100079137267094",
            "count": 0,
            "name": "Người dùng facebook"
        }
    ],
    "day": [
        {
            "id": "100068618059409",
            "count": 0,
            "name": "Duy Đồng"
        },
        {
            "id": "100059630210670",
            "count": 0,
            "name": "Shuu Shuu"
        },
        {
            "id": "100092009466021",
            "count": 0,
            "name": "Thành Nam"
        },
        {
            "id": "100073793182559",
            "count": 0,
            "name": "Người dùng facebook"
        },
        {
            "id": "100081881660412",
            "count": 0,
            "name": "Người dùng facebook"
        },
        {
            "id": "100058394002857",
            "count": 0,
            "name": "Đỗ T.Anh"
        },
        {
            "id": "61553410544532",
            "count": 0,
            "name": "Rừng Xà Nu"
        },
        {
            "id": "100000194247253",
            "count": 0,
            "name": "Người dùng facebook"
        },
        {
            "id": "100067508386723",
            "count": 0,
            "name": "Người dùng facebook"
        },
        {
            "id": "100053756776559",
            "count": 0,
            "name": "Người dùng facebook"
        },
        {
            "id": "100053925945741",
            "count": 0,
            "name": "Thu Hường"
        },
        {
            "id": "100080362131639",
            "count": 0,
            "name": "Người dùng facebook"
        },
        {
            "id": "100053846495270",
            "count": 0,
            "name": "Dũ Phan"
        },
        {
            "id": "100078337699788",
            "count": 0,
            "name": "Người dùng facebook"
        },
        {
            "id": "100045044874159",
            "count": 0,
            "name": "Người dùng facebook"
        },
        {
            "id": "100077012870819",
            "count": 0,
            "name": "Người dùng facebook"
        },
        {
            "id": "100089322642982",
            "count": 0,
            "name": "Người dùng facebook"
        },
        {
            "id": "100012863058106",
            "count": 0,
            "name": "Người dùng facebook"
        },
        {
            "id": "100090345454547",
            "count": 0,
            "name": "Người dùng facebook"
        },
        {
            "id": "100090224795760",
            "count": 0,
            "name": "Người dùng facebook"
        },
        {
            "id": "61551737952776",
            "count": 0,
            "name": "Người dùng facebook"
        },
        {
            "id": "61556527470073",
            "count": 0,
            "name": "Người dùng facebook"
        },
        {
            "id": "61553735620628",
            "count": 0,
            "name": "Người dùng facebook"
        },
        {
            "id": "100064982718163",
            "count": 0,
            "name": "Người dùng facebook"
        },
        {
            "id": "100080090384165",
            "count": 0,
            "name": "Trần Quốc Thành"
        },
        {
            "id": "100073360218700",
            "count": 0,
            "name": "Người dùng facebook"
        },
        {
            "id": "100073935885231",
            "count": 0,
            "name": "Người dùng facebook"
        },
        {
            "id": "100092342842058",
            "count": 0,
            "name": "Người dùng facebook"
        },
        {
            "id": "61557280170372",
            "count": 0,
            "name": "Người dùng facebook"
        },
        {
            "id": "100088549527886",
            "count": 0,
            "name": "Người dùng facebook"
        },
        {
            "id": "61555784998583",
            "count": 0,
            "name": "Người dùng facebook"
        },
        {
            "id": "100048587284082",
            "count": 0,
            "name": "Minh Truong"
        },
        {
            "id": "100092182410661",
            "count": 0,
            "name": "Người dùng facebook"
        },
        {
            "id": "100092156952331",
            "count": 0,
            "name": "Người dùng facebook"
        },
        {
            "id": "100050999371837",
            "count": 0,
            "name": "Tiến Nguyễn"
        },
        {
            "id": "100075216610999",
            "count": 0,
            "name": "Hyouka Granger"
        },
        {
            "id": "100047965715411",
            "count": 0,
            "name": "Người dùng facebook"
        },
        {
            "id": "100087497772895",
            "count": 0,
            "name": "Người dùng facebook"
        },
        {
            "id": "100057406213421",
            "count": 0,
            "name": "Người dùng facebook"
        },
        {
            "id": "61550289239010",
            "count": 0,
            "name": "Người dùng facebook"
        },
        {
            "id": "100090824347575",
            "count": 0,
            "name": "Người dùng facebook"
        },
        {
            "id": "100028196211078",
            "count": 0,
            "name": "Người dùng facebook"
        },
        {
            "id": "100065381078044",
            "count": 0,
            "name": "Người dùng facebook"
        },
        {
            "id": "61554571557047",
            "count": 0,
            "name": "Han Mèogiddy"
        },
        {
            "id": "100085438968872",
            "count": 0,
            "name": "Người dùng facebook"
        },
        {
            "id": "100081797352234",
            "count": 0,
            "name": "Người dùng facebook"
        },
        {
            "id": "61553799821989",
            "count": 0,
            "name": "Người dùng facebook"
        },
        {
            "id": "61550008409060",
            "count": 0,
            "name": "Người dùng facebook"
        },
        {
            "id": "61553122262757",
            "count": 0,
            "name": "Người dùng facebook"
        },
        {
            "id": "100091392650560",
            "count": 0,
            "name": "Người dùng facebook"
        },
        {
            "id": "61553221331797",
            "count": 0,
            "name": "Người dùng facebook"
        },
        {
            "id": "100001837873386",
            "count": 0,
            "name": "Người dùng facebook"
        },
        {
            "id": "61550575172660",
            "count": 0,
            "name": "Người dùng facebook"
        },
        {
            "id": "100077731656607",
            "count": 0,
            "name": "Người dùng facebook"
        },
        {
            "id": "61556828773372",
            "count": 0,
            "name": "Người dùng facebook"
        },
        {
            "id": "100080763308672",
            "count": 0,
            "name": "Người dùng facebook"
        },
        {
            "id": "100086146481305",
            "count": 0,
            "name": "Người dùng facebook"
        },
        {
            "id": "100089318180507",
            "count": 0,
            "name": "Việt Đại"
        },
        {
            "id": "100092977021624",
            "count": 0,
            "name": "Người dùng facebook"
        },
        {
            "id": "61550006071787",
            "count": 0,
            "name": "Người dùng facebook"
        },
        {
            "id": "100094145356526",
            "count": 0,
            "name": "Người dùng facebook"
        },
        {
            "id": "100079137267094",
            "count": 0,
            "name": "Người dùng facebook"
        }
    ],
    "time": 5,
    "last": {
        "time": 0,
        "day": [
            {
                "id": "100068618059409",
                "count": 0
            },
            {
                "id": "100059630210670",
                "count": 0
            },
            {
                "id": "100093850773993",
                "count": 0
            },
            {
                "id": "100092009466021",
                "count": 0
            },
            {
                "id": "100073793182559",
                "count": 0
            },
            {
                "id": "100081881660412",
                "count": 0
            },
            {
                "id": "100058394002857",
                "count": 0
            },
            {
                "id": "61553410544532",
                "count": 0
            },
            {
                "id": "100000194247253",
                "count": 0
            },
            {
                "id": "100089973344914",
                "count": 0
            },
            {
                "id": "100067508386723",
                "count": 0
            },
            {
                "id": "100053756776559",
                "count": 0
            },
            {
                "id": "100053925945741",
                "count": 0
            },
            {
                "id": "100080362131639",
                "count": 0
            },
            {
                "id": "100052348680271",
                "count": 0
            },
            {
                "id": "61553148969335",
                "count": 0
            },
            {
                "id": "100053846495270",
                "count": 0
            },
            {
                "id": "61553471867783",
                "count": 0
            },
            {
                "id": "100078337699788",
                "count": 0
            },
            {
                "id": "61554461930555",
                "count": 0
            },
            {
                "id": "100045044874159",
                "count": 0
            },
            {
                "id": "100077012870819",
                "count": 0
            },
            {
                "id": "100089322642982",
                "count": 0
            },
            {
                "id": "100012863058106",
                "count": 0
            },
            {
                "id": "100093795675666",
                "count": 0
            },
            {
                "id": "100090345454547",
                "count": 0
            },
            {
                "id": "100087611900948",
                "count": 0
            },
            {
                "id": "100090224795760",
                "count": 0
            },
            {
                "id": "100093836933718",
                "count": 0
            },
            {
                "id": "100089135542392",
                "count": 0
            },
            {
                "id": "61551737952776",
                "count": 0
            },
            {
                "id": "61556527470073",
                "count": 0
            },
            {
                "id": "61553735620628",
                "count": 0
            },
            {
                "id": "100063187659162",
                "count": 0
            },
            {
                "id": "100064982718163",
                "count": 0
            },
            {
                "id": "100089318180507",
                "count": 0
            },
            {
                "id": "100080090384165",
                "count": 0
            },
            {
                "id": "61551873063808",
                "count": 0
            },
            {
                "id": "100086522260126",
                "count": 0
            },
            {
                "id": "100089855203731",
                "count": 0
            },
            {
                "id": "100073468950177",
                "count": 0
            },
            {
                "id": "100082055229744",
                "count": 0
            },
            {
                "id": "100088950560461",
                "count": 0
            },
            {
                "id": "100057509412675",
                "count": 0
            },
            {
                "id": "100073360218700",
                "count": 0
            },
            {
                "id": "100046143223757",
                "count": 0
            },
            {
                "id": "100094065642073",
                "count": 0
            },
            {
                "id": "100073935885231",
                "count": 0
            },
            {
                "id": "61553549207276",
                "count": 0
            },
            {
                "id": "100092342842058",
                "count": 0
            },
            {
                "id": "61557280170372",
                "count": 0
            },
            {
                "id": "61557004600651",
                "count": 0
            },
            {
                "id": "100088549527886",
                "count": 0
            },
            {
                "id": "61556625687114",
                "count": 0
            },
            {
                "id": "61556760038157",
                "count": 0
            },
            {
                "id": "100080505476087",
                "count": 0
            },
            {
                "id": "100086742409065",
                "count": 0
            },
            {
                "id": "61555896308194",
                "count": 0
            },
            {
                "id": "61555784998583",
                "count": 0
            },
            {
                "id": "100092520341117",
                "count": 0
            },
            {
                "id": "100048587284082",
                "count": 0
            },
            {
                "id": "61554713095800",
                "count": 0
            },
            {
                "id": "100070741834011",
                "count": 0
            },
            {
                "id": "100087655418459",
                "count": 0
            },
            {
                "id": "100093022329141",
                "count": 0
            },
            {
                "id": "100054818080024",
                "count": 0
            },
            {
                "id": "100079220766351",
                "count": 0
            },
            {
                "id": "100078393019819",
                "count": 0
            },
            {
                "id": "100092182410661",
                "count": 0
            },
            {
                "id": "100092156952331",
                "count": 0
            },
            {
                "id": "100045603848937",
                "count": 0
            },
            {
                "id": "100024433359580",
                "count": 0
            },
            {
                "id": "100054692721693",
                "count": 0
            },
            {
                "id": "100050999371837",
                "count": 0
            },
            {
                "id": "100075216610999",
                "count": 0
            },
            {
                "id": "61552900657421",
                "count": 0
            },
            {
                "id": "100047965715411",
                "count": 0
            },
            {
                "id": "100001837873386",
                "count": 0
            },
            {
                "id": "100088962796603",
                "count": 0
            },
            {
                "id": "100087497772895",
                "count": 0
            },
            {
                "id": "100089866633088",
                "count": 0
            },
            {
                "id": "100057406213421",
                "count": 0
            },
            {
                "id": "61553149910253",
                "count": 0
            },
            {
                "id": "100091844509172",
                "count": 0
            },
            {
                "id": "100080441731472",
                "count": 0
            },
            {
                "id": "100094111717347",
                "count": 0
            },
            {
                "id": "100069790280718",
                "count": 0
            },
            {
                "id": "100084379342657",
                "count": 0
            },
            {
                "id": "100087428166156",
                "count": 0
            },
            {
                "id": "100083108615956",
                "count": 0
            },
            {
                "id": "61556095743231",
                "count": 0
            },
            {
                "id": "61550289239010",
                "count": 0
            },
            {
                "id": "100090824347575",
                "count": 0
            },
            {
                "id": "100086831581613",
                "count": 0
            },
            {
                "id": "100073082953804",
                "count": 0
            },
            {
                "id": "100090743560237",
                "count": 0
            },
            {
                "id": "100054599554737",
                "count": 0
            },
            {
                "id": "100078941773829",
                "count": 0
            },
            {
                "id": "100028196211078",
                "count": 0
            },
            {
                "id": "100095184537612",
                "count": 0
            },
            {
                "id": "100053958183333",
                "count": 0
            },
            {
                "id": "100065381078044",
                "count": 0
            },
            {
                "id": "100055882382358",
                "count": 0
            },
            {
                "id": "100075124027257",
                "count": 0
            },
            {
                "id": "100082514494205",
                "count": 0
            },
            {
                "id": "100080757733149",
                "count": 0
            },
            {
                "id": "100040950409041",
                "count": 0
            },
            {
                "id": "61550104015061",
                "count": 0
            },
            {
                "id": "61555826752576",
                "count": 0
            },
            {
                "id": "61554571557047",
                "count": 0
            },
            {
                "id": "61552319027060",
                "count": 0
            },
            {
                "id": "100085438968872",
                "count": 0
            },
            {
                "id": "61551475912601",
                "count": 0
            },
            {
                "id": "100081797352234",
                "count": 0
            },
            {
                "id": "100056816538439",
                "count": 0
            },
            {
                "id": "100086362712326",
                "count": 0
            },
            {
                "id": "100085919445458",
                "count": 0
            },
            {
                "id": "61557469799875",
                "count": 0
            },
            {
                "id": "100077025143503",
                "count": 0
            },
            {
                "id": "100094900566521",
                "count": 0
            },
            {
                "id": "61553799821989",
                "count": 0
            },
            {
                "id": "61553604197258",
                "count": 0
            },
            {
                "id": "61556853072589",
                "count": 0
            },
            {
                "id": "61550008409060",
                "count": 0
            },
            {
                "id": "61553122262757",
                "count": 0
            },
            {
                "id": "100091392650560",
                "count": 0
            },
            {
                "id": "61552678503153",
                "count": 0
            },
            {
                "id": "100082863124043",
                "count": 0
            },
            {
                "id": "100022326589383",
                "count": 0
            },
            {
                "id": "61553221331797",
                "count": 0
            },
            {
                "id": "100086717602991",
                "count": 0
            },
            {
                "id": "61552663860167",
                "count": 0
            },
            {
                "id": "61557608575332",
                "count": 0
            },
            {
                "id": "61550575172660",
                "count": 0
            },
            {
                "id": "100089361420002",
                "count": 0
            },
            {
                "id": "100074199172997",
                "count": 0
            },
            {
                "id": "61552953417010",
                "count": 0
            },
            {
                "id": "100077731656607",
                "count": 0
            },
            {
                "id": "61556828773372",
                "count": 0
            },
            {
                "id": "100080763308672",
                "count": 0
            },
            {
                "id": "100065411655493",
                "count": 0
            },
            {
                "id": "100086146481305",
                "count": 0
            },
            {
                "id": "100080786125698",
                "count": 0
            },
            {
                "id": "100092977021624",
                "count": 0
            },
            {
                "id": "61550006071787",
                "count": 0
            },
            {
                "id": "100094145356526",
                "count": 0
            },
            {
                "id": "100079137267094",
                "count": 0
            }
        ],
        "week": [
            {
                "id": "100068618059409",
                "count": 0
            },
            {
                "id": "100059630210670",
                "count": 0
            },
            {
                "id": "100093850773993",
                "count": 0
            },
            {
                "id": "100092009466021",
                "count": 0
            },
            {
                "id": "100073793182559",
                "count": 0
            },
            {
                "id": "100081881660412",
                "count": 0
            },
            {
                "id": "100058394002857",
                "count": 0
            },
            {
                "id": "61553410544532",
                "count": 0
            },
            {
                "id": "100000194247253",
                "count": 0
            },
            {
                "id": "100089973344914",
                "count": 0
            },
            {
                "id": "100067508386723",
                "count": 0
            },
            {
                "id": "100053756776559",
                "count": 0
            },
            {
                "id": "100053925945741",
                "count": 0
            },
            {
                "id": "100080362131639",
                "count": 0
            },
            {
                "id": "100052348680271",
                "count": 0
            },
            {
                "id": "61553148969335",
                "count": 0
            },
            {
                "id": "100053846495270",
                "count": 0
            },
            {
                "id": "61553471867783",
                "count": 0
            },
            {
                "id": "100078337699788",
                "count": 0
            },
            {
                "id": "61554461930555",
                "count": 0
            },
            {
                "id": "100045044874159",
                "count": 0
            },
            {
                "id": "100077012870819",
                "count": 0
            },
            {
                "id": "100089322642982",
                "count": 0
            },
            {
                "id": "100012863058106",
                "count": 0
            },
            {
                "id": "100093795675666",
                "count": 0
            },
            {
                "id": "100090345454547",
                "count": 0
            },
            {
                "id": "100087611900948",
                "count": 0
            },
            {
                "id": "100090224795760",
                "count": 0
            },
            {
                "id": "100093836933718",
                "count": 0
            },
            {
                "id": "100089135542392",
                "count": 0
            },
            {
                "id": "61551737952776",
                "count": 0
            },
            {
                "id": "61556527470073",
                "count": 0
            },
            {
                "id": "61553735620628",
                "count": 0
            },
            {
                "id": "100063187659162",
                "count": 0
            },
            {
                "id": "100064982718163",
                "count": 0
            },
            {
                "id": "100089318180507",
                "count": 0
            },
            {
                "id": "100080090384165",
                "count": 0
            },
            {
                "id": "61551873063808",
                "count": 0
            },
            {
                "id": "100086522260126",
                "count": 0
            },
            {
                "id": "100089855203731",
                "count": 0
            },
            {
                "id": "100073468950177",
                "count": 0
            },
            {
                "id": "100082055229744",
                "count": 0
            },
            {
                "id": "100088950560461",
                "count": 0
            },
            {
                "id": "100057509412675",
                "count": 0
            },
            {
                "id": "100073360218700",
                "count": 0
            },
            {
                "id": "100046143223757",
                "count": 0
            },
            {
                "id": "100094065642073",
                "count": 0
            },
            {
                "id": "100073935885231",
                "count": 0
            },
            {
                "id": "61553549207276",
                "count": 0
            },
            {
                "id": "100092342842058",
                "count": 0
            },
            {
                "id": "61557280170372",
                "count": 0
            },
            {
                "id": "61557004600651",
                "count": 0
            },
            {
                "id": "100088549527886",
                "count": 0
            },
            {
                "id": "61556625687114",
                "count": 0
            },
            {
                "id": "61556760038157",
                "count": 0
            },
            {
                "id": "100080505476087",
                "count": 0
            },
            {
                "id": "100086742409065",
                "count": 0
            },
            {
                "id": "61555896308194",
                "count": 0
            },
            {
                "id": "61555784998583",
                "count": 0
            },
            {
                "id": "100092520341117",
                "count": 0
            },
            {
                "id": "100048587284082",
                "count": 0
            },
            {
                "id": "61554713095800",
                "count": 0
            },
            {
                "id": "100070741834011",
                "count": 0
            },
            {
                "id": "100087655418459",
                "count": 0
            },
            {
                "id": "100093022329141",
                "count": 0
            },
            {
                "id": "100054818080024",
                "count": 0
            },
            {
                "id": "100079220766351",
                "count": 0
            },
            {
                "id": "100078393019819",
                "count": 0
            },
            {
                "id": "100092182410661",
                "count": 0
            },
            {
                "id": "100092156952331",
                "count": 0
            },
            {
                "id": "100045603848937",
                "count": 0
            },
            {
                "id": "100024433359580",
                "count": 0
            },
            {
                "id": "100054692721693",
                "count": 0
            },
            {
                "id": "100050999371837",
                "count": 0
            },
            {
                "id": "100075216610999",
                "count": 0
            },
            {
                "id": "61552900657421",
                "count": 0
            },
            {
                "id": "100047965715411",
                "count": 0
            },
            {
                "id": "100001837873386",
                "count": 0
            },
            {
                "id": "100088962796603",
                "count": 0
            },
            {
                "id": "100087497772895",
                "count": 0
            },
            {
                "id": "100089866633088",
                "count": 0
            },
            {
                "id": "100057406213421",
                "count": 0
            },
            {
                "id": "61553149910253",
                "count": 0
            },
            {
                "id": "100091844509172",
                "count": 0
            },
            {
                "id": "100080441731472",
                "count": 0
            },
            {
                "id": "100094111717347",
                "count": 0
            },
            {
                "id": "100069790280718",
                "count": 0
            },
            {
                "id": "100084379342657",
                "count": 0
            },
            {
                "id": "100087428166156",
                "count": 0
            },
            {
                "id": "100083108615956",
                "count": 0
            },
            {
                "id": "61556095743231",
                "count": 0
            },
            {
                "id": "61550289239010",
                "count": 0
            },
            {
                "id": "100090824347575",
                "count": 0
            },
            {
                "id": "100086831581613",
                "count": 0
            },
            {
                "id": "100073082953804",
                "count": 0
            },
            {
                "id": "100090743560237",
                "count": 0
            },
            {
                "id": "100054599554737",
                "count": 0
            },
            {
                "id": "100078941773829",
                "count": 0
            },
            {
                "id": "100028196211078",
                "count": 0
            },
            {
                "id": "100095184537612",
                "count": 0
            },
            {
                "id": "100053958183333",
                "count": 0
            },
            {
                "id": "100065381078044",
                "count": 0
            },
            {
                "id": "100055882382358",
                "count": 0
            },
            {
                "id": "100075124027257",
                "count": 0
            },
            {
                "id": "100082514494205",
                "count": 0
            },
            {
                "id": "100080757733149",
                "count": 0
            },
            {
                "id": "100040950409041",
                "count": 0
            },
            {
                "id": "61550104015061",
                "count": 0
            },
            {
                "id": "61555826752576",
                "count": 0
            },
            {
                "id": "61554571557047",
                "count": 0
            },
            {
                "id": "61552319027060",
                "count": 0
            },
            {
                "id": "100085438968872",
                "count": 0
            },
            {
                "id": "61551475912601",
                "count": 0
            },
            {
                "id": "100081797352234",
                "count": 0
            },
            {
                "id": "100056816538439",
                "count": 0
            },
            {
                "id": "100086362712326",
                "count": 0
            },
            {
                "id": "100085919445458",
                "count": 0
            },
            {
                "id": "61557469799875",
                "count": 0
            },
            {
                "id": "100077025143503",
                "count": 0
            },
            {
                "id": "100094900566521",
                "count": 0
            },
            {
                "id": "61553799821989",
                "count": 0
            },
            {
                "id": "61553604197258",
                "count": 0
            },
            {
                "id": "61556853072589",
                "count": 0
            },
            {
                "id": "61550008409060",
                "count": 0
            },
            {
                "id": "61553122262757",
                "count": 0
            },
            {
                "id": "100091392650560",
                "count": 0
            },
            {
                "id": "61552678503153",
                "count": 0
            },
            {
                "id": "100082863124043",
                "count": 0
            },
            {
                "id": "100022326589383",
                "count": 0
            },
            {
                "id": "61553221331797",
                "count": 0
            },
            {
                "id": "100086717602991",
                "count": 0
            },
            {
                "id": "61552663860167",
                "count": 0
            },
            {
                "id": "61557608575332",
                "count": 0
            },
            {
                "id": "61550575172660",
                "count": 0
            },
            {
                "id": "100089361420002",
                "count": 0
            },
            {
                "id": "100074199172997",
                "count": 0
            },
            {
                "id": "61552953417010",
                "count": 0
            },
            {
                "id": "100077731656607",
                "count": 0
            },
            {
                "id": "61556828773372",
                "count": 0
            },
            {
                "id": "100080763308672",
                "count": 0
            },
            {
                "id": "100065411655493",
                "count": 0
            },
            {
                "id": "100086146481305",
                "count": 0
            },
            {
                "id": "100080786125698",
                "count": 0
            },
            {
                "id": "100092977021624",
                "count": 0
            },
            {
                "id": "61550006071787",
                "count": 0
            },
            {
                "id": "100094145356526",
                "count": 0
            },
            {
                "id": "100079137267094",
                "count": 0
            }
        ]
    }
}