{
    "total": [
        {
            "id": "61550716336128",
            "count": 599
        },
        {
            "id": "61555694213960",
            "count": 942
        },
        {
            "id": "100093555826195",
            "count": 431
        },
        {
            "id": "100076826063421",
            "count": 1164
        },
        {
            "id": "100025767527417",
            "count": 148
        },
        {
            "id": "100052525476708",
            "count": 39
        },
        {
            "id": "100008430302890",
            "count": 519
        },
        {
            "id": "100050999371837",
            "count": 71
        },
        {
            "id": "100075216610999",
            "count": 2300
        },
        {
            "id": "100084458675156",
            "count": 18
        },
        {
            "id": "61556729671026",
            "count": 1454
        },
        {
            "id": "100077766391769",
            "count": 179
        },
        {
            "id": "100086010180330",
            "count": 124
        },
        {
            "id": "61552812796629",
            "count": 183
        },
        {
            "id": "100089145913465",
            "count": 288
        },
        {
            "id": "100041079390776",
            "count": 1137
        },
        {
            "id": "61556902692726",
            "count": 25
        },
        {
            "id": "100091140546447",
            "count": 296
        },
        {
            "id": "61551398054059",
            "count": 109
        },
        {
            "id": "100007499012041",
            "count": 56
        },
        {
            "id": "100079278602049",
            "count": 427
        },
        {
            "id": "100076257947879",
            "count": 151
        },
        {
            "id": "100074337320127",
            "count": 19
        },
        {
            "id": "100075149116748",
            "count": 40
        },
        {
            "id": "61552439676387",
            "count": 192
        },
        {
            "id": "61557599305219",
            "count": 2701
        },
        {
            "id": "100093089343672",
            "count": 105
        },
        {
            "id": "100086105513736",
            "count": 30
        },
        {
            "id": "61553292961873",
            "count": 709
        },
        {
            "id": "100075438693129",
            "count": 135
        },
        {
            "id": "61553251172275",
            "count": 11
        },
        {
            "id": "61557416108215",
            "count": 4
        }
    ],
    "week": [
        {
            "id": "61550716336128",
            "count": 24,
            "name": "Trần Ngọc Quỳnh"
        },
        {
            "id": "61555694213960",
            "count": 27,
            "name": "Quỳnh Như"
        },
        {
            "id": "100093555826195",
            "count": 4,
            "name": "Nguyễn Tuấn Du"
        },
        {
            "id": "100076826063421",
            "count": 22,
            "name": "Minhh Quangg"
        },
        {
            "id": "100025767527417",
            "count": 5,
            "name": "Bình Nguyễn"
        },
        {
            "id": "100052525476708",
            "count": 0,
            "name": "Xuân Trường"
        },
        {
            "id": "100008430302890",
            "count": 0,
            "name": "Người dùng Facebook"
        },
        {
            "id": "100050999371837",
            "count": 7,
            "name": "Tiến Nguyễn"
        },
        {
            "id": "100075216610999",
            "count": 123,
            "name": "Hyouka Granger"
        },
        {
            "id": "100084458675156",
            "count": 0,
            "name": "Phùng Thế Thịnh"
        },
        {
            "id": "61556729671026",
            "count": 29,
            "name": "Be La Titi"
        },
        {
            "id": "100077766391769",
            "count": 0,
            "name": "Nguyễn Mạnh"
        },
        {
            "id": "100086010180330",
            "count": 9,
            "name": "Huỳnh Huy"
        },
        {
            "id": "61552812796629",
            "count": 0,
            "name": "La Quân"
        },
        {
            "id": "100089145913465",
            "count": 21,
            "name": "Nguyễn Tiến"
        },
        {
            "id": "100041079390776",
            "count": 319,
            "name": "Chương Thái"
        },
        {
            "id": "61556902692726",
            "count": 0,
            "name": "Tèo Đây"
        },
        {
            "id": "100091140546447",
            "count": 27,
            "name": "Chú Cá Cổ Đại"
        },
        {
            "id": "61551398054059",
            "count": 1,
            "name": "BuiNg Linh Nhi"
        },
        {
            "id": "100007499012041",
            "count": 1,
            "name": "Gia Baoo"
        },
        {
            "id": "100079278602049",
            "count": 40,
            "name": "Nguyễn Trang"
        },
        {
            "id": "100076257947879",
            "count": 19,
            "name": "Nguyễn Minh Phương"
        },
        {
            "id": "100074337320127",
            "count": 4,
            "name": "Hoàng Nam"
        },
        {
            "id": "100075149116748",
            "count": 2,
            "name": "氏姮"
        },
        {
            "id": "61552439676387",
            "count": 15,
            "name": "Lann Anhh"
        },
        {
            "id": "61557599305219",
            "count": 648,
            "name": "Too Mee"
        },
        {
            "id": "100093089343672",
            "count": 21,
            "name": "Trần Dương"
        },
        {
            "id": "100086105513736",
            "count": 2,
            "name": "Xìng Ebe"
        },
        {
            "id": "61553292961873",
            "count": 382,
            "name": "Đỗ Phúc Lộc"
        },
        {
            "id": "100075438693129",
            "count": 16,
            "name": "Bùi Tiến Hải"
        },
        {
            "id": "61553251172275",
            "count": 11
        },
        {
            "id": "61557416108215",
            "count": 4
        }
    ],
    "day": [
        {
            "id": "61550716336128",
            "count": 5,
            "name": "Trần Ngọc Quỳnh"
        },
        {
            "id": "61555694213960",
            "count": 0,
            "name": "Quỳnh Như"
        },
        {
            "id": "100093555826195",
            "count": 1,
            "name": "Nguyễn Tuấn Du"
        },
        {
            "id": "100076826063421",
            "count": 0,
            "name": "Minhh Quangg"
        },
        {
            "id": "100025767527417",
            "count": 0,
            "name": "Bình Nguyễn"
        },
        {
            "id": "100052525476708",
            "count": 0,
            "name": "Người dùng facebook"
        },
        {
            "id": "100008430302890",
            "count": 0,
            "name": "Người dùng facebook"
        },
        {
            "id": "100050999371837",
            "count": 0,
            "name": "Tiến Nguyễn"
        },
        {
            "id": "100075216610999",
            "count": 13,
            "name": "Hyouka Granger"
        },
        {
            "id": "100084458675156",
            "count": 0,
            "name": "Người dùng facebook"
        },
        {
            "id": "61556729671026",
            "count": 0,
            "name": "Be La Titi"
        },
        {
            "id": "100077766391769",
            "count": 0,
            "name": "Người dùng facebook"
        },
        {
            "id": "100086010180330",
            "count": 0,
            "name": "Huỳnh Huy"
        },
        {
            "id": "61552812796629",
            "count": 0,
            "name": "La Quân"
        },
        {
            "id": "100089145913465",
            "count": 0,
            "name": "Nguyễn Tiến"
        },
        {
            "id": "100041079390776",
            "count": 60,
            "name": "Chương Thái"
        },
        {
            "id": "61556902692726",
            "count": 0,
            "name": "Tèo Đây"
        },
        {
            "id": "100091140546447",
            "count": 0,
            "name": "Chú Cá Cổ Đại"
        },
        {
            "id": "61551398054059",
            "count": 0,
            "name": "BuiNg Linh Nhi"
        },
        {
            "id": "100007499012041",
            "count": 0,
            "name": "Gia Baoo"
        },
        {
            "id": "100079278602049",
            "count": 0,
            "name": "Nguyễn Trang"
        },
        {
            "id": "100076257947879",
            "count": 0,
            "name": "Nguyễn Minh Phương"
        },
        {
            "id": "100074337320127",
            "count": 1,
            "name": "Hoàng Nam"
        },
        {
            "id": "100075149116748",
            "count": 0,
            "name": "氏姮"
        },
        {
            "id": "61552439676387",
            "count": 0,
            "name": "Lann Anhh"
        },
        {
            "id": "61557599305219",
            "count": 84,
            "name": "Too Mee"
        },
        {
            "id": "100093089343672",
            "count": 1,
            "name": "Trần Dương"
        },
        {
            "id": "100086105513736",
            "count": 0,
            "name": "Xìng Ebe"
        },
        {
            "id": "61553292961873",
            "count": 56,
            "name": "Đỗ Phúc Lộc"
        },
        {
            "id": "100075438693129",
            "count": 3,
            "name": "Bùi Tiến Hải"
        },
        {
            "id": "61553251172275",
            "count": 2,
            "name": "Hai Đăng"
        },
        {
            "id": "61557416108215",
            "count": 4
        }
    ],
    "time": 5,
    "last": {
        "time": 0,
        "day": [
            {
                "id": "61550716336128",
                "count": 0
            },
            {
                "id": "61555694213960",
                "count": 0
            },
            {
                "id": "100084942476248",
                "count": 0
            },
            {
                "id": "100083658206330",
                "count": 0
            },
            {
                "id": "61552816393926",
                "count": 0
            },
            {
                "id": "100057252589777",
                "count": 0
            },
            {
                "id": "61555368093387",
                "count": 0
            },
            {
                "id": "100093638335318",
                "count": 0
            },
            {
                "id": "100062687230096",
                "count": 0
            },
            {
                "id": "61554277516288",
                "count": 0
            },
            {
                "id": "100090746375095",
                "count": 0
            },
            {
                "id": "100087458704219",
                "count": 0
            },
            {
                "id": "61555988894408",
                "count": 0
            },
            {
                "id": "61557047544389",
                "count": 0
            },
            {
                "id": "61557063841526",
                "count": 0
            },
            {
                "id": "100093555826195",
                "count": 0
            },
            {
                "id": "100080275484593",
                "count": 0
            },
            {
                "id": "100050395541051",
                "count": 0
            },
            {
                "id": "100045571894142",
                "count": 0
            },
            {
                "id": "100068451322749",
                "count": 0
            },
            {
                "id": "100050312644822",
                "count": 0
            },
            {
                "id": "100075438693129",
                "count": 0
            },
            {
                "id": "100080371587906",
                "count": 0
            },
            {
                "id": "100078999344044",
                "count": 0
            },
            {
                "id": "100057840382725",
                "count": 0
            },
            {
                "id": "61557195982698",
                "count": 0
            },
            {
                "id": "100072747877928",
                "count": 0
            },
            {
                "id": "100001402002189",
                "count": 0
            },
            {
                "id": "100076826063421",
                "count": 0
            },
            {
                "id": "100025767527417",
                "count": 0
            },
            {
                "id": "61550515870479",
                "count": 0
            },
            {
                "id": "100052525476708",
                "count": 0
            },
            {
                "id": "100008430302890",
                "count": 0
            },
            {
                "id": "100088123370449",
                "count": 0
            },
            {
                "id": "100040415865699",
                "count": 0
            },
            {
                "id": "100050999371837",
                "count": 0
            },
            {
                "id": "100010893455791",
                "count": 0
            },
            {
                "id": "100075216610999",
                "count": 0
            },
            {
                "id": "61556522966809",
                "count": 0
            },
            {
                "id": "100092820263928",
                "count": 0
            },
            {
                "id": "100085666823739",
                "count": 0
            },
            {
                "id": "100040016413179",
                "count": 0
            },
            {
                "id": "61555608237453",
                "count": 0
            },
            {
                "id": "100084458675156",
                "count": 0
            },
            {
                "id": "61556729671026",
                "count": 0
            },
            {
                "id": "100094610637398",
                "count": 0
            },
            {
                "id": "100091250785501",
                "count": 0
            },
            {
                "id": "100054921762423",
                "count": 0
            },
            {
                "id": "100070397749684",
                "count": 0
            },
            {
                "id": "61557599305219",
                "count": 0
            },
            {
                "id": "61555229828733",
                "count": 0
            },
            {
                "id": "100040812252998",
                "count": 0
            },
            {
                "id": "100082311049388",
                "count": 0
            },
            {
                "id": "100091684187959",
                "count": 0
            },
            {
                "id": "100094181184096",
                "count": 0
            },
            {
                "id": "100079867790975",
                "count": 0
            },
            {
                "id": "61554926339275",
                "count": 0
            },
            {
                "id": "100089623087261",
                "count": 0
            },
            {
                "id": "100085032687652",
                "count": 0
            },
            {
                "id": "61553292961873",
                "count": 0
            },
            {
                "id": "61554123581614",
                "count": 0
            },
            {
                "id": "100087416674058",
                "count": 0
            },
            {
                "id": "61556297272661",
                "count": 0
            },
            {
                "id": "61553697482164",
                "count": 0
            },
            {
                "id": "100080317670045",
                "count": 0
            },
            {
                "id": "100089702503814",
                "count": 0
            },
            {
                "id": "100069211331050",
                "count": 0
            },
            {
                "id": "100048733418974",
                "count": 0
            },
            {
                "id": "100051898327356",
                "count": 0
            },
            {
                "id": "100078881487167",
                "count": 0
            },
            {
                "id": "100077766391769",
                "count": 0
            },
            {
                "id": "100086010180330",
                "count": 0
            },
            {
                "id": "61555431084414",
                "count": 0
            },
            {
                "id": "61552812796629",
                "count": 0
            },
            {
                "id": "100083680003815",
                "count": 0
            },
            {
                "id": "100078669625099",
                "count": 0
            },
            {
                "id": "100084532789816",
                "count": 0
            },
            {
                "id": "100033928984530",
                "count": 0
            },
            {
                "id": "100089145913465",
                "count": 0
            },
            {
                "id": "100074484563913",
                "count": 0
            },
            {
                "id": "100093795024244",
                "count": 0
            },
            {
                "id": "100041079390776",
                "count": 0
            },
            {
                "id": "100077473208128",
                "count": 0
            },
            {
                "id": "61553605011632",
                "count": 0
            },
            {
                "id": "61556902692726",
                "count": 0
            },
            {
                "id": "100055096702390",
                "count": 0
            },
            {
                "id": "61557596465092",
                "count": 0
            },
            {
                "id": "61557846954594",
                "count": 0
            },
            {
                "id": "61557612965768",
                "count": 0
            },
            {
                "id": "100078356580101",
                "count": 0
            },
            {
                "id": "61553251172275",
                "count": 0
            },
            {
                "id": "100095685482721",
                "count": 0
            },
            {
                "id": "100076349093537",
                "count": 0
            },
            {
                "id": "100080812965665",
                "count": 0
            },
            {
                "id": "61555289862610",
                "count": 0
            },
            {
                "id": "61554911372634",
                "count": 0
            },
            {
                "id": "100091140546447",
                "count": 0
            },
            {
                "id": "61551398054059",
                "count": 0
            },
            {
                "id": "61556509289478",
                "count": 0
            },
            {
                "id": "100084786114210",
                "count": 0
            },
            {
                "id": "100076690955748",
                "count": 0
            },
            {
                "id": "100058403828173",
                "count": 0
            },
            {
                "id": "100081603327154",
                "count": 0
            },
            {
                "id": "100085754186155",
                "count": 0
            },
            {
                "id": "100007499012041",
                "count": 0
            },
            {
                "id": "100087797958830",
                "count": 0
            },
            {
                "id": "61553501000534",
                "count": 0
            },
            {
                "id": "61551499403499",
                "count": 0
            },
            {
                "id": "100070200092705",
                "count": 0
            },
            {
                "id": "61557988615502",
                "count": 0
            },
            {
                "id": "61557957301883",
                "count": 0
            },
            {
                "id": "1653191476",
                "count": 0
            },
            {
                "id": "100079278602049",
                "count": 0
            },
            {
                "id": "100015461745056",
                "count": 0
            },
            {
                "id": "100076257947879",
                "count": 0
            },
            {
                "id": "100075805682351",
                "count": 0
            },
            {
                "id": "61552202438744",
                "count": 0
            },
            {
                "id": "100086799504013",
                "count": 0
            },
            {
                "id": "100079871966254",
                "count": 0
            },
            {
                "id": "100068521877692",
                "count": 0
            },
            {
                "id": "61557524133933",
                "count": 0
            },
            {
                "id": "100077477172073",
                "count": 0
            },
            {
                "id": "100064656291984",
                "count": 0
            },
            {
                "id": "61550653949308",
                "count": 0
            },
            {
                "id": "100074337320127",
                "count": 0
            },
            {
                "id": "61550865790218",
                "count": 0
            },
            {
                "id": "100092294657519",
                "count": 0
            },
            {
                "id": "100090752034894",
                "count": 0
            },
            {
                "id": "100094655349307",
                "count": 0
            },
            {
                "id": "100075149116748",
                "count": 0
            },
            {
                "id": "61553452885555",
                "count": 0
            },
            {
                "id": "100080406907570",
                "count": 0
            },
            {
                "id": "100043979612974",
                "count": 0
            },
            {
                "id": "100078340695955",
                "count": 0
            },
            {
                "id": "100057958178323",
                "count": 0
            },
            {
                "id": "61551999477226",
                "count": 0
            },
            {
                "id": "100061181584016",
                "count": 0
            },
            {
                "id": "61554971141684",
                "count": 0
            },
            {
                "id": "61551366974720",
                "count": 0
            },
            {
                "id": "100088730852588",
                "count": 0
            },
            {
                "id": "100089054154431",
                "count": 0
            },
            {
                "id": "100079815703191",
                "count": 0
            },
            {
                "id": "61553825642653",
                "count": 0
            },
            {
                "id": "100088402457768",
                "count": 0
            },
            {
                "id": "100064257159046",
                "count": 0
            },
            {
                "id": "61552439676387",
                "count": 0
            },
            {
                "id": "100049986090135",
                "count": 0
            },
            {
                "id": "100034372458968",
                "count": 0
            },
            {
                "id": "100093089343672",
                "count": 0
            },
            {
                "id": "61555762781780",
                "count": 0
            },
            {
                "id": "100072926701465",
                "count": 0
            },
            {
                "id": "100074453716929",
                "count": 0
            },
            {
                "id": "100088187676758",
                "count": 0
            },
            {
                "id": "100085410668606",
                "count": 0
            },
            {
                "id": "100089782015624",
                "count": 0
            },
            {
                "id": "100086105513736",
                "count": 0
            },
            {
                "id": "100053075942043",
                "count": 0
            },
            {
                "id": "100091547117804",
                "count": 0
            },
            {
                "id": "61556281965735",
                "count": 0
            },
            {
                "id": "100090469959985",
                "count": 0
            },
            {
                "id": "100091804737487",
                "count": 0
            },
            {
                "id": "61557796067451",
                "count": 0
            },
            {
                "id": "100069624473434",
                "count": 0
            },
            {
                "id": "100089377695707",
                "count": 0
            },
            {
                "id": "100082531630684",
                "count": 0
            },
            {
                "id": "61557668062281",
                "count": 0
            },
            {
                "id": "61555158114992",
                "count": 0
            },
            {
                "id": "100086276473098",
                "count": 0
            },
            {
                "id": "100087957049611",
                "count": 0
            },
            {
                "id": "61557416108215",
                "count": 0
            }
        ],
        "week": [
            {
                "id": "61550716336128",
                "count": 0
            },
            {
                "id": "61555694213960",
                "count": 0
            },
            {
                "id": "100084942476248",
                "count": 0
            },
            {
                "id": "100083658206330",
                "count": 0
            },
            {
                "id": "61552816393926",
                "count": 0
            },
            {
                "id": "100057252589777",
                "count": 0
            },
            {
                "id": "61555368093387",
                "count": 0
            },
            {
                "id": "100093638335318",
                "count": 0
            },
            {
                "id": "100062687230096",
                "count": 0
            },
            {
                "id": "61554277516288",
                "count": 0
            },
            {
                "id": "100090746375095",
                "count": 0
            },
            {
                "id": "100087458704219",
                "count": 0
            },
            {
                "id": "61555988894408",
                "count": 0
            },
            {
                "id": "61557047544389",
                "count": 0
            },
            {
                "id": "61557063841526",
                "count": 0
            },
            {
                "id": "100093555826195",
                "count": 0
            },
            {
                "id": "100080275484593",
                "count": 0
            },
            {
                "id": "100050395541051",
                "count": 0
            },
            {
                "id": "100045571894142",
                "count": 0
            },
            {
                "id": "100068451322749",
                "count": 0
            },
            {
                "id": "100050312644822",
                "count": 0
            },
            {
                "id": "100075438693129",
                "count": 0
            },
            {
                "id": "100080371587906",
                "count": 0
            },
            {
                "id": "100078999344044",
                "count": 0
            },
            {
                "id": "100057840382725",
                "count": 0
            },
            {
                "id": "61557195982698",
                "count": 0
            },
            {
                "id": "100072747877928",
                "count": 0
            },
            {
                "id": "100001402002189",
                "count": 0
            },
            {
                "id": "100076826063421",
                "count": 0
            },
            {
                "id": "100025767527417",
                "count": 0
            },
            {
                "id": "61550515870479",
                "count": 0
            },
            {
                "id": "100052525476708",
                "count": 0
            },
            {
                "id": "100008430302890",
                "count": 0
            },
            {
                "id": "100088123370449",
                "count": 0
            },
            {
                "id": "100040415865699",
                "count": 0
            },
            {
                "id": "100050999371837",
                "count": 0
            },
            {
                "id": "100010893455791",
                "count": 0
            },
            {
                "id": "100075216610999",
                "count": 0
            },
            {
                "id": "61556522966809",
                "count": 0
            },
            {
                "id": "100092820263928",
                "count": 0
            },
            {
                "id": "100085666823739",
                "count": 0
            },
            {
                "id": "100040016413179",
                "count": 0
            },
            {
                "id": "61555608237453",
                "count": 0
            },
            {
                "id": "100084458675156",
                "count": 0
            },
            {
                "id": "61556729671026",
                "count": 0
            },
            {
                "id": "100094610637398",
                "count": 0
            },
            {
                "id": "100091250785501",
                "count": 0
            },
            {
                "id": "100054921762423",
                "count": 0
            },
            {
                "id": "100070397749684",
                "count": 0
            },
            {
                "id": "61557599305219",
                "count": 0
            },
            {
                "id": "61555229828733",
                "count": 0
            },
            {
                "id": "100040812252998",
                "count": 0
            },
            {
                "id": "100082311049388",
                "count": 0
            },
            {
                "id": "100091684187959",
                "count": 0
            },
            {
                "id": "100094181184096",
                "count": 0
            },
            {
                "id": "100079867790975",
                "count": 0
            },
            {
                "id": "61554926339275",
                "count": 0
            },
            {
                "id": "100089623087261",
                "count": 0
            },
            {
                "id": "100085032687652",
                "count": 0
            },
            {
                "id": "61553292961873",
                "count": 0
            },
            {
                "id": "61554123581614",
                "count": 0
            },
            {
                "id": "100087416674058",
                "count": 0
            },
            {
                "id": "61556297272661",
                "count": 0
            },
            {
                "id": "61553697482164",
                "count": 0
            },
            {
                "id": "100080317670045",
                "count": 0
            },
            {
                "id": "100089702503814",
                "count": 0
            },
            {
                "id": "100069211331050",
                "count": 0
            },
            {
                "id": "100048733418974",
                "count": 0
            },
            {
                "id": "100051898327356",
                "count": 0
            },
            {
                "id": "100078881487167",
                "count": 0
            },
            {
                "id": "100077766391769",
                "count": 0
            },
            {
                "id": "100086010180330",
                "count": 0
            },
            {
                "id": "61555431084414",
                "count": 0
            },
            {
                "id": "61552812796629",
                "count": 0
            },
            {
                "id": "100083680003815",
                "count": 0
            },
            {
                "id": "100078669625099",
                "count": 0
            },
            {
                "id": "100084532789816",
                "count": 0
            },
            {
                "id": "100033928984530",
                "count": 0
            },
            {
                "id": "100089145913465",
                "count": 0
            },
            {
                "id": "100074484563913",
                "count": 0
            },
            {
                "id": "100093795024244",
                "count": 0
            },
            {
                "id": "100041079390776",
                "count": 0
            },
            {
                "id": "100077473208128",
                "count": 0
            },
            {
                "id": "61553605011632",
                "count": 0
            },
            {
                "id": "61556902692726",
                "count": 0
            },
            {
                "id": "100055096702390",
                "count": 0
            },
            {
                "id": "61557596465092",
                "count": 0
            },
            {
                "id": "61557846954594",
                "count": 0
            },
            {
                "id": "61557612965768",
                "count": 0
            },
            {
                "id": "100078356580101",
                "count": 0
            },
            {
                "id": "61553251172275",
                "count": 0
            },
            {
                "id": "100095685482721",
                "count": 0
            },
            {
                "id": "100076349093537",
                "count": 0
            },
            {
                "id": "100080812965665",
                "count": 0
            },
            {
                "id": "61555289862610",
                "count": 0
            },
            {
                "id": "61554911372634",
                "count": 0
            },
            {
                "id": "100091140546447",
                "count": 0
            },
            {
                "id": "61551398054059",
                "count": 0
            },
            {
                "id": "61556509289478",
                "count": 0
            },
            {
                "id": "100084786114210",
                "count": 0
            },
            {
                "id": "100076690955748",
                "count": 0
            },
            {
                "id": "100058403828173",
                "count": 0
            },
            {
                "id": "100081603327154",
                "count": 0
            },
            {
                "id": "100085754186155",
                "count": 0
            },
            {
                "id": "100007499012041",
                "count": 0
            },
            {
                "id": "100087797958830",
                "count": 0
            },
            {
                "id": "61553501000534",
                "count": 0
            },
            {
                "id": "61551499403499",
                "count": 0
            },
            {
                "id": "100070200092705",
                "count": 0
            },
            {
                "id": "61557988615502",
                "count": 0
            },
            {
                "id": "61557957301883",
                "count": 0
            },
            {
                "id": "1653191476",
                "count": 0
            },
            {
                "id": "100079278602049",
                "count": 0
            },
            {
                "id": "100015461745056",
                "count": 0
            },
            {
                "id": "100076257947879",
                "count": 0
            },
            {
                "id": "100075805682351",
                "count": 0
            },
            {
                "id": "61552202438744",
                "count": 0
            },
            {
                "id": "100086799504013",
                "count": 0
            },
            {
                "id": "100079871966254",
                "count": 0
            },
            {
                "id": "100068521877692",
                "count": 0
            },
            {
                "id": "61557524133933",
                "count": 0
            },
            {
                "id": "100077477172073",
                "count": 0
            },
            {
                "id": "100064656291984",
                "count": 0
            },
            {
                "id": "61550653949308",
                "count": 0
            },
            {
                "id": "100074337320127",
                "count": 0
            },
            {
                "id": "61550865790218",
                "count": 0
            },
            {
                "id": "100092294657519",
                "count": 0
            },
            {
                "id": "100090752034894",
                "count": 0
            },
            {
                "id": "100094655349307",
                "count": 0
            },
            {
                "id": "100075149116748",
                "count": 0
            },
            {
                "id": "61553452885555",
                "count": 0
            },
            {
                "id": "100080406907570",
                "count": 0
            },
            {
                "id": "100043979612974",
                "count": 0
            },
            {
                "id": "100078340695955",
                "count": 0
            },
            {
                "id": "100057958178323",
                "count": 0
            },
            {
                "id": "61551999477226",
                "count": 0
            },
            {
                "id": "100061181584016",
                "count": 0
            },
            {
                "id": "61554971141684",
                "count": 0
            },
            {
                "id": "61551366974720",
                "count": 0
            },
            {
                "id": "100088730852588",
                "count": 0
            },
            {
                "id": "100089054154431",
                "count": 0
            },
            {
                "id": "100079815703191",
                "count": 0
            },
            {
                "id": "61553825642653",
                "count": 0
            },
            {
                "id": "100088402457768",
                "count": 0
            },
            {
                "id": "100064257159046",
                "count": 0
            },
            {
                "id": "61552439676387",
                "count": 0
            },
            {
                "id": "100049986090135",
                "count": 0
            },
            {
                "id": "100034372458968",
                "count": 0
            },
            {
                "id": "100093089343672",
                "count": 0
            },
            {
                "id": "61555762781780",
                "count": 0
            },
            {
                "id": "100072926701465",
                "count": 0
            },
            {
                "id": "100074453716929",
                "count": 0
            },
            {
                "id": "100088187676758",
                "count": 0
            },
            {
                "id": "100085410668606",
                "count": 0
            },
            {
                "id": "100089782015624",
                "count": 0
            },
            {
                "id": "100086105513736",
                "count": 0
            },
            {
                "id": "100053075942043",
                "count": 0
            },
            {
                "id": "100091547117804",
                "count": 0
            },
            {
                "id": "61556281965735",
                "count": 0
            },
            {
                "id": "100090469959985",
                "count": 0
            },
            {
                "id": "100091804737487",
                "count": 0
            },
            {
                "id": "61557796067451",
                "count": 0
            },
            {
                "id": "100069624473434",
                "count": 0
            },
            {
                "id": "100089377695707",
                "count": 0
            },
            {
                "id": "100082531630684",
                "count": 0
            },
            {
                "id": "61557668062281",
                "count": 0
            },
            {
                "id": "61555158114992",
                "count": 0
            },
            {
                "id": "100086276473098",
                "count": 0
            },
            {
                "id": "100087957049611",
                "count": 0
            },
            {
                "id": "61557416108215",
                "count": 0
            }
        ]
    }
}