{
    "total": [
        {
            "id": "100045818362242",
            "count": 61
        },
        {
            "id": "100073176514443",
            "count": 303
        },
        {
            "id": "100029450659433",
            "count": 2
        },
        {
            "id": "100094359789529",
            "count": 0
        },
        {
            "id": "61550232740786",
            "count": 4
        },
        {
            "id": "100091322636231",
            "count": 0
        },
        {
            "id": "100056816538439",
            "count": 3
        },
        {
            "id": "100052312652665",
            "count": 9
        },
        {
            "id": "100095375092062",
            "count": 0
        },
        {
            "id": "100050999371837",
            "count": 5
        },
        {
            "id": "100075216610999",
            "count": 272
        },
        {
            "id": "100049053390772",
            "count": 6
        },
        {
            "id": "100009915934678",
            "count": 8
        },
        {
            "id": "100005627502223",
            "count": 21
        },
        {
            "id": "100082746316473",
            "count": 4
        },
        {
            "id": "100041512306734",
            "count": 5
        },
        {
            "id": "100069945234078",
            "count": 2
        },
        {
            "id": "61554882154008",
            "count": 16
        },
        {
            "id": "100033026026205",
            "count": 136
        },
        {
            "id": "100088436958244",
            "count": 5
        },
        {
            "id": "100069881823212",
            "count": 4
        },
        {
            "id": "61557353347115",
            "count": 11
        },
        {
            "id": "61554338278706",
            "count": 28
        },
        {
            "id": "100090527902857",
            "count": 50
        },
        {
            "id": "61557377865037",
            "count": 0
        },
        {
            "id": "100094332308139",
            "count": 2
        },
        {
            "id": "100078829720521",
            "count": 12
        },
        {
            "id": "100040415865699",
            "count": 17
        },
        {
            "id": "61554942430283",
            "count": 0
        },
        {
            "id": "100069705517655",
            "count": 11
        },
        {
            "id": "100038243257706",
            "count": 25
        },
        {
            "id": "100077404294900",
            "count": 0
        },
        {
            "id": "100055685417075",
            "count": 0
        },
        {
            "id": "100090055111730",
            "count": 2
        }
    ],
    "week": [
        {
            "id": "100045818362242",
            "count": 0,
            "name": "Người dùng facebook"
        },
        {
            "id": "100073176514443",
            "count": 0,
            "name": "Người dùng facebook"
        },
        {
            "id": "100029450659433",
            "count": 0,
            "name": "Người dùng facebook"
        },
        {
            "id": "100094359789529",
            "count": 0,
            "name": "Người dùng facebook"
        },
        {
            "id": "61550232740786",
            "count": 0,
            "name": "Người dùng facebook"
        },
        {
            "id": "100091322636231",
            "count": 0,
            "name": "Người dùng facebook"
        },
        {
            "id": "100056816538439",
            "count": 0,
            "name": "Người dùng facebook"
        },
        {
            "id": "100052312652665",
            "count": 0,
            "name": "Người dùng facebook"
        },
        {
            "id": "100095375092062",
            "count": 0,
            "name": "Người dùng facebook"
        },
        {
            "id": "100050999371837",
            "count": 0,
            "name": "Tiến Nguyễn"
        },
        {
            "id": "100075216610999",
            "count": 0,
            "name": "Hyouka Granger"
        },
        {
            "id": "100049053390772",
            "count": 0,
            "name": "Người dùng facebook"
        },
        {
            "id": "100009915934678",
            "count": 0,
            "name": "Người dùng facebook"
        },
        {
            "id": "100005627502223",
            "count": 0,
            "name": "Người dùng facebook"
        },
        {
            "id": "100082746316473",
            "count": 0,
            "name": "Người dùng facebook"
        },
        {
            "id": "100041512306734",
            "count": 0,
            "name": "Người dùng facebook"
        },
        {
            "id": "100069945234078",
            "count": 0,
            "name": "Người dùng facebook"
        },
        {
            "id": "61554882154008",
            "count": 0,
            "name": "Người dùng facebook"
        },
        {
            "id": "100033026026205",
            "count": 0,
            "name": "Người dùng facebook"
        },
        {
            "id": "100088436958244",
            "count": 0,
            "name": "Người dùng facebook"
        },
        {
            "id": "100069881823212",
            "count": 0,
            "name": "Người dùng facebook"
        },
        {
            "id": "61557353347115",
            "count": 0,
            "name": "Người dùng facebook"
        },
        {
            "id": "61554338278706",
            "count": 0,
            "name": "Người dùng facebook"
        },
        {
            "id": "100090527902857",
            "count": 0,
            "name": "Người dùng facebook"
        },
        {
            "id": "61557377865037",
            "count": 0,
            "name": "Người dùng facebook"
        },
        {
            "id": "100094332308139",
            "count": 0,
            "name": "Người dùng facebook"
        },
        {
            "id": "100078829720521",
            "count": 0,
            "name": "Người dùng facebook"
        },
        {
            "id": "100040415865699",
            "count": 0,
            "name": "Người dùng facebook"
        },
        {
            "id": "61554942430283",
            "count": 0,
            "name": "Người dùng facebook"
        },
        {
            "id": "100069705517655",
            "count": 0,
            "name": "Người dùng facebook"
        },
        {
            "id": "100038243257706",
            "count": 0,
            "name": "Người dùng facebook"
        },
        {
            "id": "100077404294900",
            "count": 0,
            "name": "Người dùng facebook"
        },
        {
            "id": "100055685417075",
            "count": 0,
            "name": "Người dùng facebook"
        },
        {
            "id": "100090055111730",
            "count": 0,
            "name": "Người dùng facebook"
        }
    ],
    "day": [
        {
            "id": "100045818362242",
            "count": 0,
            "name": "Người dùng facebook"
        },
        {
            "id": "100073176514443",
            "count": 0,
            "name": "Người dùng facebook"
        },
        {
            "id": "100029450659433",
            "count": 0,
            "name": "Người dùng facebook"
        },
        {
            "id": "100094359789529",
            "count": 0,
            "name": "Người dùng facebook"
        },
        {
            "id": "61550232740786",
            "count": 0,
            "name": "Người dùng facebook"
        },
        {
            "id": "100091322636231",
            "count": 0,
            "name": "Người dùng facebook"
        },
        {
            "id": "100056816538439",
            "count": 0,
            "name": "Người dùng facebook"
        },
        {
            "id": "100052312652665",
            "count": 0,
            "name": "Người dùng facebook"
        },
        {
            "id": "100095375092062",
            "count": 0,
            "name": "Người dùng facebook"
        },
        {
            "id": "100050999371837",
            "count": 0,
            "name": "Tiến Nguyễn"
        },
        {
            "id": "100075216610999",
            "count": 0,
            "name": "Hyouka Granger"
        },
        {
            "id": "100049053390772",
            "count": 0,
            "name": "Người dùng facebook"
        },
        {
            "id": "100009915934678",
            "count": 0,
            "name": "Người dùng facebook"
        },
        {
            "id": "100005627502223",
            "count": 0,
            "name": "Người dùng facebook"
        },
        {
            "id": "100082746316473",
            "count": 0,
            "name": "Người dùng facebook"
        },
        {
            "id": "100041512306734",
            "count": 0,
            "name": "Người dùng facebook"
        },
        {
            "id": "100069945234078",
            "count": 0,
            "name": "Người dùng facebook"
        },
        {
            "id": "61554882154008",
            "count": 0,
            "name": "Người dùng facebook"
        },
        {
            "id": "100033026026205",
            "count": 0,
            "name": "Người dùng facebook"
        },
        {
            "id": "100088436958244",
            "count": 0,
            "name": "Người dùng facebook"
        },
        {
            "id": "100069881823212",
            "count": 0,
            "name": "Người dùng facebook"
        },
        {
            "id": "61557353347115",
            "count": 0,
            "name": "Người dùng facebook"
        },
        {
            "id": "61554338278706",
            "count": 0,
            "name": "Người dùng facebook"
        },
        {
            "id": "100090527902857",
            "count": 0,
            "name": "Người dùng facebook"
        },
        {
            "id": "61557377865037",
            "count": 0,
            "name": "Người dùng facebook"
        },
        {
            "id": "100094332308139",
            "count": 0,
            "name": "Người dùng facebook"
        },
        {
            "id": "100078829720521",
            "count": 0,
            "name": "Người dùng facebook"
        },
        {
            "id": "100040415865699",
            "count": 0,
            "name": "Người dùng facebook"
        },
        {
            "id": "61554942430283",
            "count": 0,
            "name": "Người dùng facebook"
        },
        {
            "id": "100069705517655",
            "count": 0,
            "name": "Người dùng facebook"
        },
        {
            "id": "100038243257706",
            "count": 0,
            "name": "Người dùng facebook"
        },
        {
            "id": "100077404294900",
            "count": 0,
            "name": "Người dùng facebook"
        },
        {
            "id": "100055685417075",
            "count": 0,
            "name": "Người dùng facebook"
        },
        {
            "id": "100090055111730",
            "count": 0,
            "name": "Người dùng facebook"
        }
    ],
    "time": 5,
    "last": {
        "time": 4,
        "day": [
            {
                "id": "100045818362242",
                "count": 0
            },
            {
                "id": "100090941125348",
                "count": 0
            },
            {
                "id": "100073176514443",
                "count": 0
            },
            {
                "id": "100029450659433",
                "count": 0
            },
            {
                "id": "100094359789529",
                "count": 0
            },
            {
                "id": "61550232740786",
                "count": 0
            },
            {
                "id": "100091322636231",
                "count": 0
            },
            {
                "id": "100083025817223",
                "count": 0
            },
            {
                "id": "100056816538439",
                "count": 0
            },
            {
                "id": "100052312652665",
                "count": 0
            },
            {
                "id": "100075945013170",
                "count": 0
            },
            {
                "id": "100014202554153",
                "count": 0
            },
            {
                "id": "100079055132141",
                "count": 0
            },
            {
                "id": "100089589511617",
                "count": 0
            },
            {
                "id": "100073443293451",
                "count": 0
            },
            {
                "id": "100089806748383",
                "count": 0
            },
            {
                "id": "100095375092062",
                "count": 0
            },
            {
                "id": "100084216892189",
                "count": 0
            },
            {
                "id": "100059979163986",
                "count": 0
            },
            {
                "id": "100050999371837",
                "count": 0
            },
            {
                "id": "100055576884225",
                "count": 0
            },
            {
                "id": "100075216610999",
                "count": 0
            },
            {
                "id": "100049053390772",
                "count": 0
            },
            {
                "id": "100093272871331",
                "count": 0
            },
            {
                "id": "100009915934678",
                "count": 0
            },
            {
                "id": "100081295962286",
                "count": 0
            },
            {
                "id": "100050747403139",
                "count": 0
            },
            {
                "id": "100005627502223",
                "count": 0
            },
            {
                "id": "100082746316473",
                "count": 0
            },
            {
                "id": "61554772967445",
                "count": 0
            },
            {
                "id": "100089013855407",
                "count": 0
            },
            {
                "id": "100094548483195",
                "count": 0
            },
            {
                "id": "100082133956865",
                "count": 0
            },
            {
                "id": "100041512306734",
                "count": 0
            },
            {
                "id": "61557148696119",
                "count": 0
            },
            {
                "id": "100073461156032",
                "count": 0
            },
            {
                "id": "100069945234078",
                "count": 0
            },
            {
                "id": "61554882154008",
                "count": 0
            },
            {
                "id": "100033026026205",
                "count": 0
            },
            {
                "id": "100088436958244",
                "count": 0
            },
            {
                "id": "100079680401272",
                "count": 0
            },
            {
                "id": "100041856032966",
                "count": 0
            },
            {
                "id": "100069881823212",
                "count": 0
            },
            {
                "id": "100051475654098",
                "count": 0
            },
            {
                "id": "61557353347115",
                "count": 0
            },
            {
                "id": "61554338278706",
                "count": 0
            },
            {
                "id": "100090527902857",
                "count": 0
            },
            {
                "id": "100059116781893",
                "count": 0
            },
            {
                "id": "61557260428158",
                "count": 0
            },
            {
                "id": "100089057134270",
                "count": 0
            },
            {
                "id": "100052192205622",
                "count": 0
            },
            {
                "id": "100026113713973",
                "count": 0
            },
            {
                "id": "61557377865037",
                "count": 0
            },
            {
                "id": "100037755750286",
                "count": 0
            },
            {
                "id": "100094332308139",
                "count": 0
            },
            {
                "id": "100078829720521",
                "count": 0
            },
            {
                "id": "100023857540259",
                "count": 0
            },
            {
                "id": "100093106284706",
                "count": 0
            },
            {
                "id": "100040415865699",
                "count": 0
            },
            {
                "id": "100088496774121",
                "count": 0
            },
            {
                "id": "100086799504013",
                "count": 0
            },
            {
                "id": "61554942430283",
                "count": 0
            },
            {
                "id": "100024063321273",
                "count": 0
            },
            {
                "id": "100069705517655",
                "count": 0
            },
            {
                "id": "100038243257706",
                "count": 0
            },
            {
                "id": "100077404294900",
                "count": 0
            },
            {
                "id": "100055685417075",
                "count": 0
            },
            {
                "id": "100090055111730",
                "count": 0
            }
        ],
        "week": [
            {
                "id": "100045818362242",
                "count": 0
            },
            {
                "id": "100090941125348",
                "count": 0
            },
            {
                "id": "100073176514443",
                "count": 0
            },
            {
                "id": "100029450659433",
                "count": 0
            },
            {
                "id": "100094359789529",
                "count": 0
            },
            {
                "id": "61550232740786",
                "count": 0
            },
            {
                "id": "100091322636231",
                "count": 0
            },
            {
                "id": "100083025817223",
                "count": 0
            },
            {
                "id": "100056816538439",
                "count": 0
            },
            {
                "id": "100052312652665",
                "count": 0
            },
            {
                "id": "100075945013170",
                "count": 0
            },
            {
                "id": "100014202554153",
                "count": 0
            },
            {
                "id": "100079055132141",
                "count": 0
            },
            {
                "id": "100089589511617",
                "count": 0
            },
            {
                "id": "100073443293451",
                "count": 0
            },
            {
                "id": "100089806748383",
                "count": 0
            },
            {
                "id": "100095375092062",
                "count": 0
            },
            {
                "id": "100084216892189",
                "count": 0
            },
            {
                "id": "100059979163986",
                "count": 0
            },
            {
                "id": "100050999371837",
                "count": 0
            },
            {
                "id": "100055576884225",
                "count": 0
            },
            {
                "id": "100075216610999",
                "count": 0
            },
            {
                "id": "100049053390772",
                "count": 0
            },
            {
                "id": "100093272871331",
                "count": 0
            },
            {
                "id": "100009915934678",
                "count": 0
            },
            {
                "id": "100081295962286",
                "count": 0
            },
            {
                "id": "100050747403139",
                "count": 0
            },
            {
                "id": "100005627502223",
                "count": 0
            },
            {
                "id": "100082746316473",
                "count": 0
            },
            {
                "id": "61554772967445",
                "count": 0
            },
            {
                "id": "100089013855407",
                "count": 0
            },
            {
                "id": "100094548483195",
                "count": 0
            },
            {
                "id": "100082133956865",
                "count": 0
            },
            {
                "id": "100041512306734",
                "count": 0
            },
            {
                "id": "61557148696119",
                "count": 0
            },
            {
                "id": "100073461156032",
                "count": 0
            },
            {
                "id": "100069945234078",
                "count": 0
            },
            {
                "id": "61554882154008",
                "count": 0
            },
            {
                "id": "100033026026205",
                "count": 0
            },
            {
                "id": "100088436958244",
                "count": 0
            },
            {
                "id": "100079680401272",
                "count": 0
            },
            {
                "id": "100041856032966",
                "count": 0
            },
            {
                "id": "100069881823212",
                "count": 0
            },
            {
                "id": "100051475654098",
                "count": 0
            },
            {
                "id": "61557353347115",
                "count": 0
            },
            {
                "id": "61554338278706",
                "count": 0
            },
            {
                "id": "100090527902857",
                "count": 0
            },
            {
                "id": "100059116781893",
                "count": 0
            },
            {
                "id": "61557260428158",
                "count": 0
            },
            {
                "id": "100089057134270",
                "count": 0
            },
            {
                "id": "100052192205622",
                "count": 0
            },
            {
                "id": "100026113713973",
                "count": 0
            },
            {
                "id": "61557377865037",
                "count": 0
            },
            {
                "id": "100037755750286",
                "count": 0
            },
            {
                "id": "100094332308139",
                "count": 0
            },
            {
                "id": "100078829720521",
                "count": 0
            },
            {
                "id": "100023857540259",
                "count": 0
            },
            {
                "id": "100093106284706",
                "count": 0
            },
            {
                "id": "100040415865699",
                "count": 0
            },
            {
                "id": "100088496774121",
                "count": 0
            },
            {
                "id": "100086799504013",
                "count": 0
            },
            {
                "id": "61554942430283",
                "count": 0
            },
            {
                "id": "100024063321273",
                "count": 0
            },
            {
                "id": "100069705517655",
                "count": 0
            },
            {
                "id": "100038243257706",
                "count": 0
            },
            {
                "id": "100077404294900",
                "count": 0
            },
            {
                "id": "100055685417075",
                "count": 0
            },
            {
                "id": "100090055111730",
                "count": 0
            }
        ]
    }
}