{
    "total": [
        {
            "id": "61551362195356",
            "count": 50
        },
        {
            "id": "100089971574042",
            "count": 20
        },
        {
            "id": "61550113583383",
            "count": 59
        },
        {
            "id": "100091383302096",
            "count": 0
        },
        {
            "id": "100088445157023",
            "count": 0
        },
        {
            "id": "100069110779182",
            "count": 0
        },
        {
            "id": "100054590448503",
            "count": 0
        },
        {
            "id": "100090382860248",
            "count": 0
        },
        {
            "id": "100074084177097",
            "count": 0
        },
        {
            "id": "100086639404791",
            "count": 0
        },
        {
            "id": "100054453547593",
            "count": 0
        },
        {
            "id": "61550999904141",
            "count": 0
        },
        {
            "id": "100091988314235",
            "count": 0
        },
        {
            "id": "61554201941108",
            "count": 46
        },
        {
            "id": "100090748070476",
            "count": 68
        },
        {
            "id": "61550355993546",
            "count": 0
        },
        {
            "id": "100074397482367",
            "count": 0
        },
        {
            "id": "61551097974876",
            "count": 0
        },
        {
            "id": "100079051539987",
            "count": 0
        },
        {
            "id": "100080231234306",
            "count": 0
        },
        {
            "id": "100075191179287",
            "count": 0
        },
        {
            "id": "100091502126960",
            "count": 0
        },
        {
            "id": "100093272871331",
            "count": 0
        },
        {
            "id": "100057539558170",
            "count": 0
        },
        {
            "id": "61556329108687",
            "count": 36
        },
        {
            "id": "61557031796139",
            "count": 18
        },
        {
            "id": "100091300724620",
            "count": 2
        },
        {
            "id": "100094768595378",
            "count": 0
        },
        {
            "id": "100072985804552",
            "count": 0
        },
        {
            "id": "100050999371837",
            "count": 0
        },
        {
            "id": "100075216610999",
            "count": 38
        },
        {
            "id": "100041859220675",
            "count": 0
        },
        {
            "id": "61552162083260",
            "count": 0
        },
        {
            "id": "100080662077680",
            "count": 0
        },
        {
            "id": "100083005140034",
            "count": 0
        },
        {
            "id": "100051645370628",
            "count": 4
        },
        {
            "id": "61556062628709",
            "count": 28
        },
        {
            "id": "100094163070087",
            "count": 0
        },
        {
            "id": "100041079612107",
            "count": 0
        },
        {
            "id": "100073720928422",
            "count": 7
        },
        {
            "id": "100057232662303",
            "count": 0
        },
        {
            "id": "100089456533543",
            "count": 0
        },
        {
            "id": "100090118737842",
            "count": 2
        },
        {
            "id": "100095505038896",
            "count": 2
        },
        {
            "id": "100095197692025",
            "count": 2
        }
    ],
    "week": [
        {
            "id": "61551362195356",
            "count": 0,
            "name": "Người dùng facebook"
        },
        {
            "id": "100089971574042",
            "count": 0,
            "name": "Người dùng facebook"
        },
        {
            "id": "61550113583383",
            "count": 0,
            "name": "Người dùng facebook"
        },
        {
            "id": "100091383302096",
            "count": 0,
            "name": "Người dùng facebook"
        },
        {
            "id": "100088445157023",
            "count": 0,
            "name": "Người dùng facebook"
        },
        {
            "id": "100069110779182",
            "count": 0,
            "name": "Người dùng facebook"
        },
        {
            "id": "100054590448503",
            "count": 0,
            "name": "Người dùng facebook"
        },
        {
            "id": "100090382860248",
            "count": 0,
            "name": "Thu Uyên"
        },
        {
            "id": "100074084177097",
            "count": 0,
            "name": "Người dùng facebook"
        },
        {
            "id": "100086639404791",
            "count": 0,
            "name": "Người dùng facebook"
        },
        {
            "id": "100054453547593",
            "count": 0,
            "name": "Người dùng facebook"
        },
        {
            "id": "61550999904141",
            "count": 0,
            "name": "Người dùng facebook"
        },
        {
            "id": "100091988314235",
            "count": 0,
            "name": "Người dùng facebook"
        },
        {
            "id": "61554201941108",
            "count": 0,
            "name": "Người dùng facebook"
        },
        {
            "id": "100090748070476",
            "count": 0,
            "name": "Người dùng facebook"
        },
        {
            "id": "61550355993546",
            "count": 0,
            "name": "Người dùng facebook"
        },
        {
            "id": "100074397482367",
            "count": 0,
            "name": "Người dùng facebook"
        },
        {
            "id": "61551097974876",
            "count": 0,
            "name": "Người dùng facebook"
        },
        {
            "id": "100079051539987",
            "count": 0,
            "name": "Người dùng facebook"
        },
        {
            "id": "100080231234306",
            "count": 0,
            "name": "Người dùng facebook"
        },
        {
            "id": "100075191179287",
            "count": 0,
            "name": "Người dùng facebook"
        },
        {
            "id": "100091502126960",
            "count": 0,
            "name": "Người dùng facebook"
        },
        {
            "id": "100093272871331",
            "count": 0,
            "name": "Người dùng facebook"
        },
        {
            "id": "100057539558170",
            "count": 0,
            "name": "Người dùng facebook"
        },
        {
            "id": "61556329108687",
            "count": 0,
            "name": "Người dùng facebook"
        },
        {
            "id": "61557031796139",
            "count": 0,
            "name": "Người dùng facebook"
        },
        {
            "id": "100091300724620",
            "count": 0,
            "name": "Người dùng facebook"
        },
        {
            "id": "100094768595378",
            "count": 0,
            "name": "Người dùng facebook"
        },
        {
            "id": "100072985804552",
            "count": 0,
            "name": "Người dùng facebook"
        },
        {
            "id": "100050999371837",
            "count": 0,
            "name": "Tiến Nguyễn"
        },
        {
            "id": "100075216610999",
            "count": 0,
            "name": "Hyouka Granger"
        },
        {
            "id": "100041859220675",
            "count": 0,
            "name": "Người dùng facebook"
        },
        {
            "id": "61552162083260",
            "count": 0,
            "name": "Người dùng facebook"
        },
        {
            "id": "100080662077680",
            "count": 0,
            "name": "Người dùng facebook"
        },
        {
            "id": "100083005140034",
            "count": 0,
            "name": "Người dùng facebook"
        },
        {
            "id": "100051645370628",
            "count": 0,
            "name": "Người dùng facebook"
        },
        {
            "id": "61556062628709",
            "count": 0,
            "name": "Người dùng facebook"
        },
        {
            "id": "100094163070087",
            "count": 0,
            "name": "Người dùng facebook"
        },
        {
            "id": "100041079612107",
            "count": 0,
            "name": "Người dùng facebook"
        },
        {
            "id": "100073720928422",
            "count": 0,
            "name": "Người dùng facebook"
        },
        {
            "id": "100057232662303",
            "count": 0,
            "name": "Người dùng facebook"
        },
        {
            "id": "100089456533543",
            "count": 0,
            "name": "Người dùng facebook"
        },
        {
            "id": "100090118737842",
            "count": 0,
            "name": "Người dùng facebook"
        },
        {
            "id": "100095505038896",
            "count": 0,
            "name": "Người dùng facebook"
        },
        {
            "id": "100095197692025",
            "count": 0,
            "name": "Người dùng facebook"
        }
    ],
    "day": [
        {
            "id": "61551362195356",
            "count": 0,
            "name": "Người dùng facebook"
        },
        {
            "id": "100089971574042",
            "count": 0,
            "name": "Người dùng facebook"
        },
        {
            "id": "61550113583383",
            "count": 0,
            "name": "Người dùng facebook"
        },
        {
            "id": "100091383302096",
            "count": 0,
            "name": "Người dùng facebook"
        },
        {
            "id": "100088445157023",
            "count": 0,
            "name": "Người dùng facebook"
        },
        {
            "id": "100069110779182",
            "count": 0,
            "name": "Người dùng facebook"
        },
        {
            "id": "100054590448503",
            "count": 0,
            "name": "Người dùng facebook"
        },
        {
            "id": "100090382860248",
            "count": 0,
            "name": "Thu Uyên"
        },
        {
            "id": "100074084177097",
            "count": 0,
            "name": "Người dùng facebook"
        },
        {
            "id": "100086639404791",
            "count": 0,
            "name": "Người dùng facebook"
        },
        {
            "id": "100054453547593",
            "count": 0,
            "name": "Người dùng facebook"
        },
        {
            "id": "61550999904141",
            "count": 0,
            "name": "Người dùng facebook"
        },
        {
            "id": "100091988314235",
            "count": 0,
            "name": "Người dùng facebook"
        },
        {
            "id": "61554201941108",
            "count": 0,
            "name": "Người dùng facebook"
        },
        {
            "id": "100090748070476",
            "count": 0,
            "name": "Người dùng facebook"
        },
        {
            "id": "61550355993546",
            "count": 0,
            "name": "Người dùng facebook"
        },
        {
            "id": "100074397482367",
            "count": 0,
            "name": "Người dùng facebook"
        },
        {
            "id": "61551097974876",
            "count": 0,
            "name": "Người dùng facebook"
        },
        {
            "id": "100079051539987",
            "count": 0,
            "name": "Người dùng facebook"
        },
        {
            "id": "100080231234306",
            "count": 0,
            "name": "Người dùng facebook"
        },
        {
            "id": "100075191179287",
            "count": 0,
            "name": "Người dùng facebook"
        },
        {
            "id": "100091502126960",
            "count": 0,
            "name": "Người dùng facebook"
        },
        {
            "id": "100093272871331",
            "count": 0,
            "name": "Người dùng facebook"
        },
        {
            "id": "100057539558170",
            "count": 0,
            "name": "Người dùng facebook"
        },
        {
            "id": "61556329108687",
            "count": 0,
            "name": "Người dùng facebook"
        },
        {
            "id": "61557031796139",
            "count": 0,
            "name": "Người dùng facebook"
        },
        {
            "id": "100091300724620",
            "count": 0,
            "name": "Người dùng facebook"
        },
        {
            "id": "100094768595378",
            "count": 0,
            "name": "Người dùng facebook"
        },
        {
            "id": "100072985804552",
            "count": 0,
            "name": "Người dùng facebook"
        },
        {
            "id": "100050999371837",
            "count": 0,
            "name": "Tiến Nguyễn"
        },
        {
            "id": "100075216610999",
            "count": 0,
            "name": "Hyouka Granger"
        },
        {
            "id": "100041859220675",
            "count": 0,
            "name": "Người dùng facebook"
        },
        {
            "id": "61552162083260",
            "count": 0,
            "name": "Người dùng facebook"
        },
        {
            "id": "100080662077680",
            "count": 0,
            "name": "Người dùng facebook"
        },
        {
            "id": "100083005140034",
            "count": 0,
            "name": "Người dùng facebook"
        },
        {
            "id": "100051645370628",
            "count": 0,
            "name": "Người dùng facebook"
        },
        {
            "id": "61556062628709",
            "count": 0,
            "name": "Người dùng facebook"
        },
        {
            "id": "100094163070087",
            "count": 0,
            "name": "Người dùng facebook"
        },
        {
            "id": "100041079612107",
            "count": 0,
            "name": "Người dùng facebook"
        },
        {
            "id": "100073720928422",
            "count": 0,
            "name": "Người dùng facebook"
        },
        {
            "id": "100057232662303",
            "count": 0,
            "name": "Người dùng facebook"
        },
        {
            "id": "100089456533543",
            "count": 0,
            "name": "Người dùng facebook"
        },
        {
            "id": "100090118737842",
            "count": 0,
            "name": "Người dùng facebook"
        },
        {
            "id": "100095505038896",
            "count": 0,
            "name": "Người dùng facebook"
        },
        {
            "id": "100095197692025",
            "count": 0,
            "name": "Người dùng facebook"
        }
    ],
    "time": 5,
    "last": {
        "time": 2,
        "day": [
            {
                "id": "61551362195356",
                "count": 0
            },
            {
                "id": "100089971574042",
                "count": 0
            },
            {
                "id": "61550113583383",
                "count": 0
            },
            {
                "id": "100091383302096",
                "count": 0
            },
            {
                "id": "100088445157023",
                "count": 0
            },
            {
                "id": "100069110779182",
                "count": 0
            },
            {
                "id": "100054590448503",
                "count": 0
            },
            {
                "id": "100090382860248",
                "count": 0
            },
            {
                "id": "100074084177097",
                "count": 0
            },
            {
                "id": "100086639404791",
                "count": 0
            },
            {
                "id": "100054453547593",
                "count": 0
            },
            {
                "id": "61550999904141",
                "count": 0
            },
            {
                "id": "100091988314235",
                "count": 0
            },
            {
                "id": "61554201941108",
                "count": 0
            },
            {
                "id": "100090748070476",
                "count": 0
            },
            {
                "id": "61550355993546",
                "count": 0
            },
            {
                "id": "100074397482367",
                "count": 0
            },
            {
                "id": "61551097974876",
                "count": 0
            },
            {
                "id": "100079051539987",
                "count": 0
            },
            {
                "id": "100080231234306",
                "count": 0
            },
            {
                "id": "100075191179287",
                "count": 0
            },
            {
                "id": "100091502126960",
                "count": 0
            },
            {
                "id": "100093272871331",
                "count": 0
            },
            {
                "id": "100057539558170",
                "count": 0
            },
            {
                "id": "61556329108687",
                "count": 0
            },
            {
                "id": "61557031796139",
                "count": 0
            },
            {
                "id": "100091300724620",
                "count": 0
            },
            {
                "id": "100094768595378",
                "count": 0
            },
            {
                "id": "100072985804552",
                "count": 0
            },
            {
                "id": "100015803310281",
                "count": 0
            },
            {
                "id": "100050999371837",
                "count": 0
            },
            {
                "id": "100075216610999",
                "count": 0
            },
            {
                "id": "100041859220675",
                "count": 0
            },
            {
                "id": "61552045016929",
                "count": 0
            },
            {
                "id": "61552162083260",
                "count": 0
            },
            {
                "id": "100080662077680",
                "count": 0
            },
            {
                "id": "100083005140034",
                "count": 0
            },
            {
                "id": "100051645370628",
                "count": 0
            },
            {
                "id": "61556062628709",
                "count": 0
            },
            {
                "id": "100094163070087",
                "count": 0
            },
            {
                "id": "100041079612107",
                "count": 0
            },
            {
                "id": "100073720928422",
                "count": 0
            },
            {
                "id": "100057232662303",
                "count": 0
            },
            {
                "id": "100089456533543",
                "count": 0
            },
            {
                "id": "100043800010375",
                "count": 0
            },
            {
                "id": "100090118737842",
                "count": 0
            },
            {
                "id": "100095505038896",
                "count": 0
            },
            {
                "id": "100095197692025",
                "count": 0
            }
        ],
        "week": [
            {
                "id": "61551362195356",
                "count": 0
            },
            {
                "id": "100089971574042",
                "count": 0
            },
            {
                "id": "61550113583383",
                "count": 0
            },
            {
                "id": "100091383302096",
                "count": 0
            },
            {
                "id": "100088445157023",
                "count": 0
            },
            {
                "id": "100069110779182",
                "count": 0
            },
            {
                "id": "100054590448503",
                "count": 0
            },
            {
                "id": "100090382860248",
                "count": 0
            },
            {
                "id": "100074084177097",
                "count": 0
            },
            {
                "id": "100086639404791",
                "count": 0
            },
            {
                "id": "100054453547593",
                "count": 0
            },
            {
                "id": "61550999904141",
                "count": 0
            },
            {
                "id": "100091988314235",
                "count": 0
            },
            {
                "id": "61554201941108",
                "count": 0
            },
            {
                "id": "100090748070476",
                "count": 0
            },
            {
                "id": "61550355993546",
                "count": 0
            },
            {
                "id": "100074397482367",
                "count": 0
            },
            {
                "id": "61551097974876",
                "count": 0
            },
            {
                "id": "100079051539987",
                "count": 0
            },
            {
                "id": "100080231234306",
                "count": 0
            },
            {
                "id": "100075191179287",
                "count": 0
            },
            {
                "id": "100091502126960",
                "count": 0
            },
            {
                "id": "100093272871331",
                "count": 0
            },
            {
                "id": "100057539558170",
                "count": 0
            },
            {
                "id": "61556329108687",
                "count": 0
            },
            {
                "id": "61557031796139",
                "count": 0
            },
            {
                "id": "100091300724620",
                "count": 0
            },
            {
                "id": "100094768595378",
                "count": 0
            },
            {
                "id": "100072985804552",
                "count": 0
            },
            {
                "id": "100015803310281",
                "count": 0
            },
            {
                "id": "100050999371837",
                "count": 0
            },
            {
                "id": "100075216610999",
                "count": 0
            },
            {
                "id": "100041859220675",
                "count": 0
            },
            {
                "id": "61552045016929",
                "count": 0
            },
            {
                "id": "61552162083260",
                "count": 0
            },
            {
                "id": "100080662077680",
                "count": 0
            },
            {
                "id": "100083005140034",
                "count": 0
            },
            {
                "id": "100051645370628",
                "count": 0
            },
            {
                "id": "61556062628709",
                "count": 0
            },
            {
                "id": "100094163070087",
                "count": 0
            },
            {
                "id": "100041079612107",
                "count": 0
            },
            {
                "id": "100073720928422",
                "count": 0
            },
            {
                "id": "100057232662303",
                "count": 0
            },
            {
                "id": "100089456533543",
                "count": 0
            },
            {
                "id": "100043800010375",
                "count": 0
            },
            {
                "id": "100090118737842",
                "count": 0
            },
            {
                "id": "100095505038896",
                "count": 0
            },
            {
                "id": "100095197692025",
                "count": 0
            }
        ]
    }
}