{
    "total": [
        {
            "id": "100082972663259",
            "count": 0
        },
        {
            "id": "100077889105480",
            "count": 11
        },
        {
            "id": "100084314594370",
            "count": 0
        },
        {
            "id": "100078407751999",
            "count": 4
        },
        {
            "id": "100079150581390",
            "count": 0
        },
        {
            "id": "100080447737408",
            "count": 0
        },
        {
            "id": "61552155471344",
            "count": 0
        },
        {
            "id": "100053583439911",
            "count": 0
        },
        {
            "id": "100089713998860",
            "count": 0
        },
        {
            "id": "61556683451693",
            "count": 18
        },
        {
            "id": "100032066645606",
            "count": 0
        },
        {
            "id": "100091247019323",
            "count": 5
        },
        {
            "id": "100089047225523",
            "count": 0
        },
        {
            "id": "61557517267441",
            "count": 0
        },
        {
            "id": "100074939361820",
            "count": 0
        },
        {
            "id": "100093308674032",
            "count": 0
        },
        {
            "id": "100086340353226",
            "count": 1
        },
        {
            "id": "100076436841031",
            "count": 0
        },
        {
            "id": "61551259383681",
            "count": 0
        },
        {
            "id": "61556194270177",
            "count": 0
        },
        {
            "id": "100033563775501",
            "count": 0
        },
        {
            "id": "61550755127554",
            "count": 0
        },
        {
            "id": "100051887804034",
            "count": 0
        },
        {
            "id": "100095087079379",
            "count": 0
        },
        {
            "id": "100079869680792",
            "count": 0
        },
        {
            "id": "100088995957881",
            "count": 0
        },
        {
            "id": "100013421860304",
            "count": 0
        },
        {
            "id": "100080797360278",
            "count": 0
        },
        {
            "id": "61550298546845",
            "count": 0
        },
        {
            "id": "100054829322404",
            "count": 0
        },
        {
            "id": "100078178907159",
            "count": 0
        },
        {
            "id": "61550221971598",
            "count": 0
        },
        {
            "id": "100089104537288",
            "count": 3
        },
        {
            "id": "100053430723390",
            "count": 0
        },
        {
            "id": "100069798577753",
            "count": 0
        },
        {
            "id": "100078327976452",
            "count": 3
        },
        {
            "id": "100088926824854",
            "count": 0
        },
        {
            "id": "100067123480488",
            "count": 2
        },
        {
            "id": "61551892406553",
            "count": 0
        },
        {
            "id": "61554263136782",
            "count": 4
        },
        {
            "id": "61550829061947",
            "count": 0
        },
        {
            "id": "100090796917232",
            "count": 0
        },
        {
            "id": "61552491920997",
            "count": 0
        },
        {
            "id": "100069049885770",
            "count": 0
        },
        {
            "id": "100073301618761",
            "count": 0
        },
        {
            "id": "100053761801949",
            "count": 0
        },
        {
            "id": "100078807563864",
            "count": 0
        },
        {
            "id": "100085039714304",
            "count": 0
        },
        {
            "id": "100072973106473",
            "count": 0
        },
        {
            "id": "100080207864089",
            "count": 0
        },
        {
            "id": "100052667290998",
            "count": 0
        },
        {
            "id": "61552905309133",
            "count": 0
        },
        {
            "id": "100083300576356",
            "count": 0
        },
        {
            "id": "100079932969586",
            "count": 0
        },
        {
            "id": "100056423786443",
            "count": 0
        },
        {
            "id": "100067883416173",
            "count": 0
        },
        {
            "id": "100051737825517",
            "count": 0
        },
        {
            "id": "100087103698209",
            "count": 0
        },
        {
            "id": "100092718914976",
            "count": 0
        },
        {
            "id": "100077106194307",
            "count": 16
        },
        {
            "id": "100075216610999",
            "count": 21
        }
    ],
    "week": [
        {
            "id": "100082972663259",
            "count": 0,
            "name": "Người dùng facebook"
        },
        {
            "id": "100077889105480",
            "count": 0,
            "name": "Người dùng facebook"
        },
        {
            "id": "100084314594370",
            "count": 0,
            "name": "Người dùng facebook"
        },
        {
            "id": "100078407751999",
            "count": 0,
            "name": "Người dùng facebook"
        },
        {
            "id": "100079150581390",
            "count": 0,
            "name": "Người dùng facebook"
        },
        {
            "id": "100080447737408",
            "count": 0,
            "name": "Người dùng facebook"
        },
        {
            "id": "61552155471344",
            "count": 0,
            "name": "Người dùng facebook"
        },
        {
            "id": "100053583439911",
            "count": 0,
            "name": "Người dùng facebook"
        },
        {
            "id": "100089713998860",
            "count": 0,
            "name": "Người dùng facebook"
        },
        {
            "id": "61556683451693",
            "count": 0,
            "name": "Người dùng facebook"
        },
        {
            "id": "100032066645606",
            "count": 0,
            "name": "Người dùng facebook"
        },
        {
            "id": "100091247019323",
            "count": 0,
            "name": "Người dùng facebook"
        },
        {
            "id": "100089047225523",
            "count": 0,
            "name": "Người dùng facebook"
        },
        {
            "id": "61557517267441",
            "count": 0,
            "name": "Người dùng facebook"
        },
        {
            "id": "100074939361820",
            "count": 0,
            "name": "Người dùng facebook"
        },
        {
            "id": "100093308674032",
            "count": 0,
            "name": "Người dùng facebook"
        },
        {
            "id": "100086340353226",
            "count": 0,
            "name": "Người dùng facebook"
        },
        {
            "id": "100076436841031",
            "count": 0,
            "name": "Người dùng facebook"
        },
        {
            "id": "61551259383681",
            "count": 0,
            "name": "Người dùng facebook"
        },
        {
            "id": "61556194270177",
            "count": 0,
            "name": "Người dùng facebook"
        },
        {
            "id": "100033563775501",
            "count": 0,
            "name": "Người dùng facebook"
        },
        {
            "id": "61550755127554",
            "count": 0,
            "name": "Người dùng facebook"
        },
        {
            "id": "100051887804034",
            "count": 0,
            "name": "Người dùng facebook"
        },
        {
            "id": "100095087079379",
            "count": 0,
            "name": "Người dùng facebook"
        },
        {
            "id": "100079869680792",
            "count": 0,
            "name": "Người dùng facebook"
        },
        {
            "id": "100088995957881",
            "count": 0,
            "name": "Người dùng facebook"
        },
        {
            "id": "100013421860304",
            "count": 0,
            "name": "Người dùng facebook"
        },
        {
            "id": "100080797360278",
            "count": 0,
            "name": "Người dùng facebook"
        },
        {
            "id": "61550298546845",
            "count": 0,
            "name": "Người dùng facebook"
        },
        {
            "id": "100054829322404",
            "count": 0,
            "name": "Người dùng facebook"
        },
        {
            "id": "100078178907159",
            "count": 0,
            "name": "Người dùng facebook"
        },
        {
            "id": "61550221971598",
            "count": 0,
            "name": "Người dùng facebook"
        },
        {
            "id": "100089104537288",
            "count": 0,
            "name": "Người dùng facebook"
        },
        {
            "id": "100053430723390",
            "count": 0,
            "name": "Người dùng facebook"
        },
        {
            "id": "100069798577753",
            "count": 0,
            "name": "Người dùng facebook"
        },
        {
            "id": "100078327976452",
            "count": 0,
            "name": "Người dùng facebook"
        },
        {
            "id": "100088926824854",
            "count": 0,
            "name": "Người dùng facebook"
        },
        {
            "id": "100067123480488",
            "count": 0,
            "name": "Người dùng facebook"
        },
        {
            "id": "61551892406553",
            "count": 0,
            "name": "Người dùng facebook"
        },
        {
            "id": "61554263136782",
            "count": 0,
            "name": "Người dùng facebook"
        },
        {
            "id": "61550829061947",
            "count": 0,
            "name": "Người dùng facebook"
        },
        {
            "id": "100090796917232",
            "count": 0,
            "name": "Người dùng facebook"
        },
        {
            "id": "61552491920997",
            "count": 0,
            "name": "Người dùng facebook"
        },
        {
            "id": "100069049885770",
            "count": 0,
            "name": "Người dùng facebook"
        },
        {
            "id": "100073301618761",
            "count": 0,
            "name": "Nguyễn Quân"
        },
        {
            "id": "100053761801949",
            "count": 0,
            "name": "Người dùng facebook"
        },
        {
            "id": "100078807563864",
            "count": 0,
            "name": "Người dùng facebook"
        },
        {
            "id": "100085039714304",
            "count": 0,
            "name": "Người dùng facebook"
        },
        {
            "id": "100072973106473",
            "count": 0,
            "name": "Người dùng facebook"
        },
        {
            "id": "100080207864089",
            "count": 0,
            "name": "Người dùng facebook"
        },
        {
            "id": "100052667290998",
            "count": 0,
            "name": "Người dùng facebook"
        },
        {
            "id": "61552905309133",
            "count": 0,
            "name": "Người dùng facebook"
        },
        {
            "id": "100083300576356",
            "count": 0,
            "name": "Người dùng facebook"
        },
        {
            "id": "100079932969586",
            "count": 0,
            "name": "Người dùng facebook"
        },
        {
            "id": "100056423786443",
            "count": 0,
            "name": "Người dùng facebook"
        },
        {
            "id": "100067883416173",
            "count": 0,
            "name": "Người dùng facebook"
        },
        {
            "id": "100051737825517",
            "count": 0,
            "name": "Người dùng facebook"
        },
        {
            "id": "100087103698209",
            "count": 0,
            "name": "Người dùng facebook"
        },
        {
            "id": "100092718914976",
            "count": 0,
            "name": "Người dùng facebook"
        },
        {
            "id": "100077106194307",
            "count": 0,
            "name": "Người dùng facebook"
        },
        {
            "id": "100075216610999",
            "count": 0,
            "name": "Hyouka Granger"
        }
    ],
    "day": [
        {
            "id": "100082972663259",
            "count": 0,
            "name": "Người dùng facebook"
        },
        {
            "id": "100077889105480",
            "count": 0,
            "name": "Người dùng facebook"
        },
        {
            "id": "100084314594370",
            "count": 0,
            "name": "Người dùng facebook"
        },
        {
            "id": "100078407751999",
            "count": 0,
            "name": "Người dùng facebook"
        },
        {
            "id": "100079150581390",
            "count": 0,
            "name": "Người dùng facebook"
        },
        {
            "id": "100080447737408",
            "count": 0,
            "name": "Người dùng facebook"
        },
        {
            "id": "61552155471344",
            "count": 0,
            "name": "Người dùng facebook"
        },
        {
            "id": "100053583439911",
            "count": 0,
            "name": "Người dùng facebook"
        },
        {
            "id": "100089713998860",
            "count": 0,
            "name": "Người dùng facebook"
        },
        {
            "id": "61556683451693",
            "count": 0,
            "name": "Người dùng facebook"
        },
        {
            "id": "100032066645606",
            "count": 0,
            "name": "Người dùng facebook"
        },
        {
            "id": "100091247019323",
            "count": 0,
            "name": "Người dùng facebook"
        },
        {
            "id": "100089047225523",
            "count": 0,
            "name": "Người dùng facebook"
        },
        {
            "id": "61557517267441",
            "count": 0,
            "name": "Người dùng facebook"
        },
        {
            "id": "100074939361820",
            "count": 0,
            "name": "Người dùng facebook"
        },
        {
            "id": "100093308674032",
            "count": 0,
            "name": "Người dùng facebook"
        },
        {
            "id": "100086340353226",
            "count": 0,
            "name": "Người dùng facebook"
        },
        {
            "id": "100076436841031",
            "count": 0,
            "name": "Người dùng facebook"
        },
        {
            "id": "61551259383681",
            "count": 0,
            "name": "Người dùng facebook"
        },
        {
            "id": "61556194270177",
            "count": 0,
            "name": "Người dùng facebook"
        },
        {
            "id": "100033563775501",
            "count": 0,
            "name": "Người dùng facebook"
        },
        {
            "id": "61550755127554",
            "count": 0,
            "name": "Người dùng facebook"
        },
        {
            "id": "100051887804034",
            "count": 0,
            "name": "Người dùng facebook"
        },
        {
            "id": "100095087079379",
            "count": 0,
            "name": "Người dùng facebook"
        },
        {
            "id": "100079869680792",
            "count": 0,
            "name": "Người dùng facebook"
        },
        {
            "id": "100088995957881",
            "count": 0,
            "name": "Người dùng facebook"
        },
        {
            "id": "100013421860304",
            "count": 0,
            "name": "Người dùng facebook"
        },
        {
            "id": "100080797360278",
            "count": 0,
            "name": "Người dùng facebook"
        },
        {
            "id": "61550298546845",
            "count": 0,
            "name": "Người dùng facebook"
        },
        {
            "id": "100054829322404",
            "count": 0,
            "name": "Người dùng facebook"
        },
        {
            "id": "100078178907159",
            "count": 0,
            "name": "Người dùng facebook"
        },
        {
            "id": "61550221971598",
            "count": 0,
            "name": "Người dùng facebook"
        },
        {
            "id": "100089104537288",
            "count": 0,
            "name": "Người dùng facebook"
        },
        {
            "id": "100053430723390",
            "count": 0,
            "name": "Người dùng facebook"
        },
        {
            "id": "100069798577753",
            "count": 0,
            "name": "Người dùng facebook"
        },
        {
            "id": "100078327976452",
            "count": 0,
            "name": "Người dùng facebook"
        },
        {
            "id": "100088926824854",
            "count": 0,
            "name": "Người dùng facebook"
        },
        {
            "id": "100067123480488",
            "count": 0,
            "name": "Người dùng facebook"
        },
        {
            "id": "61551892406553",
            "count": 0,
            "name": "Người dùng facebook"
        },
        {
            "id": "61554263136782",
            "count": 0,
            "name": "Người dùng facebook"
        },
        {
            "id": "61550829061947",
            "count": 0,
            "name": "Người dùng facebook"
        },
        {
            "id": "100090796917232",
            "count": 0,
            "name": "Người dùng facebook"
        },
        {
            "id": "61552491920997",
            "count": 0,
            "name": "Người dùng facebook"
        },
        {
            "id": "100069049885770",
            "count": 0,
            "name": "Người dùng facebook"
        },
        {
            "id": "100073301618761",
            "count": 0,
            "name": "Nguyễn Quân"
        },
        {
            "id": "100053761801949",
            "count": 0,
            "name": "Người dùng facebook"
        },
        {
            "id": "100078807563864",
            "count": 0,
            "name": "Người dùng facebook"
        },
        {
            "id": "100085039714304",
            "count": 0,
            "name": "Người dùng facebook"
        },
        {
            "id": "100072973106473",
            "count": 0,
            "name": "Người dùng facebook"
        },
        {
            "id": "100080207864089",
            "count": 0,
            "name": "Người dùng facebook"
        },
        {
            "id": "100052667290998",
            "count": 0,
            "name": "Người dùng facebook"
        },
        {
            "id": "61552905309133",
            "count": 0,
            "name": "Người dùng facebook"
        },
        {
            "id": "100083300576356",
            "count": 0,
            "name": "Người dùng facebook"
        },
        {
            "id": "100079932969586",
            "count": 0,
            "name": "Người dùng facebook"
        },
        {
            "id": "100056423786443",
            "count": 0,
            "name": "Người dùng facebook"
        },
        {
            "id": "100067883416173",
            "count": 0,
            "name": "Người dùng facebook"
        },
        {
            "id": "100051737825517",
            "count": 0,
            "name": "Người dùng facebook"
        },
        {
            "id": "100087103698209",
            "count": 0,
            "name": "Người dùng facebook"
        },
        {
            "id": "100092718914976",
            "count": 0,
            "name": "Người dùng facebook"
        },
        {
            "id": "100077106194307",
            "count": 0,
            "name": "Người dùng facebook"
        },
        {
            "id": "100075216610999",
            "count": 0,
            "name": "Hyouka Granger"
        }
    ],
    "time": 5,
    "last": {
        "time": 2,
        "day": [
            {
                "id": "100082972663259",
                "count": 0
            },
            {
                "id": "100077889105480",
                "count": 0
            },
            {
                "id": "100084314594370",
                "count": 0
            },
            {
                "id": "100078407751999",
                "count": 0
            },
            {
                "id": "100079150581390",
                "count": 0
            },
            {
                "id": "100080447737408",
                "count": 0
            },
            {
                "id": "100051720468054",
                "count": 0
            },
            {
                "id": "61552155471344",
                "count": 0
            },
            {
                "id": "100053583439911",
                "count": 0
            },
            {
                "id": "100089713998860",
                "count": 0
            },
            {
                "id": "61556683451693",
                "count": 0
            },
            {
                "id": "100032066645606",
                "count": 0
            },
            {
                "id": "100091247019323",
                "count": 0
            },
            {
                "id": "100089047225523",
                "count": 0
            },
            {
                "id": "61557517267441",
                "count": 0
            },
            {
                "id": "100074939361820",
                "count": 0
            },
            {
                "id": "100093308674032",
                "count": 0
            },
            {
                "id": "100086340353226",
                "count": 0
            },
            {
                "id": "100076436841031",
                "count": 0
            },
            {
                "id": "61551259383681",
                "count": 0
            },
            {
                "id": "61556194270177",
                "count": 0
            },
            {
                "id": "100033563775501",
                "count": 0
            },
            {
                "id": "61550755127554",
                "count": 0
            },
            {
                "id": "100094885006539",
                "count": 0
            },
            {
                "id": "100051887804034",
                "count": 0
            },
            {
                "id": "100095087079379",
                "count": 0
            },
            {
                "id": "100079869680792",
                "count": 0
            },
            {
                "id": "100088995957881",
                "count": 0
            },
            {
                "id": "100013421860304",
                "count": 0
            },
            {
                "id": "100080797360278",
                "count": 0
            },
            {
                "id": "61550298546845",
                "count": 0
            },
            {
                "id": "100054829322404",
                "count": 0
            },
            {
                "id": "100078178907159",
                "count": 0
            },
            {
                "id": "61550221971598",
                "count": 0
            },
            {
                "id": "100080809092689",
                "count": 0
            },
            {
                "id": "100089104537288",
                "count": 0
            },
            {
                "id": "100053430723390",
                "count": 0
            },
            {
                "id": "100069798577753",
                "count": 0
            },
            {
                "id": "100078327976452",
                "count": 0
            },
            {
                "id": "100088926824854",
                "count": 0
            },
            {
                "id": "100067123480488",
                "count": 0
            },
            {
                "id": "61551892406553",
                "count": 0
            },
            {
                "id": "61554263136782",
                "count": 0
            },
            {
                "id": "61550829061947",
                "count": 0
            },
            {
                "id": "100090796917232",
                "count": 0
            },
            {
                "id": "61552491920997",
                "count": 0
            },
            {
                "id": "100069049885770",
                "count": 0
            },
            {
                "id": "100073301618761",
                "count": 0
            },
            {
                "id": "100053761801949",
                "count": 0
            },
            {
                "id": "100078807563864",
                "count": 0
            },
            {
                "id": "100085039714304",
                "count": 0
            },
            {
                "id": "100072973106473",
                "count": 0
            },
            {
                "id": "100080207864089",
                "count": 0
            },
            {
                "id": "100052667290998",
                "count": 0
            },
            {
                "id": "61552905309133",
                "count": 0
            },
            {
                "id": "100083300576356",
                "count": 0
            },
            {
                "id": "100079932969586",
                "count": 0
            },
            {
                "id": "100056423786443",
                "count": 0
            },
            {
                "id": "100067883416173",
                "count": 0
            },
            {
                "id": "100051737825517",
                "count": 0
            },
            {
                "id": "100087103698209",
                "count": 0
            },
            {
                "id": "100092718914976",
                "count": 0
            },
            {
                "id": "100077106194307",
                "count": 0
            },
            {
                "id": "100050999371837",
                "count": 0
            },
            {
                "id": "100075216610999",
                "count": 0
            }
        ],
        "week": [
            {
                "id": "100082972663259",
                "count": 0
            },
            {
                "id": "100077889105480",
                "count": 0
            },
            {
                "id": "100084314594370",
                "count": 0
            },
            {
                "id": "100078407751999",
                "count": 0
            },
            {
                "id": "100079150581390",
                "count": 0
            },
            {
                "id": "100080447737408",
                "count": 0
            },
            {
                "id": "100051720468054",
                "count": 0
            },
            {
                "id": "61552155471344",
                "count": 0
            },
            {
                "id": "100053583439911",
                "count": 0
            },
            {
                "id": "100089713998860",
                "count": 0
            },
            {
                "id": "61556683451693",
                "count": 0
            },
            {
                "id": "100032066645606",
                "count": 0
            },
            {
                "id": "100091247019323",
                "count": 0
            },
            {
                "id": "100089047225523",
                "count": 0
            },
            {
                "id": "61557517267441",
                "count": 0
            },
            {
                "id": "100074939361820",
                "count": 0
            },
            {
                "id": "100093308674032",
                "count": 0
            },
            {
                "id": "100086340353226",
                "count": 0
            },
            {
                "id": "100076436841031",
                "count": 0
            },
            {
                "id": "61551259383681",
                "count": 0
            },
            {
                "id": "61556194270177",
                "count": 0
            },
            {
                "id": "100033563775501",
                "count": 0
            },
            {
                "id": "61550755127554",
                "count": 0
            },
            {
                "id": "100094885006539",
                "count": 0
            },
            {
                "id": "100051887804034",
                "count": 0
            },
            {
                "id": "100095087079379",
                "count": 0
            },
            {
                "id": "100079869680792",
                "count": 0
            },
            {
                "id": "100088995957881",
                "count": 0
            },
            {
                "id": "100013421860304",
                "count": 0
            },
            {
                "id": "100080797360278",
                "count": 0
            },
            {
                "id": "61550298546845",
                "count": 0
            },
            {
                "id": "100054829322404",
                "count": 0
            },
            {
                "id": "100078178907159",
                "count": 0
            },
            {
                "id": "61550221971598",
                "count": 0
            },
            {
                "id": "100080809092689",
                "count": 0
            },
            {
                "id": "100089104537288",
                "count": 0
            },
            {
                "id": "100053430723390",
                "count": 0
            },
            {
                "id": "100069798577753",
                "count": 0
            },
            {
                "id": "100078327976452",
                "count": 0
            },
            {
                "id": "100088926824854",
                "count": 0
            },
            {
                "id": "100067123480488",
                "count": 0
            },
            {
                "id": "61551892406553",
                "count": 0
            },
            {
                "id": "61554263136782",
                "count": 0
            },
            {
                "id": "61550829061947",
                "count": 0
            },
            {
                "id": "100090796917232",
                "count": 0
            },
            {
                "id": "61552491920997",
                "count": 0
            },
            {
                "id": "100069049885770",
                "count": 0
            },
            {
                "id": "100073301618761",
                "count": 0
            },
            {
                "id": "100053761801949",
                "count": 0
            },
            {
                "id": "100078807563864",
                "count": 0
            },
            {
                "id": "100085039714304",
                "count": 0
            },
            {
                "id": "100072973106473",
                "count": 0
            },
            {
                "id": "100080207864089",
                "count": 0
            },
            {
                "id": "100052667290998",
                "count": 0
            },
            {
                "id": "61552905309133",
                "count": 0
            },
            {
                "id": "100083300576356",
                "count": 0
            },
            {
                "id": "100079932969586",
                "count": 0
            },
            {
                "id": "100056423786443",
                "count": 0
            },
            {
                "id": "100067883416173",
                "count": 0
            },
            {
                "id": "100051737825517",
                "count": 0
            },
            {
                "id": "100087103698209",
                "count": 0
            },
            {
                "id": "100092718914976",
                "count": 0
            },
            {
                "id": "100077106194307",
                "count": 0
            },
            {
                "id": "100050999371837",
                "count": 0
            },
            {
                "id": "100075216610999",
                "count": 0
            }
        ]
    }
}