{
    "total": [
        {
            "id": "100077348541989",
            "count": 0
        },
        {
            "id": "61552679773776",
            "count": 1018
        },
        {
            "id": "100042627496752",
            "count": 0
        },
        {
            "id": "100058278836085",
            "count": 11
        },
        {
            "id": "61554888044017",
            "count": 9
        },
        {
            "id": "100068050256259",
            "count": 4
        },
        {
            "id": "61550206220508",
            "count": 3
        },
        {
            "id": "100057484451827",
            "count": 16
        },
        {
            "id": "100073791245520",
            "count": 13
        },
        {
            "id": "100094904853725",
            "count": 18
        },
        {
            "id": "100050999371837",
            "count": 13
        },
        {
            "id": "100075216610999",
            "count": 321
        },
        {
            "id": "100073336406035",
            "count": 21
        },
        {
            "id": "61554408885886",
            "count": 0
        },
        {
            "id": "100073306843643",
            "count": 56
        },
        {
            "id": "100080412771686",
            "count": 0
        },
        {
            "id": "100012961690857",
            "count": 104
        },
        {
            "id": "100022140798937",
            "count": 8
        },
        {
            "id": "100050146187351",
            "count": 5
        },
        {
            "id": "100085763492811",
            "count": 51
        },
        {
            "id": "100048294979271",
            "count": 0
        },
        {
            "id": "100080147147298",
            "count": 13
        },
        {
            "id": "100083381283584",
            "count": 5
        },
        {
            "id": "100083036511370",
            "count": 23
        },
        {
            "id": "100041210348707",
            "count": 9
        },
        {
            "id": "100081529826671",
            "count": 10
        },
        {
            "id": "61557648296952",
            "count": 0
        },
        {
            "id": "100067973773200",
            "count": 75
        },
        {
            "id": "100049986892612",
            "count": 95
        },
        {
            "id": "61557412678891",
            "count": 115
        },
        {
            "id": "100060734622133",
            "count": 15
        }
    ],
    "week": [
        {
            "id": "100077348541989",
            "count": 0,
            "name": "Người dùng facebook"
        },
        {
            "id": "61552679773776",
            "count": 0,
            "name": "Người dùng facebook"
        },
        {
            "id": "100042627496752",
            "count": 0,
            "name": "Người dùng facebook"
        },
        {
            "id": "100058278836085",
            "count": 0,
            "name": "Người dùng facebook"
        },
        {
            "id": "61554888044017",
            "count": 0,
            "name": "Người dùng facebook"
        },
        {
            "id": "100068050256259",
            "count": 0,
            "name": "Người dùng facebook"
        },
        {
            "id": "61550206220508",
            "count": 0,
            "name": "Người dùng facebook"
        },
        {
            "id": "100057484451827",
            "count": 0,
            "name": "Người dùng facebook"
        },
        {
            "id": "100073791245520",
            "count": 0,
            "name": "Người dùng facebook"
        },
        {
            "id": "100094904853725",
            "count": 0,
            "name": "Người dùng facebook"
        },
        {
            "id": "100050999371837",
            "count": 0,
            "name": "Tiến Nguyễn"
        },
        {
            "id": "100075216610999",
            "count": 0,
            "name": "Hyouka Granger"
        },
        {
            "id": "100073336406035",
            "count": 0,
            "name": "Người dùng facebook"
        },
        {
            "id": "61554408885886",
            "count": 0,
            "name": "Người dùng facebook"
        },
        {
            "id": "100073306843643",
            "count": 0,
            "name": "Người dùng facebook"
        },
        {
            "id": "100080412771686",
            "count": 0,
            "name": "Người dùng facebook"
        },
        {
            "id": "100012961690857",
            "count": 0,
            "name": "Người dùng facebook"
        },
        {
            "id": "100022140798937",
            "count": 0,
            "name": "Người dùng facebook"
        },
        {
            "id": "100050146187351",
            "count": 0,
            "name": "Người dùng facebook"
        },
        {
            "id": "100085763492811",
            "count": 0,
            "name": "Người dùng facebook"
        },
        {
            "id": "100048294979271",
            "count": 0,
            "name": "Người dùng facebook"
        },
        {
            "id": "100080147147298",
            "count": 0,
            "name": "Người dùng facebook"
        },
        {
            "id": "100083381283584",
            "count": 0,
            "name": "Người dùng facebook"
        },
        {
            "id": "100083036511370",
            "count": 0,
            "name": "Người dùng facebook"
        },
        {
            "id": "100041210348707",
            "count": 0,
            "name": "Người dùng facebook"
        },
        {
            "id": "100081529826671",
            "count": 0,
            "name": "Người dùng facebook"
        },
        {
            "id": "61557648296952",
            "count": 0,
            "name": "Người dùng facebook"
        },
        {
            "id": "100067973773200",
            "count": 0,
            "name": "Người dùng facebook"
        },
        {
            "id": "100049986892612",
            "count": 0,
            "name": "Người dùng facebook"
        },
        {
            "id": "61557412678891",
            "count": 0,
            "name": "Người dùng facebook"
        },
        {
            "id": "100060734622133",
            "count": 0,
            "name": "Người dùng facebook"
        }
    ],
    "day": [
        {
            "id": "100077348541989",
            "count": 0,
            "name": "Người dùng facebook"
        },
        {
            "id": "61552679773776",
            "count": 0,
            "name": "Người dùng facebook"
        },
        {
            "id": "100042627496752",
            "count": 0,
            "name": "Người dùng facebook"
        },
        {
            "id": "100058278836085",
            "count": 0,
            "name": "Người dùng facebook"
        },
        {
            "id": "61554888044017",
            "count": 0,
            "name": "Người dùng facebook"
        },
        {
            "id": "100068050256259",
            "count": 0,
            "name": "Người dùng facebook"
        },
        {
            "id": "61550206220508",
            "count": 0,
            "name": "Người dùng facebook"
        },
        {
            "id": "100057484451827",
            "count": 0,
            "name": "Người dùng facebook"
        },
        {
            "id": "100073791245520",
            "count": 0,
            "name": "Người dùng facebook"
        },
        {
            "id": "100094904853725",
            "count": 0,
            "name": "Người dùng facebook"
        },
        {
            "id": "100050999371837",
            "count": 0,
            "name": "Tiến Nguyễn"
        },
        {
            "id": "100075216610999",
            "count": 0,
            "name": "Hyouka Granger"
        },
        {
            "id": "100073336406035",
            "count": 0,
            "name": "Người dùng facebook"
        },
        {
            "id": "61554408885886",
            "count": 0,
            "name": "Người dùng facebook"
        },
        {
            "id": "100073306843643",
            "count": 0,
            "name": "Người dùng facebook"
        },
        {
            "id": "100080412771686",
            "count": 0,
            "name": "Người dùng facebook"
        },
        {
            "id": "100012961690857",
            "count": 0,
            "name": "Người dùng facebook"
        },
        {
            "id": "100022140798937",
            "count": 0,
            "name": "Người dùng facebook"
        },
        {
            "id": "100050146187351",
            "count": 0,
            "name": "Người dùng facebook"
        },
        {
            "id": "100085763492811",
            "count": 0,
            "name": "Người dùng facebook"
        },
        {
            "id": "100048294979271",
            "count": 0,
            "name": "Người dùng facebook"
        },
        {
            "id": "100080147147298",
            "count": 0,
            "name": "Người dùng facebook"
        },
        {
            "id": "100083381283584",
            "count": 0,
            "name": "Người dùng facebook"
        },
        {
            "id": "100083036511370",
            "count": 0,
            "name": "Người dùng facebook"
        },
        {
            "id": "100041210348707",
            "count": 0,
            "name": "Người dùng facebook"
        },
        {
            "id": "100081529826671",
            "count": 0,
            "name": "Người dùng facebook"
        },
        {
            "id": "61557648296952",
            "count": 0,
            "name": "Người dùng facebook"
        },
        {
            "id": "100067973773200",
            "count": 0,
            "name": "Người dùng facebook"
        },
        {
            "id": "100049986892612",
            "count": 0,
            "name": "Người dùng facebook"
        },
        {
            "id": "61557412678891",
            "count": 0,
            "name": "Người dùng facebook"
        },
        {
            "id": "100060734622133",
            "count": 0,
            "name": "Người dùng facebook"
        }
    ],
    "time": 5,
    "last": {
        "time": 4,
        "day": [
            {
                "id": "100058100096967",
                "count": 0
            },
            {
                "id": "100075243442421",
                "count": 0
            },
            {
                "id": "100077348541989",
                "count": 0
            },
            {
                "id": "61552679773776",
                "count": 0
            },
            {
                "id": "100042627496752",
                "count": 0
            },
            {
                "id": "100090797366631",
                "count": 0
            },
            {
                "id": "100063135513398",
                "count": 0
            },
            {
                "id": "100058278836085",
                "count": 0
            },
            {
                "id": "61554888044017",
                "count": 0
            },
            {
                "id": "100068050256259",
                "count": 0
            },
            {
                "id": "61552166910515",
                "count": 0
            },
            {
                "id": "61550206220508",
                "count": 0
            },
            {
                "id": "100019469432606",
                "count": 0
            },
            {
                "id": "100057484451827",
                "count": 0
            },
            {
                "id": "100073791245520",
                "count": 0
            },
            {
                "id": "100094904853725",
                "count": 0
            },
            {
                "id": "100050999371837",
                "count": 0
            },
            {
                "id": "100075216610999",
                "count": 0
            },
            {
                "id": "61555471856586",
                "count": 0
            },
            {
                "id": "61555002254173",
                "count": 0
            },
            {
                "id": "100073336406035",
                "count": 0
            },
            {
                "id": "61554408885886",
                "count": 0
            },
            {
                "id": "100092164085989",
                "count": 0
            },
            {
                "id": "100055047669308",
                "count": 0
            },
            {
                "id": "100073306843643",
                "count": 0
            },
            {
                "id": "100080412771686",
                "count": 0
            },
            {
                "id": "100012208212528",
                "count": 0
            },
            {
                "id": "100090567047218",
                "count": 0
            },
            {
                "id": "100012961690857",
                "count": 0
            },
            {
                "id": "100039507752627",
                "count": 0
            },
            {
                "id": "100055439826059",
                "count": 0
            },
            {
                "id": "100086648134386",
                "count": 0
            },
            {
                "id": "100037474110257",
                "count": 0
            },
            {
                "id": "100082624370767",
                "count": 0
            },
            {
                "id": "100062866210587",
                "count": 0
            },
            {
                "id": "100022140798937",
                "count": 0
            },
            {
                "id": "100083751661567",
                "count": 0
            },
            {
                "id": "100050146187351",
                "count": 0
            },
            {
                "id": "100071792271085",
                "count": 0
            },
            {
                "id": "100085763492811",
                "count": 0
            },
            {
                "id": "100055882728202",
                "count": 0
            },
            {
                "id": "61554475066991",
                "count": 0
            },
            {
                "id": "100080456742520",
                "count": 0
            },
            {
                "id": "100048294979271",
                "count": 0
            },
            {
                "id": "100080147147298",
                "count": 0
            },
            {
                "id": "100083381283584",
                "count": 0
            },
            {
                "id": "100083036511370",
                "count": 0
            },
            {
                "id": "100037253342446",
                "count": 0
            },
            {
                "id": "100041210348707",
                "count": 0
            },
            {
                "id": "100081529826671",
                "count": 0
            },
            {
                "id": "61557648296952",
                "count": 0
            },
            {
                "id": "100067973773200",
                "count": 0
            },
            {
                "id": "100067395366066",
                "count": 0
            },
            {
                "id": "100049986892612",
                "count": 0
            },
            {
                "id": "61557412678891",
                "count": 0
            },
            {
                "id": "100076714945107",
                "count": 0
            },
            {
                "id": "100060734622133",
                "count": 0
            }
        ],
        "week": [
            {
                "id": "100058100096967",
                "count": 0
            },
            {
                "id": "100075243442421",
                "count": 0
            },
            {
                "id": "100077348541989",
                "count": 0
            },
            {
                "id": "61552679773776",
                "count": 0
            },
            {
                "id": "100042627496752",
                "count": 0
            },
            {
                "id": "100090797366631",
                "count": 0
            },
            {
                "id": "100063135513398",
                "count": 0
            },
            {
                "id": "100058278836085",
                "count": 0
            },
            {
                "id": "61554888044017",
                "count": 0
            },
            {
                "id": "100068050256259",
                "count": 0
            },
            {
                "id": "61552166910515",
                "count": 0
            },
            {
                "id": "61550206220508",
                "count": 0
            },
            {
                "id": "100019469432606",
                "count": 0
            },
            {
                "id": "100057484451827",
                "count": 0
            },
            {
                "id": "100073791245520",
                "count": 0
            },
            {
                "id": "100094904853725",
                "count": 0
            },
            {
                "id": "100050999371837",
                "count": 0
            },
            {
                "id": "100075216610999",
                "count": 0
            },
            {
                "id": "61555471856586",
                "count": 0
            },
            {
                "id": "61555002254173",
                "count": 0
            },
            {
                "id": "100073336406035",
                "count": 0
            },
            {
                "id": "61554408885886",
                "count": 0
            },
            {
                "id": "100092164085989",
                "count": 0
            },
            {
                "id": "100055047669308",
                "count": 0
            },
            {
                "id": "100073306843643",
                "count": 0
            },
            {
                "id": "100080412771686",
                "count": 0
            },
            {
                "id": "100012208212528",
                "count": 0
            },
            {
                "id": "100090567047218",
                "count": 0
            },
            {
                "id": "100012961690857",
                "count": 0
            },
            {
                "id": "100039507752627",
                "count": 0
            },
            {
                "id": "100055439826059",
                "count": 0
            },
            {
                "id": "100086648134386",
                "count": 0
            },
            {
                "id": "100037474110257",
                "count": 0
            },
            {
                "id": "100082624370767",
                "count": 0
            },
            {
                "id": "100062866210587",
                "count": 0
            },
            {
                "id": "100022140798937",
                "count": 0
            },
            {
                "id": "100083751661567",
                "count": 0
            },
            {
                "id": "100050146187351",
                "count": 0
            },
            {
                "id": "100071792271085",
                "count": 0
            },
            {
                "id": "100085763492811",
                "count": 0
            },
            {
                "id": "100055882728202",
                "count": 0
            },
            {
                "id": "61554475066991",
                "count": 0
            },
            {
                "id": "100080456742520",
                "count": 0
            },
            {
                "id": "100048294979271",
                "count": 0
            },
            {
                "id": "100080147147298",
                "count": 0
            },
            {
                "id": "100083381283584",
                "count": 0
            },
            {
                "id": "100083036511370",
                "count": 0
            },
            {
                "id": "100037253342446",
                "count": 0
            },
            {
                "id": "100041210348707",
                "count": 0
            },
            {
                "id": "100081529826671",
                "count": 0
            },
            {
                "id": "61557648296952",
                "count": 0
            },
            {
                "id": "100067973773200",
                "count": 0
            },
            {
                "id": "100067395366066",
                "count": 0
            },
            {
                "id": "100049986892612",
                "count": 0
            },
            {
                "id": "61557412678891",
                "count": 0
            },
            {
                "id": "100076714945107",
                "count": 0
            },
            {
                "id": "100060734622133",
                "count": 0
            }
        ]
    }
}