{
    "total": [
        {
            "id": "100083314216887",
            "count": 828
        },
        {
            "id": "100081424333467",
            "count": 81
        },
        {
            "id": "100080617342230",
            "count": 246
        },
        {
            "id": "100089265401822",
            "count": 767
        },
        {
            "id": "100091953310802",
            "count": 876
        },
        {
            "id": "61555638277238",
            "count": 157
        },
        {
            "id": "100056226001899",
            "count": 0
        },
        {
            "id": "100061499814864",
            "count": 22
        },
        {
            "id": "100071918821632",
            "count": 7
        },
        {
            "id": "100078536965147",
            "count": 159
        },
        {
            "id": "100050999371837",
            "count": 40
        },
        {
            "id": "100075216610999",
            "count": 660
        },
        {
            "id": "100013256493555",
            "count": 1
        },
        {
            "id": "100089934937262",
            "count": 25
        },
        {
            "id": "100091833428308",
            "count": 110
        },
        {
            "id": "100091430894463",
            "count": 1
        },
        {
            "id": "100094588531160",
            "count": 790
        },
        {
            "id": "100065384807784",
            "count": 121
        },
        {
            "id": "61552315030389",
            "count": 0
        },
        {
            "id": "100064625588566",
            "count": 7
        },
        {
            "id": "100094058647720",
            "count": 0
        },
        {
            "id": "100061125116849",
            "count": 3
        },
        {
            "id": "100063651026830",
            "count": 29
        },
        {
            "id": "100089620394832",
            "count": 36
        },
        {
            "id": "100082595671125",
            "count": 12
        },
        {
            "id": "61554873607339",
            "count": 6
        },
        {
            "id": "100029279880584",
            "count": 0
        },
        {
            "id": "100053002029926",
            "count": 0
        },
        {
            "id": "100013506736217",
            "count": 8
        },
        {
            "id": "100075874962044",
            "count": 8
        },
        {
            "id": "100072443782562",
            "count": 37
        },
        {
            "id": "100086236721304",
            "count": 0
        },
        {
            "id": "100049807365863",
            "count": 4
        },
        {
            "id": "61551373795685",
            "count": 12
        }
    ],
    "week": [
        {
            "id": "100083314216887",
            "count": 0,
            "name": "Người dùng facebook"
        },
        {
            "id": "100081424333467",
            "count": 0,
            "name": "Người dùng facebook"
        },
        {
            "id": "100080617342230",
            "count": 0,
            "name": "Người dùng facebook"
        },
        {
            "id": "100089265401822",
            "count": 0,
            "name": "Người dùng facebook"
        },
        {
            "id": "100091953310802",
            "count": 0,
            "name": "Người dùng facebook"
        },
        {
            "id": "61555638277238",
            "count": 0,
            "name": "Người dùng facebook"
        },
        {
            "id": "100056226001899",
            "count": 0,
            "name": "Người dùng facebook"
        },
        {
            "id": "100061499814864",
            "count": 0,
            "name": "Người dùng facebook"
        },
        {
            "id": "100071918821632",
            "count": 0,
            "name": "Người dùng facebook"
        },
        {
            "id": "100078536965147",
            "count": 0,
            "name": "Người dùng facebook"
        },
        {
            "id": "100050999371837",
            "count": 0,
            "name": "Tiến Nguyễn"
        },
        {
            "id": "100075216610999",
            "count": 0,
            "name": "Hyouka Granger"
        },
        {
            "id": "100013256493555",
            "count": 0,
            "name": "Người dùng facebook"
        },
        {
            "id": "100089934937262",
            "count": 0,
            "name": "Người dùng facebook"
        },
        {
            "id": "100091833428308",
            "count": 0,
            "name": "Người dùng facebook"
        },
        {
            "id": "100091430894463",
            "count": 0,
            "name": "Người dùng facebook"
        },
        {
            "id": "100094588531160",
            "count": 0,
            "name": "Người dùng facebook"
        },
        {
            "id": "100065384807784",
            "count": 0,
            "name": "Người dùng facebook"
        },
        {
            "id": "61552315030389",
            "count": 0,
            "name": "Người dùng facebook"
        },
        {
            "id": "100064625588566",
            "count": 0,
            "name": "Người dùng facebook"
        },
        {
            "id": "100094058647720",
            "count": 0,
            "name": "Người dùng facebook"
        },
        {
            "id": "100061125116849",
            "count": 0,
            "name": "Người dùng facebook"
        },
        {
            "id": "100063651026830",
            "count": 0,
            "name": "Người dùng facebook"
        },
        {
            "id": "100089620394832",
            "count": 0,
            "name": "Người dùng facebook"
        },
        {
            "id": "100082595671125",
            "count": 0,
            "name": "Người dùng facebook"
        },
        {
            "id": "61554873607339",
            "count": 0,
            "name": "Người dùng facebook"
        },
        {
            "id": "100029279880584",
            "count": 0,
            "name": "Người dùng facebook"
        },
        {
            "id": "100053002029926",
            "count": 0,
            "name": "Người dùng facebook"
        },
        {
            "id": "100013506736217",
            "count": 0,
            "name": "Người dùng facebook"
        },
        {
            "id": "100075874962044",
            "count": 0,
            "name": "Người dùng facebook"
        },
        {
            "id": "100072443782562",
            "count": 0,
            "name": "Người dùng facebook"
        },
        {
            "id": "100086236721304",
            "count": 0,
            "name": "Người dùng facebook"
        },
        {
            "id": "100049807365863",
            "count": 0,
            "name": "Người dùng facebook"
        },
        {
            "id": "61551373795685",
            "count": 0,
            "name": "Người dùng facebook"
        }
    ],
    "day": [
        {
            "id": "100083314216887",
            "count": 0,
            "name": "Người dùng facebook"
        },
        {
            "id": "100081424333467",
            "count": 0,
            "name": "Người dùng facebook"
        },
        {
            "id": "100080617342230",
            "count": 0,
            "name": "Người dùng facebook"
        },
        {
            "id": "100089265401822",
            "count": 0,
            "name": "Người dùng facebook"
        },
        {
            "id": "100091953310802",
            "count": 0,
            "name": "Người dùng facebook"
        },
        {
            "id": "61555638277238",
            "count": 0,
            "name": "Người dùng facebook"
        },
        {
            "id": "100056226001899",
            "count": 0,
            "name": "Người dùng facebook"
        },
        {
            "id": "100061499814864",
            "count": 0,
            "name": "Người dùng facebook"
        },
        {
            "id": "100071918821632",
            "count": 0,
            "name": "Người dùng facebook"
        },
        {
            "id": "100078536965147",
            "count": 0,
            "name": "Người dùng facebook"
        },
        {
            "id": "100050999371837",
            "count": 0,
            "name": "Tiến Nguyễn"
        },
        {
            "id": "100075216610999",
            "count": 0,
            "name": "Hyouka Granger"
        },
        {
            "id": "100013256493555",
            "count": 0,
            "name": "Người dùng facebook"
        },
        {
            "id": "100089934937262",
            "count": 0,
            "name": "Người dùng facebook"
        },
        {
            "id": "100091833428308",
            "count": 0,
            "name": "Người dùng facebook"
        },
        {
            "id": "100091430894463",
            "count": 0,
            "name": "Người dùng facebook"
        },
        {
            "id": "100094588531160",
            "count": 0,
            "name": "Người dùng facebook"
        },
        {
            "id": "100065384807784",
            "count": 0,
            "name": "Người dùng facebook"
        },
        {
            "id": "61552315030389",
            "count": 0,
            "name": "Người dùng facebook"
        },
        {
            "id": "100064625588566",
            "count": 0,
            "name": "Người dùng facebook"
        },
        {
            "id": "100094058647720",
            "count": 0,
            "name": "Người dùng facebook"
        },
        {
            "id": "100061125116849",
            "count": 0,
            "name": "Người dùng facebook"
        },
        {
            "id": "100063651026830",
            "count": 0,
            "name": "Người dùng facebook"
        },
        {
            "id": "100089620394832",
            "count": 0,
            "name": "Người dùng facebook"
        },
        {
            "id": "100082595671125",
            "count": 0,
            "name": "Người dùng facebook"
        },
        {
            "id": "61554873607339",
            "count": 0,
            "name": "Người dùng facebook"
        },
        {
            "id": "100029279880584",
            "count": 0,
            "name": "Người dùng facebook"
        },
        {
            "id": "100053002029926",
            "count": 0,
            "name": "Người dùng facebook"
        },
        {
            "id": "100013506736217",
            "count": 0,
            "name": "Người dùng facebook"
        },
        {
            "id": "100075874962044",
            "count": 0,
            "name": "Người dùng facebook"
        },
        {
            "id": "100072443782562",
            "count": 0,
            "name": "Người dùng facebook"
        },
        {
            "id": "100086236721304",
            "count": 0,
            "name": "Người dùng facebook"
        },
        {
            "id": "100049807365863",
            "count": 0,
            "name": "Người dùng facebook"
        },
        {
            "id": "61551373795685",
            "count": 0,
            "name": "Người dùng facebook"
        }
    ],
    "time": 5,
    "last": {
        "time": 4,
        "day": [
            {
                "id": "100083314216887",
                "count": 0
            },
            {
                "id": "100085015917051",
                "count": 0
            },
            {
                "id": "100094588531160",
                "count": 0
            },
            {
                "id": "100081424333467",
                "count": 0
            },
            {
                "id": "100080617342230",
                "count": 0
            },
            {
                "id": "100089265401822",
                "count": 0
            },
            {
                "id": "100089934937262",
                "count": 0
            },
            {
                "id": "100091953310802",
                "count": 0
            },
            {
                "id": "61555638277238",
                "count": 0
            },
            {
                "id": "100073281174525",
                "count": 0
            },
            {
                "id": "100065384807784",
                "count": 0
            },
            {
                "id": "100056226001899",
                "count": 0
            },
            {
                "id": "100076422308705",
                "count": 0
            },
            {
                "id": "100061499814864",
                "count": 0
            },
            {
                "id": "100091430894463",
                "count": 0
            },
            {
                "id": "100018879849949",
                "count": 0
            },
            {
                "id": "100071918821632",
                "count": 0
            },
            {
                "id": "100078536965147",
                "count": 0
            },
            {
                "id": "100050999371837",
                "count": 0
            },
            {
                "id": "100075216610999",
                "count": 0
            },
            {
                "id": "100064625588566",
                "count": 0
            },
            {
                "id": "100013256493555",
                "count": 0
            },
            {
                "id": "61556330742425",
                "count": 0
            },
            {
                "id": "100091833428308",
                "count": 0
            },
            {
                "id": "61554873607339",
                "count": 0
            },
            {
                "id": "100047770036439",
                "count": 0
            },
            {
                "id": "100074626518116",
                "count": 0
            },
            {
                "id": "100054044019160",
                "count": 0
            },
            {
                "id": "61552315030389",
                "count": 0
            },
            {
                "id": "100094058647720",
                "count": 0
            },
            {
                "id": "100061125116849",
                "count": 0
            },
            {
                "id": "100086469716469",
                "count": 0
            },
            {
                "id": "100063651026830",
                "count": 0
            },
            {
                "id": "100086236721304",
                "count": 0
            },
            {
                "id": "100089620394832",
                "count": 0
            },
            {
                "id": "100082595671125",
                "count": 0
            },
            {
                "id": "100029279880584",
                "count": 0
            },
            {
                "id": "100053002029926",
                "count": 0
            },
            {
                "id": "100013506736217",
                "count": 0
            },
            {
                "id": "100075874962044",
                "count": 0
            },
            {
                "id": "100072443782562",
                "count": 0
            },
            {
                "id": "100055532187503",
                "count": 0
            },
            {
                "id": "100049807365863",
                "count": 0
            },
            {
                "id": "61551373795685",
                "count": 0
            }
        ],
        "week": [
            {
                "id": "100083314216887",
                "count": 0
            },
            {
                "id": "100085015917051",
                "count": 0
            },
            {
                "id": "100094588531160",
                "count": 0
            },
            {
                "id": "100081424333467",
                "count": 0
            },
            {
                "id": "100080617342230",
                "count": 0
            },
            {
                "id": "100089265401822",
                "count": 0
            },
            {
                "id": "100089934937262",
                "count": 0
            },
            {
                "id": "100091953310802",
                "count": 0
            },
            {
                "id": "61555638277238",
                "count": 0
            },
            {
                "id": "100073281174525",
                "count": 0
            },
            {
                "id": "100065384807784",
                "count": 0
            },
            {
                "id": "100056226001899",
                "count": 0
            },
            {
                "id": "100076422308705",
                "count": 0
            },
            {
                "id": "100061499814864",
                "count": 0
            },
            {
                "id": "100091430894463",
                "count": 0
            },
            {
                "id": "100018879849949",
                "count": 0
            },
            {
                "id": "100071918821632",
                "count": 0
            },
            {
                "id": "100078536965147",
                "count": 0
            },
            {
                "id": "100050999371837",
                "count": 0
            },
            {
                "id": "100075216610999",
                "count": 0
            },
            {
                "id": "100064625588566",
                "count": 0
            },
            {
                "id": "100013256493555",
                "count": 0
            },
            {
                "id": "61556330742425",
                "count": 0
            },
            {
                "id": "100091833428308",
                "count": 0
            },
            {
                "id": "61554873607339",
                "count": 0
            },
            {
                "id": "100047770036439",
                "count": 0
            },
            {
                "id": "100074626518116",
                "count": 0
            },
            {
                "id": "100054044019160",
                "count": 0
            },
            {
                "id": "61552315030389",
                "count": 0
            },
            {
                "id": "100094058647720",
                "count": 0
            },
            {
                "id": "100061125116849",
                "count": 0
            },
            {
                "id": "100086469716469",
                "count": 0
            },
            {
                "id": "100063651026830",
                "count": 0
            },
            {
                "id": "100086236721304",
                "count": 0
            },
            {
                "id": "100089620394832",
                "count": 0
            },
            {
                "id": "100082595671125",
                "count": 0
            },
            {
                "id": "100029279880584",
                "count": 0
            },
            {
                "id": "100053002029926",
                "count": 0
            },
            {
                "id": "100013506736217",
                "count": 0
            },
            {
                "id": "100075874962044",
                "count": 0
            },
            {
                "id": "100072443782562",
                "count": 0
            },
            {
                "id": "100055532187503",
                "count": 0
            },
            {
                "id": "100049807365863",
                "count": 0
            },
            {
                "id": "61551373795685",
                "count": 0
            }
        ]
    }
}