[
    {
        "threadID": "25547002904898043",
        "listRule": [
            "181918"
        ]
    },
    {
        "threadID": "6368402966620903",
        "listRule": [
            "19199"
        ]
    },
    {
        "threadID": "6988543397941443",
        "listRule": [
            "🔰 𝐋𝐮𝐚̣̂𝐭 𝐁𝐨𝐱: ",
            "📌𝐒𝐞𝐭 𝐛𝐢𝐞̣̂𝐭 𝐝𝐚𝐧𝐡 𝐭𝐡𝐞𝐨 𝐛𝐨𝐱",
            "📌𝐂𝐡𝐚̆𝐦 𝐭𝐭 𝐛𝐨𝐱",
            "📌𝐇𝐚̣𝐧 𝐜𝐡𝐞̂́ 𝐭𝐮̣𝐜 ",
            "📌𝐇𝐚̣𝐧 𝐜𝐡𝐞̂́ 𝐭𝐚𝐠 𝐚𝐥𝐥",
            "📌𝐊𝐡𝐨̂𝐧𝐠 𝐰𝐚𝐫 , 𝐬𝐩𝐚𝐦 𝐭𝐫𝐨𝐧𝐠 𝐛𝐨𝐱",
            "📌𝐊𝐡𝐨̂𝐧𝐠 𝐜𝐚𝐩 𝐚̉𝐧𝐡 𝐬𝐨𝐥𝐨 𝐯𝐚̀𝐨 𝐛𝐨𝐱",
            "🔰 𝐋𝐮𝐚̣̂𝐭 𝐁𝐨𝐱: ",
            "📌𝐒𝐞𝐭 𝐛𝐢𝐞̣̂𝐭 𝐝𝐚𝐧𝐡 𝐭𝐡𝐞𝐨 𝐛𝐨𝐱",
            "📌𝐂𝐡𝐚̆𝐦 𝐭𝐭 𝐛𝐨𝐱",
            "📌𝐇𝐚̣𝐧 𝐜𝐡𝐞̂́ 𝐭𝐮̣𝐜 ",
            "📌𝐇𝐚̣𝐧 𝐜𝐡𝐞̂́ 𝐭𝐚𝐠 𝐚𝐥𝐥",
            "📌𝐊𝐡𝐨̂𝐧𝐠 𝐰𝐚𝐫 , 𝐬𝐩𝐚𝐦 𝐭𝐫𝐨𝐧𝐠 𝐛𝐨𝐱",
            "📌𝐊𝐡𝐨̂𝐧𝐠 𝐜𝐚𝐩 𝐚̉𝐧𝐡 𝐬𝐨𝐥𝐨 𝐯𝐚̀𝐨 𝐛𝐨𝐱"
        ]
    },
    {
        "threadID": "7322930257753506",
        "listRule": [
            "🔰 𝐋𝐮𝐚̣̂𝐭 𝐁𝐨𝐱: ",
            "📌𝐒𝐞𝐭 𝐛𝐢𝐞̣̂𝐭 𝐝𝐚𝐧𝐡 𝐭𝐡𝐞𝐨 𝐛𝐨𝐱",
            "📌𝐂𝐡𝐚̆𝐦 𝐭𝐭 𝐛𝐨𝐱",
            "📌𝐇𝐚̣𝐧 𝐜𝐡𝐞̂́ 𝐭𝐮̣𝐜 ",
            "📌𝐇𝐚̣𝐧 𝐜𝐡𝐞̂́ 𝐭𝐚𝐠 𝐚𝐥𝐥",
            "📌𝐊𝐡𝐨̂𝐧𝐠 𝐰𝐚𝐫 , 𝐬𝐩𝐚𝐦 𝐭𝐫𝐨𝐧𝐠 𝐛𝐨𝐱",
            "📌𝐊𝐡𝐨̂𝐧𝐠 𝐜𝐚𝐩 𝐚̉𝐧𝐡 𝐬𝐨𝐥𝐨 𝐯𝐚̀𝐨 𝐛𝐨𝐱"
        ]
    },
    {
        "threadID": "7580821378665834",
        "listRule": [
            "🔰 𝐋𝐮𝐚̣̂𝐭 𝐁𝐨𝐱: ",
            "📌𝐒𝐞𝐭 𝐛𝐢𝐞̣̂𝐭 𝐝𝐚𝐧𝐡 𝐭𝐡𝐞𝐨 𝐛𝐨𝐱",
            "📌𝐂𝐡𝐚̆𝐦 𝐭𝐭 𝐛𝐨𝐱",
            "📌𝐇𝐚̣𝐧 𝐜𝐡𝐞̂́ 𝐭𝐮̣𝐜 ",
            "📌𝐇𝐚̣𝐧 𝐜𝐡𝐞̂́ 𝐭𝐚𝐠 𝐚𝐥𝐥",
            "📌𝐊𝐡𝐨̂𝐧𝐠 𝐰𝐚𝐫 , 𝐬𝐩𝐚𝐦 𝐭𝐫𝐨𝐧𝐠 𝐛𝐨𝐱",
            "📌𝐊𝐡𝐨̂𝐧𝐠 𝐜𝐚𝐩 𝐚̉𝐧𝐡 𝐬𝐨𝐥𝐨 𝐯𝐚̀𝐨 𝐛𝐨𝐱"
        ]
    }
]